DELETE FROM `creature_template_addon` WHERE `entry` IN (133165 /*133165 (Рекс)*/, 132355 /*132355 (Рэймонд Милденхолл)*/, 134013 /*134013 (Сэм Робинсон) - Encased in Honey*/, 132341 /*132341 (Мать улья)*/, 132292 /*132292 (Рэймонд Милденхолл)*/, 134519 /*134519 (Королевский стражник)*/, 133907 /*133907 (Ансель Милденхолл)*/, 131861 /*131861 (Медовище) - Gluttonous Honey Slime Credit Pulse*/, 134264 /*134264 (Грустный мул)*/, 134267 /*134267 (Свинья)*/, 134262 /*134262 (Медовый медведь)*/, 134136 /*134136 (Нестабильный мед)*/, 134129 /*134129 (Нагорный кролик)*/, 134263 /*134263 (Тигр)*/, 134281 /*134281 (Охотник Робин)*/, 134447 /*134447 (Пропавший работник фермы)*/, 134639 /*134639 (Брат Пайк) - Rising Tide*/, 134641 /*134641 (Сэмюэл Уильямс) - Set Health % (Uses Override Points) (No Health Regen)*/, 134751 /*134751 (Брат Пайк)*/, 134642 /*134642 (Брат Пайк)*/, 134674 /*134674 (Брат Пайк)*/, 141162 /*141162 (Стремительный поток)*/, 129993 /*129993 (Подчиненный шквал)*/, 131820 /*131820 (Поднимающийся прилив)*/, 132173 /*132173 (Брат Пайк) - Interactible*/, 132611 /*132611 (Лейсон Идс) - Tidal Wakening*/, 132168 /*132168 (Говорящий с волнами Рид) - Void Form*/, 132612 /*132612 (Джон Идс) - Tidal Wakening*/, 132613 /*132613 (Эрик Идс) - Tidal Wakening*/, 132171 /*132171 (Быстрина)*/, 139938 /*139938 (Живая капля)*/, 112996 /*112996 (Raging Tempest) - Raging Tempest*/, 132282 /*132282 (Главный архитектор Уилсон) - Cannon Blast, Permanent Feign Death (NO Stun, Untrackable, Immune)*/, 132017 /*132017 (Ансель Милденхолл)*/, 136163 /*136163 (Шакрамы)*/, 133033 /*133033 (Освобожденный работник)*/, 131248 /*131248 (Сэмюэл Уильямс)*/, 131249 /*131249 (Телия)*/, 47244 /*47244 (Mirror Image) - Avoidance*/, 131500 /*131500 (Брат Аддингтон) - Permanent Feign Death (Drowned Anim Kit), Tidal Wakening*/, 133516 /*133516 (Тотем попутного ветра) - Tailwind Totem*/, 133514 /*133514 (Тотем бури) - Storm Totem*/, 133515 /*133515 (Тотем огнезола) - Ember Totem*/, 133525 /*133525 (Тотем резонанса) - Resonance Totem*/, 130913 /*130913 (Приливный крис)*/, 130915 /*130915 (Глубоководный фонарь)*/, 130917 /*130917 (Оплечье призывателя волн)*/, 134275 /*134275 (Изможденный работник) - Breakable WAHammer 01*/, 134277 /*134277 (Изможденная работница) - Stormbound*/, 134278 /*134278 (Изможденная работница) - Stormbound*/, 131212 /*131212 (Изможденный работник) - Stormbound*/, 130904 /*130904 (Сэмюэл Уильямс) - Stormbound*/, 131054 /*131054 (Изможденный работник) - Stormbound*/, 134276 /*134276 (Изможденная работница) - Stormbound*/, 131124 /*131124 (Сковывающий якорь) - Anchor*/, 130934 /*130934 (Брат Пайк)*/, 130895 /*130895 (Сковывающий якорь) - Anchor*/, 108804 /*108804 (Mechanical Bomb Squirrel) - Mechanical Bomb Squirrel, Avoidance*/, 130714 /*130714 (Брат Пайк)*/, 130715 /*130715 (Телия)*/, 130806 /*130806 (Брат Аддингтон) - Drowned, Permanent Feign Death (NO Stun, Untrackable, Immune)*/, 130009 /*130009 (Изнуренный работник) - Set Health (Random 65%-85%), Breakable WAHammer 01*/, 133154 /*133154 (Влипший в мед работник фермы) - Encased in Honey*/, 141604 /*141604 (Дэрион Худ)*/, 141675 /*141675 (Испуганная вьючная лошадь)*/, 141622 /*141622 (Лоррейн Худ)*/, 130792 /*130792 (Телия)*/, 130793 /*130793 (Брат Пайк)*/, 130724 /*Brennadam Citizen*/, 130732 /*Brennadam Citizen*/, 130734 /*Brennadam Citizen*/, 130728 /*Brennadam Citizen*/, 130729 /*Brennadam Citizen*/, 130730 /*Brennadam Citizen*/, 130731 /*Brennadam Citizen*/, 129999 /*129999 (Телия)*/, 130719 /*Brennadam Citizen*/, 134241 /*134241 (Житель Бреннадама)*/, 94490 /*94490 (Static Charge) - Static Charge*/, 138351 /*138351 (Телия)*/, 140054 /*140054*/, 137866 /*137866*/, 97930 /*97930 (Bloodstalker)*/, 137980 /*137980 - Ride Vehicle Hardcoded*/, 137979 /*137979*/);
INSERT INTO `creature_template_addon` (`entry`, `path_id`, `mount`, `bytes1`, `bytes2`, `emote`, `aiAnimKit`, `movementAnimKit`, `meleeAnimKit`, `auras`) VALUES
(133165, 0, 0, 0, 1, 0, 0, 0, 0, ''), -- 133165 (Рекс)
(132355, 0, 0, 0, 1, 0, 0, 0, 0, ''), -- 132355 (Рэймонд Милденхолл)
(134013, 0, 0, 0, 1, 0, 0, 0, 0, '261895'), -- 134013 (Сэм Робинсон) - Encased in Honey
(132341, 0, 0, 50331648, 1, 0, 0, 0, 0, ''), -- 132341 (Мать улья)
(132292, 0, 0, 0, 1, 0, 0, 0, 0, ''), -- 132292 (Рэймонд Милденхолл)
(134519, 0, 0, 50331648, 1, 0, 0, 0, 0, ''), -- 134519 (Королевский стражник)
(133907, 0, 0, 0, 1, 0, 0, 0, 0, ''), -- 133907 (Ансель Милденхолл)
(131861, 0, 0, 0, 1, 0, 0, 0, 0, '260125'), -- 131861 (Медовище) - Gluttonous Honey Slime Credit Pulse
(134264, 0, 0, 0, 1, 0, 0, 0, 0, ''), -- 134264 (Грустный мул)
(134267, 0, 0, 0, 1, 0, 0, 0, 0, ''), -- 134267 (Свинья)
(134262, 0, 0, 1, 1, 0, 0, 0, 0, ''), -- 134262 (Медовый медведь)
(134136, 0, 0, 0, 1, 0, 0, 0, 0, ''), -- 134136 (Нестабильный мед)
(134129, 0, 0, 0, 1, 0, 0, 0, 0, ''), -- 134129 (Нагорный кролик)
(134263, 0, 0, 0, 1, 0, 0, 0, 0, ''), -- 134263 (Тигр)
(134281, 0, 0, 1, 1, 0, 0, 0, 0, ''), -- 134281 (Охотник Робин)
(134447, 0, 0, 0, 1, 0, 0, 0, 0, ''), -- 134447 (Пропавший работник фермы)
(134639, 0, 0, 0, 1, 0, 0, 0, 0, '264820'), -- 134639 (Брат Пайк) - Rising Tide
(134641, 0, 0, 8, 1, 0, 0, 0, 0, '247866'), -- 134641 (Сэмюэл Уильямс) - Set Health % (Uses Override Points) (No Health Regen)
(134751, 0, 81693, 0, 0, 0, 0, 0, 0, ''), -- 134751 (Брат Пайк)
(134642, 0, 0, 0, 0, 0, 0, 0, 0, ''), -- 134642 (Брат Пайк)
(134674, 0, 81693, 0, 0, 0, 0, 0, 0, ''), -- 134674 (Брат Пайк)
(141162, 0, 0, 0, 1, 0, 0, 0, 0, ''), -- 141162 (Стремительный поток)
(129993, 0, 0, 0, 1, 0, 0, 0, 0, ''), -- 129993 (Подчиненный шквал)
(131820, 0, 0, 0, 1, 0, 0, 0, 0, ''), -- 131820 (Поднимающийся прилив)
(132173, 0, 0, 0, 1, 0, 0, 0, 0, '260565'), -- 132173 (Брат Пайк) - Interactible
(132611, 0, 0, 50331648, 1, 0, 0, 0, 0, '259386'), -- 132611 (Лейсон Идс) - Tidal Wakening
(132168, 0, 0, 50331648, 0, 0, 0, 0, 0, '266301'), -- 132168 (Говорящий с волнами Рид) - Void Form
(132612, 0, 0, 50331648, 1, 0, 0, 0, 0, '259386'), -- 132612 (Джон Идс) - Tidal Wakening
(132613, 0, 0, 50331648, 1, 0, 0, 0, 0, '259386'), -- 132613 (Эрик Идс) - Tidal Wakening
(132171, 0, 0, 0, 1, 0, 0, 0, 0, ''), -- 132171 (Быстрина)
(139938, 0, 0, 0, 1, 0, 0, 0, 0, ''), -- 139938 (Живая капля)
(112996, 0, 0, 0, 1, 0, 0, 0, 0, '224868'), -- 112996 (Raging Tempest) - Raging Tempest
(132282, 0, 0, 262144, 1, 0, 0, 0, 0, '260695 159474'), -- 132282 (Главный архитектор Уилсон) - Cannon Blast, Permanent Feign Death (NO Stun, Untrackable, Immune)
(132017, 0, 82514, 0, 1, 0, 0, 0, 0, ''), -- 132017 (Ансель Милденхолл)
(136163, 0, 0, 0, 1, 0, 0, 0, 0, ''), -- 136163 (Шакрамы)
(133033, 0, 0, 0, 1, 0, 0, 0, 0, ''), -- 133033 (Освобожденный работник)
(131248, 0, 0, 0, 0, 0, 0, 0, 0, ''), -- 131248 (Сэмюэл Уильямс)
(131249, 0, 0, 0, 0, 0, 0, 0, 0, ''), -- 131249 (Телия)
(47244, 0, 0, 0, 1, 0, 0, 0, 0, '65220'), -- 47244 (Mirror Image) - Avoidance
(131500, 0, 0, 50331648, 1, 0, 0, 0, 0, '153706 259386'), -- 131500 (Брат Аддингтон) - Permanent Feign Death (Drowned Anim Kit), Tidal Wakening
(133516, 0, 0, 0, 1, 0, 0, 0, 0, '262400'), -- 133516 (Тотем попутного ветра) - Tailwind Totem
(133514, 0, 0, 0, 1, 0, 0, 0, 0, '262397'), -- 133514 (Тотем бури) - Storm Totem
(133515, 0, 0, 0, 1, 0, 0, 0, 0, '262399'), -- 133515 (Тотем огнезола) - Ember Totem
(133525, 0, 0, 0, 1, 0, 0, 0, 0, '262417'), -- 133525 (Тотем резонанса) - Resonance Totem
(130913, 0, 0, 50331648, 1, 0, 0, 0, 0, ''), -- 130913 (Приливный крис)
(130915, 0, 0, 50331648, 1, 0, 0, 0, 0, ''), -- 130915 (Глубоководный фонарь)
(130917, 0, 0, 50331648, 1, 0, 0, 0, 0, ''), -- 130917 (Оплечье призывателя волн)
(134275, 0, 0, 0, 1, 0, 0, 0, 0, '257888'), -- 134275 (Изможденный работник) - Breakable WAHammer 01
(134277, 0, 0, 0, 1, 0, 0, 0, 0, '258300'), -- 134277 (Изможденная работница) - Stormbound
(134278, 0, 0, 0, 1, 0, 0, 0, 0, '258300'), -- 134278 (Изможденная работница) - Stormbound
(131212, 0, 0, 0, 1, 0, 0, 0, 0, '258300'), -- 131212 (Изможденный работник) - Stormbound
(130904, 0, 0, 0, 1, 0, 0, 0, 0, '258300'), -- 130904 (Сэмюэл Уильямс) - Stormbound
(131054, 0, 0, 0, 1, 0, 0, 0, 0, '258300'), -- 131054 (Изможденный работник) - Stormbound
(134276, 0, 0, 0, 1, 0, 0, 0, 0, '258300'), -- 134276 (Изможденная работница) - Stormbound
(131124, 0, 0, 0, 1, 0, 0, 0, 0, '258873'), -- 131124 (Сковывающий якорь) - Anchor
(130934, 0, 0, 0, 1, 0, 0, 0, 0, ''), -- 130934 (Брат Пайк)
(130895, 0, 0, 0, 1, 0, 0, 0, 0, '258873'), -- 130895 (Сковывающий якорь) - Anchor
(108804, 0, 0, 0, 1, 0, 0, 0, 0, '216093 65220'), -- 108804 (Mechanical Bomb Squirrel) - Mechanical Bomb Squirrel, Avoidance
(130714, 0, 0, 8, 1, 0, 0, 0, 0, ''), -- 130714 (Брат Пайк)
(130715, 0, 0, 0, 0, 0, 0, 0, 0, ''), -- 130715 (Телия)
(130806, 0, 0, 262144, 1, 0, 0, 0, 0, '262262 245302'), -- 130806 (Брат Аддингтон) - Drowned, Permanent Feign Death (NO Stun, Untrackable, Immune)
(130009, 0, 0, 0, 1, 0, 0, 0, 0, '244972 257888'), -- 130009 (Изнуренный работник) - Set Health (Random 65%-85%), Breakable WAHammer 01
(133154, 0, 0, 0, 1, 0, 0, 0, 0, '261895'), -- 133154 (Влипший в мед работник фермы) - Encased in Honey
(141604, 0, 0, 0, 1, 0, 0, 0, 0, ''), -- 141604 (Дэрион Худ)
(141675, 0, 0, 0, 1, 0, 0, 0, 0, ''), -- 141675 (Испуганная вьючная лошадь)
(141622, 0, 0, 0, 1, 0, 0, 0, 0, ''), -- 141622 (Лоррейн Худ)
(130792, 0, 0, 0, 0, 0, 0, 0, 0, ''), -- 130792 (Телия)
(130793, 0, 0, 0, 1, 0, 0, 0, 0, ''), -- 130793 (Брат Пайк)
(130724, 0, 0, 0, 1, 0, 0, 0, 0, ''), -- Brennadam Citizen
(130732, 0, 0, 0, 1, 0, 0, 0, 0, ''), -- Brennadam Citizen
(130734, 0, 0, 0, 1, 0, 0, 0, 0, ''), -- Brennadam Citizen
(130728, 0, 0, 0, 1, 0, 0, 0, 0, ''), -- Brennadam Citizen
(130729, 0, 0, 0, 1, 0, 0, 0, 0, ''), -- Brennadam Citizen
(130730, 0, 0, 0, 1, 0, 0, 0, 0, ''), -- Brennadam Citizen
(130731, 0, 0, 0, 1, 0, 0, 0, 0, ''), -- Brennadam Citizen
(129999, 0, 0, 0, 0, 0, 0, 0, 0, ''), -- 129999 (Телия)
(130719, 0, 0, 0, 1, 0, 0, 0, 0, ''), -- Brennadam Citizen
(134241, 0, 0, 0, 1, 0, 0, 0, 0, ''), -- 134241 (Житель Бреннадама)
(94490, 0, 0, 50331648, 1, 0, 0, 0, 0, '187105'), -- 94490 (Static Charge) - Static Charge
(138351, 0, 82148, 0, 0, 0, 0, 0, 0, ''), -- 138351 (Телия)
(140054, 0, 0, 0, 0, 0, 0, 0, 0, ''), -- 140054
(137866, 0, 0, 0, 0, 0, 0, 0, 0, ''), -- 137866
(97930, 0, 0, 0, 1, 0, 0, 0, 0, ''), -- 97930 (Bloodstalker)
(137980, 0, 0, 0, 1, 0, 0, 0, 0, '46598'), -- 137980 - Ride Vehicle Hardcoded
(137979, 0, 0, 0, 1, 0, 0, 0, 0, ''); -- 137979

UPDATE `creature_template_addon` SET `auras`='' WHERE `entry`=134028; -- 134028 (Сэм Робинсон)
UPDATE `creature_template_addon` SET `auras`='264974 99203' WHERE `entry`=134631; -- 134631 (Неупокоенный матрос)
UPDATE `creature_template_addon` SET `auras`='' WHERE `entry`=139968; -- 139968 (Пораженный порчей косатик)
UPDATE `creature_template_addon` SET `auras`='8875' WHERE `entry`=62005; -- 62005 (Beast)
UPDATE `creature_template_addon` SET `bytes2`=1, `auras`='34429' WHERE `entry`=62982; -- 62982 (Mindbender)
UPDATE `creature_template_addon` SET `auras`='159474' WHERE `entry`=132619; -- 132619 (Убитый корабел)
UPDATE `creature_template_addon` SET `auras`='260102' WHERE `entry`=131862; -- 131862 (Усиленные штормом боеприпасы)
UPDATE `creature_template_addon` SET `auras`='246022' WHERE `entry`=130531; -- 130531 (Корабел-предатель)
UPDATE `creature_template_addon` SET `auras`='' WHERE `entry`=142576; -- 142576 (Свободный поток)
UPDATE `creature_template_addon` SET `bytes2`=1, `auras`='34429 262484 57989 63623 195178' WHERE `entry`=19668; -- 19668 (Shadowfiend)
UPDATE `creature_template_addon` SET `bytes2`=1, `auras`='32233 85686 19483 264364' WHERE `entry`=89; -- Infernal
UPDATE `creature_template_addon` SET `auras`='' WHERE `entry`=131165; -- 131165 (Послушница Кларк)
UPDATE `creature_template_addon` SET `auras`='' WHERE `entry`=131163; -- 131163 (Послушник Райт)
UPDATE `creature_template_addon` SET `auras`='' WHERE `entry`=131166; -- 131166 (Послушница Эванс)
UPDATE `creature_template_addon` SET `bytes1`=0 WHERE `entry`=130952; -- 130952 (Сестра Ава)
UPDATE `creature_template_addon` SET `auras`='' WHERE `entry`=130038; -- 130038 (Верный гончий пес)
UPDATE `creature_template_addon` SET `bytes2`=1, `auras`='' WHERE `entry`=69791; -- 69791 (Fire Spirit)
UPDATE `creature_template_addon` SET `bytes2`=1, `auras`='' WHERE `entry`=69792; -- 69792 (Earth Spirit)
UPDATE `creature_template_addon` SET `mount`=0 WHERE `entry`=130010; -- 130010 (Кавалерист дома Штормсонгов)
UPDATE `creature_template_addon` SET `auras`='244867' WHERE `entry`=130693; -- 130693 (Полный сил работник)
UPDATE `creature_template_addon` SET `bytes1`=1 WHERE `entry`=142194; -- 142194 (Пугливая чайка)
UPDATE `creature_template_addon` SET `bytes2`=1 WHERE `entry`=130006; -- 130006 (Лоялист дома Штормсонгов)
UPDATE `creature_template_addon` SET `aiAnimKit`=15110 WHERE `entry`=131404; -- 131404 (Бригадир Скриппс)
UPDATE `creature_template_addon` SET `auras`='' WHERE `entry`=73985; -- 73985 (Large AOI Bunny - GJC)
UPDATE `creature_template_addon` SET `bytes1`=3, `auras`='266099' WHERE `entry`=131387; -- 131387 (Меднохвостая лиса)
UPDATE `creature_template_addon` SET `bytes2`=1, `auras`='' WHERE `entry`=29264; -- 29264 (Spirit Wolf)
UPDATE `creature_template_addon` SET `bytes2`=1 WHERE `entry`=24207; -- 24207 (Army of the Dead)
UPDATE `creature_template_addon` SET `auras`='' WHERE `entry`=141483; -- 141483 (Житель Бреннадама)
UPDATE `creature_template_addon` SET `auras`='255498' WHERE `entry`=141482; -- 141482 (Жительница Бреннадама)
UPDATE `creature_template_addon` SET `bytes2`=1 WHERE `entry`=43499; -- 43499 (Consecration)
UPDATE `creature_template_addon` SET `auras`='113899' WHERE `entry`=59262; -- Demonic Gateway
UPDATE `creature_template_addon` SET `auras`='113900' WHERE `entry`=59271; -- Demonic Gateway
UPDATE `creature_template_addon` SET `bytes2`=1 WHERE `entry`=99773; -- 99773 (Bloodworm)
UPDATE `creature_template_addon` SET `mount`=85667, `auras`='' WHERE `entry`=137987; -- 137987
UPDATE `creature_template_addon` SET `bytes1`=1 WHERE `entry`=131600; -- 131600
UPDATE `creature_template_addon` SET `bytes1`=0 WHERE `entry`=138014; -- 138014
UPDATE `creature_template_addon` SET `auras`='244807' WHERE `entry`=138081; -- 138081
UPDATE `creature_template_addon` SET `auras`='' WHERE `entry`=137985; -- 137985
UPDATE `creature_template_addon` SET `auras`='' WHERE `entry`=137988; -- 137988

DELETE FROM `creature_template_scaling` WHERE (`Entry`=133165 AND `DifficultyID`=0) OR (`Entry`=132355 AND `DifficultyID`=0) OR (`Entry`=134013 AND `DifficultyID`=0) OR (`Entry`=132341 AND `DifficultyID`=0) OR (`Entry`=132292 AND `DifficultyID`=0) OR (`Entry`=134519 AND `DifficultyID`=0) OR (`Entry`=133907 AND `DifficultyID`=0) OR (`Entry`=131861 AND `DifficultyID`=0) OR (`Entry`=134264 AND `DifficultyID`=0) OR (`Entry`=134267 AND `DifficultyID`=0) OR (`Entry`=134262 AND `DifficultyID`=0) OR (`Entry`=134136 AND `DifficultyID`=0) OR (`Entry`=134263 AND `DifficultyID`=0) OR (`Entry`=134281 AND `DifficultyID`=0) OR (`Entry`=134447 AND `DifficultyID`=0) OR (`Entry`=141162 AND `DifficultyID`=0) OR (`Entry`=129993 AND `DifficultyID`=0) OR (`Entry`=131820 AND `DifficultyID`=0) OR (`Entry`=132611 AND `DifficultyID`=0) OR (`Entry`=132168 AND `DifficultyID`=0) OR (`Entry`=132612 AND `DifficultyID`=0) OR (`Entry`=132613 AND `DifficultyID`=0) OR (`Entry`=132171 AND `DifficultyID`=0) OR (`Entry`=139938 AND `DifficultyID`=0) OR (`Entry`=112996 AND `DifficultyID`=0) OR (`Entry`=132017 AND `DifficultyID`=0) OR (`Entry`=133033 AND `DifficultyID`=0) OR (`Entry`=131249 AND `DifficultyID`=0) OR (`Entry`=130934 AND `DifficultyID`=0) OR (`Entry`=131500 AND `DifficultyID`=0) OR (`Entry`=134275 AND `DifficultyID`=0) OR (`Entry`=134277 AND `DifficultyID`=0) OR (`Entry`=134278 AND `DifficultyID`=0) OR (`Entry`=131212 AND `DifficultyID`=0) OR (`Entry`=131054 AND `DifficultyID`=0) OR (`Entry`=134276 AND `DifficultyID`=0) OR (`Entry`=131124 AND `DifficultyID`=0) OR (`Entry`=130895 AND `DifficultyID`=0) OR (`Entry`=130715 AND `DifficultyID`=0) OR (`Entry`=130806 AND `DifficultyID`=0) OR (`Entry`=130010 AND `DifficultyID`=1) OR (`Entry`=130693 AND `DifficultyID`=1) OR (`Entry`=130009 AND `DifficultyID`=1) OR (`Entry`=130006 AND `DifficultyID`=1) OR (`Entry`=142195 AND `DifficultyID`=1) OR (`Entry`=131412 AND `DifficultyID`=1) OR (`Entry`=131404 AND `DifficultyID`=1) OR (`Entry`=142183 AND `DifficultyID`=1) OR (`Entry`=54638 AND `DifficultyID`=1) OR (`Entry`=131387 AND `DifficultyID`=1) OR (`Entry`=130819 AND `DifficultyID`=1) OR (`Entry`=130131 AND `DifficultyID`=1) OR (`Entry`=134377 AND `DifficultyID`=1) OR (`Entry`=130641 AND `DifficultyID`=1) OR (`Entry`=32638 AND `DifficultyID`=1) OR (`Entry`=32639 AND `DifficultyID`=1) OR (`Entry`=133154 AND `DifficultyID`=1) OR (`Entry`=131537 AND `DifficultyID`=1) OR (`Entry`=131513 AND `DifficultyID`=1) OR (`Entry`=141599 AND `DifficultyID`=1) OR (`Entry`=141604 AND `DifficultyID`=1) OR (`Entry`=141675 AND `DifficultyID`=1) OR (`Entry`=141603 AND `DifficultyID`=1) OR (`Entry`=141832 AND `DifficultyID`=1) OR (`Entry`=141059 AND `DifficultyID`=1) OR (`Entry`=131693 AND `DifficultyID`=1) OR (`Entry`=141622 AND `DifficultyID`=1) OR (`Entry`=134316 AND `DifficultyID`=1) OR (`Entry`=141716 AND `DifficultyID`=1) OR (`Entry`=141696 AND `DifficultyID`=1) OR (`Entry`=143221 AND `DifficultyID`=1) OR (`Entry`=130792 AND `DifficultyID`=1) OR (`Entry`=141354 AND `DifficultyID`=1) OR (`Entry`=130724 AND `DifficultyID`=1) OR (`Entry`=130732 AND `DifficultyID`=1) OR (`Entry`=130734 AND `DifficultyID`=1) OR (`Entry`=130728 AND `DifficultyID`=1) OR (`Entry`=130729 AND `DifficultyID`=1) OR (`Entry`=130730 AND `DifficultyID`=1) OR (`Entry`=130731 AND `DifficultyID`=1) OR (`Entry`=129999 AND `DifficultyID`=1) OR (`Entry`=130719 AND `DifficultyID`=1) OR (`Entry`=134241 AND `DifficultyID`=1) OR (`Entry`=135800 AND `DifficultyID`=1) OR (`Entry`=141353 AND `DifficultyID`=1) OR (`Entry`=141798 AND `DifficultyID`=1) OR (`Entry`=141769 AND `DifficultyID`=1) OR (`Entry`=131004 AND `DifficultyID`=1) OR (`Entry`=141484 AND `DifficultyID`=1) OR (`Entry`=135401 AND `DifficultyID`=1) OR (`Entry`=140002 AND `DifficultyID`=1) OR (`Entry`=138221 AND `DifficultyID`=1) OR (`Entry`=141483 AND `DifficultyID`=1) OR (`Entry`=140003 AND `DifficultyID`=1) OR (`Entry`=141349 AND `DifficultyID`=1) OR (`Entry`=130005 AND `DifficultyID`=1) OR (`Entry`=141482 AND `DifficultyID`=1) OR (`Entry`=121541 AND `DifficultyID`=1) OR (`Entry`=141137 AND `DifficultyID`=1) OR (`Entry`=94490 AND `DifficultyID`=1) OR (`Entry`=141118 AND `DifficultyID`=1) OR (`Entry`=141088 AND `DifficultyID`=1) OR (`Entry`=141090 AND `DifficultyID`=1) OR (`Entry`=141123 AND `DifficultyID`=1) OR (`Entry`=141641 AND `DifficultyID`=1) OR (`Entry`=139790 AND `DifficultyID`=1) OR (`Entry`=142454 AND `DifficultyID`=1) OR (`Entry`=138351 AND `DifficultyID`=1) OR (`Entry`=140054 AND `DifficultyID`=1) OR (`Entry`=137866 AND `DifficultyID`=1) OR (`Entry`=141315 AND `DifficultyID`=1) OR (`Entry`=141314 AND `DifficultyID`=1) OR (`Entry`=143361 AND `DifficultyID`=1) OR (`Entry`=137987 AND `DifficultyID`=1) OR (`Entry`=138081 AND `DifficultyID`=1) OR (`Entry`=137980 AND `DifficultyID`=1);
INSERT INTO `creature_template_scaling` (`Entry`, `DifficultyID`, `LevelScalingMin`, `LevelScalingMax`, `LevelScalingDeltaMin`, `LevelScalingDeltaMax`, `ContentTuningID`, `VerifiedBuild`) VALUES
(133165, 0, 110, 120, 0, 0, 188, 27326),
(132355, 0, 110, 120, 0, 0, 188, 27326),
(134013, 0, 110, 120, 0, 0, 188, 27326),
(132341, 0, 110, 120, 0, 0, 188, 27326),
(132292, 0, 110, 120, 0, 0, 188, 27326),
(134519, 0, 110, 120, 0, 0, 188, 27326),
(133907, 0, 110, 120, 0, 0, 188, 27326),
(131861, 0, 110, 120, 0, 0, 188, 27326),
(134264, 0, 110, 120, 0, 0, 188, 27326),
(134267, 0, 110, 120, 0, 0, 188, 27326),
(134262, 0, 110, 120, 0, 0, 188, 27326),
(134136, 0, 110, 120, 0, 0, 188, 27326),
(134263, 0, 110, 120, 0, 0, 188, 27326),
(134281, 0, 110, 120, 0, 0, 188, 27326),
(134447, 0, 110, 120, 0, 0, 188, 27326),
(141162, 0, 0, 0, 0, 0, 277, 27326),
(129993, 0, 110, 120, 0, 0, 188, 27326),
(131820, 0, 110, 120, 0, 0, 188, 27326),
(132611, 0, 110, 120, 0, 0, 188, 27326),
(132168, 0, 0, 0, 0, 0, 277, 27326),
(132612, 0, 110, 120, 0, 0, 188, 27326),
(132613, 0, 110, 120, 0, 0, 188, 27326),
(132171, 0, 110, 120, 0, 0, 188, 27326),
(139938, 0, 110, 120, 0, 0, 188, 27326),
(112996, 0, 110, 110, 0, 0, 343, 27326),
(132017, 0, 110, 120, 0, 0, 188, 27326),
(133033, 0, 110, 120, 0, 0, 188, 27326),
(131249, 0, 110, 120, 0, 0, 188, 27326),
(130934, 0, 0, 0, 0, 0, 277, 27326),
(131500, 0, 110, 120, 0, 0, 188, 27326),
(134275, 0, 110, 120, 0, 0, 188, 27326),
(134277, 0, 110, 120, 0, 0, 188, 27326),
(134278, 0, 110, 120, 0, 0, 188, 27326),
(131212, 0, 110, 120, 0, 0, 188, 27326),
(131054, 0, 110, 120, 0, 0, 188, 27326),
(134276, 0, 110, 120, 0, 0, 188, 27326),
(131124, 0, 110, 120, 0, 0, 188, 27326),
(130895, 0, 110, 120, 0, 0, 188, 27326),
(130715, 0, 110, 120, 0, 0, 188, 27326),
(130806, 0, 110, 120, 0, 0, 188, 27326),
(130010, 1, 110, 120, 0, 0, 188, 27326),
(130693, 1, 110, 120, 0, 0, 188, 27326),
(130009, 1, 110, 120, 0, 0, 188, 27326),
(130006, 1, 110, 120, 0, 0, 188, 27326),
(142195, 1, 110, 120, 0, 0, 188, 27326),
(131412, 1, 110, 120, 0, 0, 188, 27326),
(131404, 1, 110, 120, 0, 0, 188, 27326),
(142183, 1, 110, 120, 0, 0, 188, 27326),
(54638, 1, 0, 0, 0, 0, 277, 27326),
(131387, 1, 110, 120, 0, 0, 188, 27326),
(130819, 1, 110, 120, 0, 0, 188, 27326),
(130131, 1, 110, 120, 0, 0, 188, 27326),
(134377, 1, 110, 120, 0, 0, 188, 27326),
(130641, 1, 110, 120, 0, 0, 188, 27326),
(32638, 1, 0, 0, 0, 0, 140, 27326),
(32639, 1, 0, 0, 0, 0, 140, 27326),
(133154, 1, 110, 120, 0, 0, 188, 27326),
(131537, 1, 110, 120, 0, 0, 188, 27326),
(131513, 1, 110, 120, 0, 0, 188, 27326),
(141599, 1, 110, 120, 0, 0, 188, 27326),
(141604, 1, 110, 120, 0, 0, 188, 27326),
(141675, 1, 110, 120, 0, 0, 188, 27326),
(141603, 1, 110, 120, 0, 0, 188, 27326),
(141832, 1, 110, 120, 0, 0, 188, 27326),
(141059, 1, 110, 120, 0, 0, 188, 27326),
(131693, 1, 110, 120, 0, 0, 188, 27326),
(141622, 1, 110, 120, 0, 0, 188, 27326),
(134316, 1, 110, 120, 0, 0, 188, 27326),
(141716, 1, 110, 120, 0, 0, 188, 27326),
(141696, 1, 110, 120, 0, 0, 188, 27326),
(143221, 1, 0, 0, 0, 0, 81, 27326),
(130792, 1, 110, 120, 0, 0, 188, 27326),
(141354, 1, 120, 120, 0, 0, 465, 27326),
(130724, 1, 110, 120, 0, 0, 188, 27326),
(130732, 1, 110, 120, 0, 0, 188, 27326),
(130734, 1, 110, 120, 0, 0, 188, 27326),
(130728, 1, 110, 120, 0, 0, 188, 27326),
(130729, 1, 110, 120, 0, 0, 188, 27326),
(130730, 1, 110, 120, 0, 0, 188, 27326),
(130731, 1, 110, 120, 0, 0, 188, 27326),
(129999, 1, 110, 120, 0, 0, 188, 27326),
(130719, 1, 110, 120, 0, 0, 188, 27326),
(134241, 1, 110, 120, 0, 0, 188, 27326),
(135800, 1, 110, 120, 0, 0, 500, 27326),
(141353, 1, 110, 120, 0, 0, 188, 27326),
(141798, 1, 110, 120, 0, 0, 188, 27326),
(141769, 1, 110, 120, 0, 0, 188, 27326),
(131004, 1, 110, 120, 0, 0, 188, 27326),
(141484, 1, 110, 120, 0, 0, 188, 27326),
(135401, 1, 120, 120, 0, 0, 465, 27326),
(140002, 1, 110, 120, 0, 0, 188, 27326),
(138221, 1, 110, 120, 0, 0, 188, 27326),
(141483, 1, 110, 120, 0, 0, 188, 27326),
(140003, 1, 110, 120, 0, 0, 188, 27326),
(141349, 1, 110, 120, 0, 0, 188, 27326),
(130005, 1, 120, 120, 0, 0, 465, 27326),
(141482, 1, 110, 120, 0, 0, 188, 27326),
(121541, 1, 110, 110, 0, 0, 336, 27326),
(141137, 1, 110, 120, 0, 0, 188, 27326),
(94490, 1, 110, 120, 0, 0, 188, 27326),
(141118, 1, 110, 120, 1, 1, 188, 27326),
(141088, 1, 110, 120, 0, 0, 188, 27326),
(141090, 1, 110, 120, 0, 0, 188, 27326),
(141123, 1, 110, 120, 0, 0, 188, 27326),
(141641, 1, 110, 120, 0, 0, 188, 27326),
(139790, 1, 110, 120, 0, 0, 187, 27326),
(142454, 1, 110, 120, 0, 0, 188, 27326),
(138351, 1, 110, 120, 0, 0, 188, 27326),
(140054, 1, 110, 120, 0, 0, 188, 27326),
(137866, 1, 110, 120, 0, 0, 188, 27326),
(141315, 1, 0, 0, 0, 0, 81, 27326),
(141314, 1, 0, 0, 0, 0, 81, 27326),
(143361, 1, 110, 120, 0, 0, 188, 27326),
(137987, 1, 110, 120, 0, 0, 188, 27326),
(138081, 1, 110, 120, 0, 0, 188, 27326),
(137980, 1, 110, 120, 0, 0, 188, 27326);

DELETE FROM `creature_model_info` WHERE `DisplayID` IN (84093, 82346, 83681, 82101, 83522, 83520, 83357, 88478, 86223, 86507, 82508, 82507, 82506, 84129, 83374, 81478, 81480, 81481, 81469, 86711, 81417, 81322, 82737, 86123, 88649, 87351, 88685, 81370);
INSERT INTO `creature_model_info` (`DisplayID`, `BoundingRadius`, `CombatReach`, `DisplayID_Other_Gender`, `VerifiedBuild`) VALUES
(84093, 1.5, 4.5, 0, 27326),
(82346, 0.306, 1.5, 0, 27326),
(83681, 1, 3, 0, 27326),
(82101, 0.5425, 1.75, 0, 27326),
(83522, 0.5395503, 1.65, 0, 27326),
(83520, 1.94734, 4, 0, 27326),
(83357, 0.2325, 0.75, 0, 27326),
(88478, 0.306, 1.5, 0, 27326),
(86223, 0.5466439, 1.5, 0, 27326),
(86507, 0.3366, 1.65, 0, 27326),
(82508, 0.306, 1.5, 0, 27326),
(82507, 0.306, 1.5, 0, 27326),
(82506, 0.306, 1.5, 0, 27326),
(84129, 13.617, 18.75, 0, 27326),
(83374, 0.306, 1.5, 0, 27326),
(81478, 0.389, 1.5, 0, 27326),
(81480, 0.389, 1.5, 0, 27326),
(81481, 0.389, 1.5, 0, 27326),
(81469, 0.306, 1.5, 0, 27326),
(86711, 0.8762332, 1, 0, 27326),
(81417, 0.306, 1.5, 0, 27326),
(81322, 0.7592692, 1.65, 0, 27326),
(82737, 0.6902447, 1.5, 0, 27326),
(86123, 0.6902447, 1.5, 0, 27326),
(88649, 0.208, 1.5, 0, 27326),
(87351, 0.347222, 1.5, 0, 27326),
(88685, 0.208, 1.5, 0, 27326),
(81370, 0.208, 1.5, 0, 27326);

UPDATE `creature_model_info` SET `BoundingRadius`=1.1925, `CombatReach`=2.25, `VerifiedBuild`=27326 WHERE `DisplayID`=43110;
UPDATE `creature_model_info` SET `BoundingRadius`=0.306, `CombatReach`=1.5, `VerifiedBuild`=27326 WHERE `DisplayID`=71246;
UPDATE `creature_model_info` SET `VerifiedBuild`=27326 WHERE `DisplayID`=42373;
UPDATE `creature_model_info` SET `VerifiedBuild`=27326 WHERE `DisplayID`=7763;
UPDATE `creature_model_info` SET `VerifiedBuild`=27326 WHERE `DisplayID`=38551;
UPDATE `creature_model_info` SET `BoundingRadius`=0.3519, `CombatReach`=1.725, `VerifiedBuild`=27326 WHERE `DisplayID`=1563;
UPDATE `creature_model_info` SET `VerifiedBuild`=27326 WHERE `DisplayID`=19074;
UPDATE `creature_model_info` SET `VerifiedBuild`=27326 WHERE `DisplayID`=19073;
UPDATE `creature_model_info` SET `VerifiedBuild`=27326 WHERE `DisplayID`=71224;
UPDATE `creature_model_info` SET `VerifiedBuild`=27326 WHERE `DisplayID`=53;
UPDATE `creature_model_info` SET `BoundingRadius`=0.7, `CombatReach`=3.5, `VerifiedBuild`=27326 WHERE `DisplayID`=60372;
UPDATE `creature_model_info` SET `VerifiedBuild`=27326 WHERE `DisplayID`=70178;

DELETE FROM `npc_vendor` WHERE (`entry`=131248 AND `item`=163203 AND `ExtendedCost`=6426 AND `type`=1) OR (`entry`=131248 AND `item`=3857 AND `ExtendedCost`=0 AND `type`=1) OR (`entry`=131248 AND `item`=18567 AND `ExtendedCost`=0 AND `type`=1) OR (`entry`=131248 AND `item`=160298 AND `ExtendedCost`=0 AND `type`=1) OR (`entry`=131248 AND `item`=3466 AND `ExtendedCost`=0 AND `type`=1) OR (`entry`=131248 AND `item`=2880 AND `ExtendedCost`=0 AND `type`=1) OR (`entry`=131248 AND `item`=5956 AND `ExtendedCost`=0 AND `type`=1) OR (`entry`=131248 AND `item`=2901 AND `ExtendedCost`=0 AND `type`=1) OR (`entry`=131248 AND `item`=160502 AND `ExtendedCost`=0 AND `type`=1) OR (`entry`=131248 AND `item`=163569 AND `ExtendedCost`=0 AND `type`=1) OR (`entry`=130904 AND `item`=163203 AND `ExtendedCost`=6426 AND `type`=1) OR (`entry`=130904 AND `item`=3857 AND `ExtendedCost`=0 AND `type`=1) OR (`entry`=130904 AND `item`=18567 AND `ExtendedCost`=0 AND `type`=1) OR (`entry`=130904 AND `item`=160298 AND `ExtendedCost`=0 AND `type`=1) OR (`entry`=130904 AND `item`=3466 AND `ExtendedCost`=0 AND `type`=1) OR (`entry`=130904 AND `item`=2880 AND `ExtendedCost`=0 AND `type`=1) OR (`entry`=130904 AND `item`=5956 AND `ExtendedCost`=0 AND `type`=1) OR (`entry`=130904 AND `item`=2901 AND `ExtendedCost`=0 AND `type`=1) OR (`entry`=130904 AND `item`=160502 AND `ExtendedCost`=0 AND `type`=1) OR (`entry`=130904 AND `item`=163569 AND `ExtendedCost`=0 AND `type`=1) OR (`entry`=135800 AND `item`=162385 AND `ExtendedCost`=6419 AND `type`=1) OR (`entry`=135800 AND `item`=162382 AND `ExtendedCost`=6419 AND `type`=1) OR (`entry`=135800 AND `item`=162379 AND `ExtendedCost`=6419 AND `type`=1) OR (`entry`=135800 AND `item`=162363 AND `ExtendedCost`=6418 AND `type`=1) OR (`entry`=135800 AND `item`=162342 AND `ExtendedCost`=6419 AND `type`=1) OR (`entry`=135800 AND `item`=162341 AND `ExtendedCost`=6419 AND `type`=1) OR (`entry`=135800 AND `item`=162337 AND `ExtendedCost`=6419 AND `type`=1) OR (`entry`=135800 AND `item`=162326 AND `ExtendedCost`=6419 AND `type`=1) OR (`entry`=135800 AND `item`=162325 AND `ExtendedCost`=6418 AND `type`=1) OR (`entry`=135800 AND `item`=162303 AND `ExtendedCost`=6419 AND `type`=1) OR (`entry`=135800 AND `item`=162313 AND `ExtendedCost`=6419 AND `type`=1) OR (`entry`=135800 AND `item`=162312 AND `ExtendedCost`=6419 AND `type`=1) OR (`entry`=135800 AND `item`=162255 AND `ExtendedCost`=6419 AND `type`=1) OR (`entry`=135800 AND `item`=162133 AND `ExtendedCost`=6419 AND `type`=1) OR (`entry`=135800 AND `item`=163318 AND `ExtendedCost`=6419 AND `type`=1) OR (`entry`=135800 AND `item`=162129 AND `ExtendedCost`=6419 AND `type`=1) OR (`entry`=135800 AND `item`=161912 AND `ExtendedCost`=6308 AND `type`=1) OR (`entry`=135800 AND `item`=160542 AND `ExtendedCost`=6306 AND `type`=1) OR (`entry`=135800 AND `item`=161581 AND `ExtendedCost`=6310 AND `type`=1) OR (`entry`=135800 AND `item`=161580 AND `ExtendedCost`=6310 AND `type`=1) OR (`entry`=135800 AND `item`=161578 AND `ExtendedCost`=6310 AND `type`=1) OR (`entry`=135800 AND `item`=161576 AND `ExtendedCost`=6310 AND `type`=1) OR (`entry`=135800 AND `item`=163490 AND `ExtendedCost`=6428 AND `type`=1) OR (`entry`=135800 AND `item`=163463 AND `ExtendedCost`=6421 AND `type`=1) OR (`entry`=135800 AND `item`=161582 AND `ExtendedCost`=6309 AND `type`=1) OR (`entry`=135800 AND `item`=161579 AND `ExtendedCost`=6309 AND `type`=1) OR (`entry`=135800 AND `item`=161577 AND `ExtendedCost`=6309 AND `type`=1) OR (`entry`=135800 AND `item`=161575 AND `ExtendedCost`=6309 AND `type`=1) OR (`entry`=135800 AND `item`=160533 AND `ExtendedCost`=6305 AND `type`=1);
INSERT INTO `npc_vendor` (`entry`, `slot`, `item`, `maxcount`, `ExtendedCost`, `type`, `PlayerConditionID`, `IgnoreFiltering`, `VerifiedBuild`) VALUES
(131248, 10, 163203, 0, 6426, 1, 0, 0, 27326), -- Hypersensitive Azeritometer Sensor
(131248, 9, 3857, 0, 0, 1, 0, 0, 27326), -- Coal
(131248, 8, 18567, 0, 0, 1, 0, 0, 27326), -- Elemental Flux
(131248, 7, 160298, 0, 0, 1, 0, 0, 27326), -- Durable Flux
(131248, 6, 3466, 0, 0, 1, 0, 0, 27326), -- Strong Flux
(131248, 5, 2880, 0, 0, 1, 0, 0, 27326), -- Weak Flux
(131248, 4, 5956, 0, 0, 1, 0, 0, 27326), -- Blacksmith Hammer
(131248, 3, 2901, 0, 0, 1, 0, 0, 27326), -- Mining Pick
(131248, 2, 160502, 0, 0, 1, 0, 0, 27326), -- Chemical Blasting Cap
(131248, 1, 163569, 0, 0, 1, 0, 0, 27326), -- Insulated Wiring
(130904, 10, 163203, 0, 6426, 1, 0, 0, 27326), -- Hypersensitive Azeritometer Sensor
(130904, 9, 3857, 0, 0, 1, 0, 0, 27326), -- Coal
(130904, 8, 18567, 0, 0, 1, 0, 0, 27326), -- Elemental Flux
(130904, 7, 160298, 0, 0, 1, 0, 0, 27326), -- Durable Flux
(130904, 6, 3466, 0, 0, 1, 0, 0, 27326), -- Strong Flux
(130904, 5, 2880, 0, 0, 1, 0, 0, 27326), -- Weak Flux
(130904, 4, 5956, 0, 0, 1, 0, 0, 27326), -- Blacksmith Hammer
(130904, 3, 2901, 0, 0, 1, 0, 0, 27326), -- Mining Pick
(130904, 2, 160502, 0, 0, 1, 0, 0, 27326), -- Chemical Blasting Cap
(130904, 1, 163569, 0, 0, 1, 0, 0, 27326), -- Insulated Wiring
(135800, 30, 162385, 0, 6419, 1, 0, 0, 27326), -- Design: Scarlet Diamond Staff of Intuition
(135800, 29, 162382, 0, 6419, 1, 0, 0, 27326), -- Design: Laribole Staff of Alacrity
(135800, 28, 162379, 0, 6419, 1, 0, 0, 27326), -- Design: Owlseye Loop
(135800, 27, 162363, 0, 6418, 1, 0, 0, 27326), -- Recipe: Contract: Storm's Wake
(135800, 26, 162342, 0, 6419, 1, 0, 0, 27326), -- Schematic: Deployable Attire Rearranger
(135800, 25, 162341, 0, 6419, 1, 0, 0, 27326), -- Schematic: Interdimensional Companion Repository
(135800, 24, 162337, 0, 6419, 1, 0, 0, 27326), -- Schematic: Organic Discombobulation Grenade
(135800, 23, 162326, 0, 6419, 1, 0, 0, 27326), -- Schematic: AZ3-R1-T3 Gearspun Goggles
(135800, 22, 162325, 0, 6418, 1, 0, 0, 27326), -- Schematic: AZ3-R1-T3 Gearspun Goggles
(135800, 21, 162303, 0, 6419, 1, 0, 0, 27326), -- Formula: Enchant Ring - Pact of Haste
(135800, 20, 162313, 0, 6419, 1, 0, 0, 27326), -- Formula: Enchant Weapon - Deadly Navigation
(135800, 19, 162312, 0, 6419, 1, 0, 0, 27326), -- Formula: Enchant Weapon - Stalwart Navigation
(135800, 18, 162255, 0, 6419, 1, 0, 0, 27326), -- Recipe: Coastal Healing Potion
(135800, 17, 162133, 0, 6419, 1, 0, 0, 27326), -- Recipe: Flask of Endless Fathoms
(135800, 16, 163318, 0, 6419, 1, 0, 0, 27326), -- Recipe: Battle Potion of Stamina
(135800, 15, 162129, 0, 6419, 1, 0, 0, 27326), -- Recipe: Potion of Replenishment
(135800, 14, 161912, 0, 6308, 1, 0, 0, 27326), -- Reins of the Dapple Gray
(135800, 13, 160542, 0, 6306, 1, 0, 0, 27326), -- Storm's Wake Tabard
(135800, 12, 161581, 0, 6310, 1, 0, 0, 27326), -- Tidecrest Gauntlets
(135800, 11, 161580, 0, 6310, 1, 0, 0, 27326), -- Stormbreaker Galoshes
(135800, 10, 161578, 0, 6310, 1, 0, 0, 27326), -- Kelp-Encrusted Bindings
(135800, 9, 161576, 0, 6310, 1, 0, 0, 27326), -- Sea Priest's Waistcord
(135800, 8, 163490, 0, 6428, 1, 0, 0, 27326), -- Pair of Bee Wings
(135800, 7, 163463, 0, 6421, 1, 0, 0, 27326), -- Dead Ringer
(135800, 5, 161582, 0, 6309, 1, 0, 0, 27326), -- Keelbreak Girdle
(135800, 4, 161579, 0, 6309, 1, 0, 0, 27326), -- Bindings of the Seacallers
(135800, 3, 161577, 0, 6309, 1, 0, 0, 27326), -- Seabinder's Leggings
(135800, 2, 161575, 0, 6309, 1, 0, 0, 27326), -- Handwraps of Deep Faith
(135800, 1, 160533, 0, 6305, 1, 0, 0, 27326); -- Cape of the Divine Depths


DELETE FROM `creature_equip_template` WHERE (`CreatureID`=132355 AND `ID`=1) OR (`CreatureID`=132292 AND `ID`=1) OR (`CreatureID`=134447 AND `ID`=1) OR (`CreatureID`=134639 AND `ID`=1) OR (`CreatureID`=134641 AND `ID`=1) OR (`CreatureID`=134642 AND `ID`=1) OR (`CreatureID`=131248 AND `ID`=1) OR (`CreatureID`=131249 AND `ID`=1) OR (`CreatureID`=130934 AND `ID`=2) OR (`CreatureID`=130714 AND `ID`=1) OR (`CreatureID`=131212 AND `ID`=2) OR (`CreatureID`=134278 AND `ID`=2) OR (`CreatureID`=134275 AND `ID`=2) OR (`CreatureID`=131054 AND `ID`=2) OR (`CreatureID`=134275 AND `ID`=1) OR (`CreatureID`=134277 AND `ID`=2) OR (`CreatureID`=131054 AND `ID`=1) OR (`CreatureID`=134276 AND `ID`=2) OR (`CreatureID`=134277 AND `ID`=1) OR (`CreatureID`=134278 AND `ID`=1) OR (`CreatureID`=131212 AND `ID`=1) OR (`CreatureID`=130904 AND `ID`=1) OR (`CreatureID`=134276 AND `ID`=1) OR (`CreatureID`=130934 AND `ID`=1) OR (`CreatureID`=130715 AND `ID`=1) OR (`CreatureID`=130792 AND `ID`=1) OR (`CreatureID`=130724 AND `ID`=1) OR (`CreatureID`=130732 AND `ID`=1) OR (`CreatureID`=130734 AND `ID`=1) OR (`CreatureID`=130728 AND `ID`=1) OR (`CreatureID`=130729 AND `ID`=1) OR (`CreatureID`=130730 AND `ID`=1) OR (`CreatureID`=130731 AND `ID`=1) OR (`CreatureID`=129999 AND `ID`=1) OR (`CreatureID`=130719 AND `ID`=2) OR (`CreatureID`=130719 AND `ID`=1) OR (`CreatureID`=134241 AND `ID`=1) OR (`CreatureID`=138351 AND `ID`=1) OR (`CreatureID`=140054 AND `ID`=1) OR (`CreatureID`=137866 AND `ID`=1) OR (`CreatureID`=137980 AND `ID`=1);
INSERT INTO `creature_equip_template` (`CreatureID`, `ID`, `ItemID1`, `AppearanceModID1`, `ItemVisual1`, `ItemID2`, `AppearanceModID2`, `ItemVisual2`, `ItemID3`, `AppearanceModID3`, `ItemVisual3`) VALUES
(132355, 1, 3699, 0, 0, 0, 0, 0, 0, 0, 0), -- Рэймонд Милденхолл
(132292, 1, 3699, 0, 0, 0, 0, 0, 0, 0, 0), -- Рэймонд Милденхолл
(134447, 1, 114915, 0, 0, 3699, 0, 0, 0, 0, 0), -- Пропавший работник фермы
(134639, 1, 155763, 0, 0, 155791, 0, 0, 0, 0, 0), -- Брат Пайк
(134641, 1, 155768, 0, 0, 0, 0, 0, 0, 0, 0), -- Сэмюэл Уильямс
(134642, 1, 155763, 0, 0, 155791, 0, 0, 0, 0, 0), -- Брат Пайк
(131248, 1, 112140, 0, 0, 0, 0, 0, 0, 0, 0), -- Сэмюэл Уильямс
(131249, 1, 155757, 0, 0, 0, 0, 0, 0, 0, 0), -- Телия
(130934, 2, 155763, 0, 0, 0, 0, 0, 0, 0, 0), -- Брат Пайк
(130714, 1, 155763, 0, 0, 155791, 0, 0, 0, 0, 0), -- Брат Пайк
(131212, 2, 112140, 0, 0, 0, 0, 0, 0, 0, 0), -- Изможденный работник
(134278, 2, 112140, 0, 0, 0, 0, 0, 0, 0, 0), -- Изможденная работница
(134275, 2, 112140, 0, 0, 0, 0, 0, 0, 0, 0), -- Изможденный работник
(131054, 2, 19015, 0, 0, 0, 0, 0, 0, 0, 0), -- Изможденный работник
(134275, 1, 19015, 0, 0, 0, 0, 0, 0, 0, 0), -- Изможденный работник
(134277, 2, 112140, 0, 0, 0, 0, 0, 0, 0, 0), -- Изможденная работница
(131054, 1, 112140, 0, 0, 0, 0, 0, 0, 0, 0), -- Изможденный работник
(134276, 2, 112140, 0, 0, 0, 0, 0, 0, 0, 0), -- Изможденная работница
(134277, 1, 19015, 0, 0, 0, 0, 0, 0, 0, 0), -- Изможденная работница
(134278, 1, 19015, 0, 0, 0, 0, 0, 0, 0, 0), -- Изможденная работница
(131212, 1, 19015, 0, 0, 0, 0, 0, 0, 0, 0), -- Изможденный работник
(130904, 1, 19015, 0, 0, 0, 0, 0, 0, 0, 0), -- Сэмюэл Уильямс
(134276, 1, 19015, 0, 0, 0, 0, 0, 0, 0, 0), -- Изможденная работница
(130934, 1, 0, 0, 0, 155791, 0, 0, 0, 0, 0), -- Брат Пайк
(130715, 1, 155757, 0, 0, 0, 0, 0, 0, 0, 0), -- Телия
(130792, 1, 155757, 0, 0, 0, 0, 0, 0, 0, 0), -- Телия
(130724, 1, 118568, 0, 0, 0, 0, 0, 0, 0, 0), -- Brennadam Citizen
(130732, 1, 1906, 0, 0, 0, 0, 0, 0, 0, 0), -- Brennadam Citizen
(130734, 1, 118560, 0, 0, 0, 0, 0, 0, 0, 0), -- Brennadam Citizen
(130728, 1, 1906, 0, 0, 0, 0, 0, 0, 0, 0), -- Brennadam Citizen
(130729, 1, 118563, 0, 0, 0, 0, 0, 0, 0, 0), -- Brennadam Citizen
(130730, 1, 118559, 0, 0, 0, 0, 0, 0, 0, 0), -- Brennadam Citizen
(130731, 1, 118563, 0, 0, 0, 0, 0, 0, 0, 0), -- Brennadam Citizen
(129999, 1, 155757, 0, 0, 0, 0, 0, 0, 0, 0), -- Телия
(130719, 2, 1906, 0, 0, 0, 0, 0, 0, 0, 0), -- Brennadam Citizen
(130719, 1, 118560, 0, 0, 0, 0, 0, 0, 0, 0), -- Brennadam Citizen
(134241, 1, 161122, 0, 0, 0, 0, 0, 0, 0, 0), -- Житель Бреннадама
(138351, 1, 155757, 0, 0, 0, 0, 0, 0, 0, 0), -- Телия
(140054, 1, 105555, 0, 0, 0, 0, 0, 0, 0, 0), -- -0-
(137866, 1, 155757, 0, 0, 0, 0, 0, 0, 0, 0), -- -0-
(137980, 1, 155757, 0, 0, 0, 0, 0, 0, 0, 0); -- -0-


DELETE FROM `gossip_menu` WHERE (`MenuId`=22312 AND `TextId`=34251) OR (`MenuId`=22721 AND `TextId`=35135) OR (`MenuId`=23024 AND `TextId`=35609) OR (`MenuId`=23016 AND `TextId`=35597) OR (`MenuId`=23009 AND `TextId`=35593) OR (`MenuId`=23011 AND `TextId`=35595);
INSERT INTO `gossip_menu` (`MenuId`, `TextId`, `VerifiedBuild`) VALUES
(22312, 34251, 27326), -- 134642 (Брат Пайк)
(22721, 35135, 27326), -- 131248 (Сэмюэл Уильямс)
(23024, 35609, 27326), -- 141769 (Мэрилин Худ)
(23016, 35597, 27326), -- 141603 (Мэллори Худ)
(23009, 35593, 27326), -- 141604 (Дэрион Худ)
(23011, 35595, 27326); -- 141622 (Лоррейн Худ)

UPDATE `creature_template` SET `minlevel`=110, `maxlevel`=110, `BaseAttackTime`=1460, `RangeAttackTime`=2000, `unit_flags`=512, `unit_flags2`=2048, `unit_flags3`=1 WHERE `entry`=133165; -- Рекс
UPDATE `creature_template` SET `faction`=31, `BaseAttackTime`=2000, `RangeAttackTime`=2000, `unit_flags`=32768, `unit_flags2`=2048 WHERE `entry`=143219; -- Королевская порхунья
UPDATE `creature_template` SET `unit_flags`=67141696 WHERE `entry`=142106; -- Железнобород
UPDATE `creature_template` SET `minlevel`=120, `maxlevel`=120, `faction`=3014, `npcflag`=2, `BaseAttackTime`=2000, `RangeAttackTime`=2000, `unit_flags`=33024, `unit_flags2`=34816 WHERE `entry`=132355; -- Рэймонд Милденхолл
UPDATE `creature_template` SET `minlevel`=120, `maxlevel`=120, `faction`=3014, `npcflag`=16777216, `BaseAttackTime`=2000, `RangeAttackTime`=2000, `unit_flags`=33536, `unit_flags2`=34816, `unit_flags3`=1 WHERE `entry`=134013; -- Сэм Робинсон
UPDATE `creature_template` SET `faction`=31, `BaseAttackTime`=2000, `RangeAttackTime`=2000, `unit_flags`=32768, `unit_flags2`=2048 WHERE `entry`=143218; -- Хвостоглот
UPDATE `creature_template` SET `minlevel`=120, `maxlevel`=120, `faction`=2000, `BaseAttackTime`=2000, `RangeAttackTime`=2000, `unit_flags`=32768, `unit_flags2`=18432 WHERE `entry`=134349; -- Горный козел
UPDATE `creature_template` SET `faction`=190, `BaseAttackTime`=2000, `RangeAttackTime`=2000, `unit_flags`=32768, `unit_flags2`=2048 WHERE `entry`=134350; -- Козленок
UPDATE `creature_template` SET `minlevel`=120, `maxlevel`=120, `faction`=16, `BaseAttackTime`=2000, `RangeAttackTime`=2000, `unit_flags`=32832, `unit_flags2`=2048 WHERE `entry`=132341; -- Мать улья
UPDATE `creature_template` SET `minlevel`=120, `maxlevel`=120, `faction`=3014, `npcflag`=2, `BaseAttackTime`=2000, `RangeAttackTime`=2000, `unit_flags`=33024, `unit_flags2`=34816 WHERE `entry`=132292; -- Рэймонд Милденхолл
UPDATE `creature_template` SET `minlevel`=120, `maxlevel`=120, `faction`=2951, `BaseAttackTime`=2000, `RangeAttackTime`=2000, `unit_flags2`=2048 WHERE `entry`=134519; -- Королевский стражник
UPDATE `creature_template` SET `minlevel`=120, `maxlevel`=120, `faction`=3014, `npcflag`=2, `BaseAttackTime`=2000, `RangeAttackTime`=2000, `unit_flags`=33536, `unit_flags2`=2048 WHERE `entry`=133907; -- Ансель Милденхолл
UPDATE `creature_template` SET `minlevel`=120, `maxlevel`=120, `faction`=14, `BaseAttackTime`=2000, `RangeAttackTime`=2000, `unit_flags`=49216, `unit_flags2`=2048 WHERE `entry`=131861; -- Медовище
UPDATE `creature_template` SET `minlevel`=120, `maxlevel`=120, `faction`=2028, `BaseAttackTime`=2000, `RangeAttackTime`=2000, `unit_flags`=33536, `unit_flags2`=2048 WHERE `entry`=134264; -- Грустный мул
UPDATE `creature_template` SET `minlevel`=120, `maxlevel`=120, `faction`=2028, `BaseAttackTime`=2000, `RangeAttackTime`=2000, `unit_flags`=33536, `unit_flags2`=2048 WHERE `entry`=134267; -- Свинья
UPDATE `creature_template` SET `minlevel`=120, `maxlevel`=120, `faction`=2028, `BaseAttackTime`=2000, `RangeAttackTime`=2000, `unit_flags`=33536, `unit_flags2`=2048 WHERE `entry`=134262; -- Медовый медведь
UPDATE `creature_template` SET `minlevel`=120, `maxlevel`=120, `faction`=14, `BaseAttackTime`=2000, `RangeAttackTime`=2000, `unit_flags`=16384, `unit_flags2`=2048 WHERE `entry`=134136; -- Нестабильный мед
UPDATE `creature_template` SET `faction`=2575, `BaseAttackTime`=2000, `RangeAttackTime`=2000, `unit_flags`=32768, `unit_flags2`=2048 WHERE `entry`=134129; -- Нагорный кролик
UPDATE `creature_template` SET `minlevel`=120, `maxlevel`=120, `faction`=2028, `BaseAttackTime`=2000, `RangeAttackTime`=2000, `unit_flags`=33536, `unit_flags2`=2048 WHERE `entry`=134263; -- Тигр
UPDATE `creature_template` SET `minlevel`=120, `maxlevel`=120, `faction`=2028, `BaseAttackTime`=2000, `RangeAttackTime`=2000, `unit_flags`=33536, `unit_flags2`=2048 WHERE `entry`=134281; -- Охотник Робин
UPDATE `creature_template` SET `minlevel`=120, `maxlevel`=120, `BaseAttackTime`=2000, `RangeAttackTime`=2000, `unit_flags`=32768, `unit_flags2`=2048 WHERE `entry`=134447; -- Пропавший работник фермы
UPDATE `creature_template` SET `faction`=2576, `npcflag`=1073741824, `speed_walk`=1.2, `speed_run`=0.4285714, `BaseAttackTime`=2000, `RangeAttackTime`=2000, `unit_flags`=512, `unit_flags2`=2048 WHERE `entry`=143038; -- Honey Bee
UPDATE `creature_template` SET `minlevel`=120, `maxlevel`=120, `faction`=3000, `npcflag`=2, `BaseAttackTime`=2000, `RangeAttackTime`=2000, `unit_flags`=33536, `unit_flags2`=34816 WHERE `entry`=134639; -- Брат Пайк
UPDATE `creature_template` SET `unit_flags`=32784 WHERE `entry`=134721; -- Стойкий бунтовщик
UPDATE `creature_template` SET `gossip_menu_id`=0 WHERE `entry`=134696; -- Марла Фезерфут
UPDATE `creature_template` SET `minlevel`=120, `maxlevel`=120, `faction`=3000, `npcflag`=4227, `BaseAttackTime`=2000, `RangeAttackTime`=2000, `unit_flags`=33536 WHERE `entry`=134641; -- Сэмюэл Уильямс
UPDATE `creature_template` SET `minlevel`=110, `maxlevel`=110, `npcflag`=2, `BaseAttackTime`=2000, `RangeAttackTime`=2000, `unit_flags`=33536, `unit_flags2`=2048 WHERE `entry`=134751; -- Брат Пайк
UPDATE `creature_template` SET `gossip_menu_id`=22312, `minlevel`=120, `maxlevel`=120, `faction`=3000, `npcflag`=3, `BaseAttackTime`=2000, `RangeAttackTime`=2000, `unit_flags`=33536, `unit_flags2`=2048 WHERE `entry`=134642; -- Брат Пайк
UPDATE `creature_template` SET `minlevel`=110, `maxlevel`=110, `speed_walk`=4.8, `speed_run`=1.714286, `BaseAttackTime`=1586, `unit_flags2`=2048 WHERE `entry`=62005; -- Beast
UPDATE `creature_template` SET `minlevel`=110, `maxlevel`=110, `npcflag`=2, `BaseAttackTime`=2000, `RangeAttackTime`=2000, `unit_flags`=33536, `unit_flags2`=2048 WHERE `entry`=134674; -- Брат Пайк
UPDATE `creature_template` SET `minlevel`=120, `maxlevel`=120, `faction`=14, `BaseAttackTime`=2000, `RangeAttackTime`=2000, `unit_flags`=33555200, `unit_flags2`=2048, `unit_flags3`=1 WHERE `entry`=141162; -- Стремительный поток
UPDATE `creature_template` SET `minlevel`=110, `maxlevel`=110, `speed_walk`=2, `speed_run`=1.285714, `BaseAttackTime`=1088, `unit_flags2`=2048 WHERE `entry`=62982; -- Mindbender
UPDATE `creature_template` SET `minlevel`=120, `maxlevel`=120, `faction`=16, `BaseAttackTime`=2000, `RangeAttackTime`=2000, `unit_flags`=32768, `unit_flags2`=2048 WHERE `entry`=129993; -- Подчиненный шквал
UPDATE `creature_template` SET `minlevel`=120, `maxlevel`=120, `faction`=14, `BaseAttackTime`=2000, `RangeAttackTime`=2000, `unit_flags`=32768, `unit_flags2`=2048 WHERE `entry`=131820; -- Поднимающийся прилив
UPDATE `creature_template` SET `minlevel`=120, `maxlevel`=120, `faction`=3000, `BaseAttackTime`=2000, `RangeAttackTime`=2000, `unit_flags`=33536, `unit_flags2`=2048 WHERE `entry`=132173; -- Брат Пайк
UPDATE `creature_template` SET `minlevel`=120, `maxlevel`=120, `faction`=3014, `BaseAttackTime`=2000, `RangeAttackTime`=2000, `unit_flags`=536904448, `unit_flags2`=2049, `unit_flags3`=8192 WHERE `entry`=132611; -- Лейсон Идс
UPDATE `creature_template` SET `minlevel`=120, `maxlevel`=120, `BaseAttackTime`=2000, `RangeAttackTime`=2000, `unit_flags`=33554688, `unit_flags2`=2048 WHERE `entry`=132168; -- Говорящий с волнами Рид
UPDATE `creature_template` SET `minlevel`=120, `maxlevel`=120, `faction`=3014, `BaseAttackTime`=2000, `RangeAttackTime`=2000, `unit_flags`=536904448, `unit_flags2`=2049, `unit_flags3`=8192 WHERE `entry`=132612; -- Джон Идс
UPDATE `creature_template` SET `minlevel`=120, `maxlevel`=120, `faction`=3014, `BaseAttackTime`=2000, `RangeAttackTime`=2000, `unit_flags`=536904448, `unit_flags2`=2049, `unit_flags3`=8192 WHERE `entry`=132613; -- Эрик Идс
UPDATE `creature_template` SET `minlevel`=120, `maxlevel`=120, `faction`=14, `BaseAttackTime`=2000, `RangeAttackTime`=2000, `unit_flags`=32832, `unit_flags2`=2048 WHERE `entry`=132171; -- Быстрина
UPDATE `creature_template` SET `minlevel`=120, `maxlevel`=120, `faction`=190, `BaseAttackTime`=2000, `RangeAttackTime`=2000, `unit_flags`=32768, `unit_flags2`=2048 WHERE `entry`=139938; -- Живая капля
UPDATE `creature_template` SET `unit_flags`=32768 WHERE `entry`=139571; -- Усиленный штормом кузнечный голем
UPDATE `creature_template` SET `minlevel`=110, `maxlevel`=110, `faction`=14, `speed_walk`=0.6, `speed_run`=0.2142857, `BaseAttackTime`=2000, `RangeAttackTime`=2000, `unit_flags`=33554688, `unit_flags2`=67110912 WHERE `entry`=112996; -- Raging Tempest
UPDATE `creature_template` SET `speed_walk`=0.5, `speed_run`=0.5714286 WHERE `entry`=132007; -- Бурношторм
UPDATE `creature_template` SET `minlevel`=120, `maxlevel`=120, `faction`=3000, `BaseAttackTime`=2000, `RangeAttackTime`=2000, `unit_flags`=536904448, `unit_flags2`=2049, `unit_flags3`=8192, `dynamicflags`=128 WHERE `entry`=132282; -- Главный архитектор Уилсон
UPDATE `creature_template` SET `minlevel`=120, `maxlevel`=120, `npcflag`=2, `BaseAttackTime`=2000, `RangeAttackTime`=2000, `unit_flags`=33536, `unit_flags2`=2048 WHERE `entry`=132017; -- Ансель Милденхолл
UPDATE `creature_template` SET `faction`=16, `speed_walk`=4, `speed_run`=1.428571, `BaseAttackTime`=2000, `RangeAttackTime`=2000, `unit_flags`=33555200, `unit_flags2`=67110912, `unit_flags3`=1 WHERE `entry`=136163; -- Шакрамы
UPDATE `creature_template` SET `minlevel`=110, `maxlevel`=110, `BaseAttackTime`=1166 WHERE `entry`=19668; -- Shadowfiend
UPDATE `creature_template` SET `minlevel`=120, `maxlevel`=120, `faction`=3000, `BaseAttackTime`=2000, `RangeAttackTime`=2000, `unit_flags`=33536, `unit_flags2`=2048 WHERE `entry`=133033; -- Освобожденный работник
UPDATE `creature_template` SET `minlevel`=120, `maxlevel`=120, `faction`=3000, `npcflag`=131, `BaseAttackTime`=2000, `RangeAttackTime`=2000, `unit_flags`=33536, `unit_flags2`=2048 WHERE `entry`=131248; -- Сэмюэл Уильямс
UPDATE `creature_template` SET `minlevel`=120, `maxlevel`=120, `faction`=2908, `npcflag`=2, `BaseAttackTime`=2000, `RangeAttackTime`=2000, `unit_flags`=33536, `unit_flags2`=2048 WHERE `entry`=131249; -- Телия
UPDATE `creature_template` SET `minlevel`=110, `maxlevel`=110, `faction`=35, `BaseAttackTime`=1623, `unit_flags`=0, `dynamicflags`=0 WHERE `entry`=47244; -- Mirror Image
UPDATE `creature_template` SET `minlevel`=120, `maxlevel`=120, `faction`=3000, `BaseAttackTime`=2000, `RangeAttackTime`=2000, `unit_flags`=536904448, `unit_flags2`=2049, `unit_flags3`=8192 WHERE `entry`=131500; -- Брат Аддингтон
UPDATE `creature_template` SET `minlevel`=50, `maxlevel`=50, `faction`=954, `speed_walk`=0.4, `speed_run`=1.142857, `BaseAttackTime`=1525, `unit_flags`=32768, `dynamicflags`=0 WHERE `entry`=89; -- Infernal
UPDATE `creature_template` SET `minlevel`=110, `maxlevel`=110, `speed_run`=1, `BaseAttackTime`=1000, `RangeAttackTime`=2000 WHERE `entry`=133516; -- Тотем попутного ветра
UPDATE `creature_template` SET `minlevel`=110, `maxlevel`=110, `speed_run`=1, `BaseAttackTime`=1000, `RangeAttackTime`=2000 WHERE `entry`=133514; -- Тотем бури
UPDATE `creature_template` SET `minlevel`=110, `maxlevel`=110, `speed_run`=1, `BaseAttackTime`=1000, `RangeAttackTime`=2000 WHERE `entry`=133515; -- Тотем огнезола
UPDATE `creature_template` SET `minlevel`=110, `maxlevel`=110, `speed_run`=1, `BaseAttackTime`=1000, `RangeAttackTime`=2000 WHERE `entry`=133525; -- Тотем резонанса
UPDATE `creature_template` SET `faction`=58, `speed_run`=0.8571429, `BaseAttackTime`=2000, `RangeAttackTime`=2000, `unit_flags`=33555200, `unit_flags2`=67108864, `unit_flags3`=1 WHERE `entry`=113845; -- Totem Mastery
UPDATE `creature_template` SET `npcflag`=130 WHERE `entry`=130786; -- Хоббс
UPDATE `creature_template` SET `minlevel`=110, `maxlevel`=110, `npcflag`=16777216, `BaseAttackTime`=2000, `RangeAttackTime`=2000, `unit_flags`=768, `unit_flags2`=67110912 WHERE `entry`=130913; -- Приливный крис
UPDATE `creature_template` SET `minlevel`=110, `maxlevel`=110, `npcflag`=16777216, `BaseAttackTime`=2000, `RangeAttackTime`=2000, `unit_flags`=768, `unit_flags2`=67110912 WHERE `entry`=130915; -- Глубоководный фонарь
UPDATE `creature_template` SET `minlevel`=110, `maxlevel`=110, `npcflag`=16777216, `BaseAttackTime`=2000, `RangeAttackTime`=2000, `unit_flags`=768, `unit_flags2`=67110912 WHERE `entry`=130917; -- Оплечье призывателя волн
UPDATE `creature_template` SET `minlevel`=120, `maxlevel`=120, `faction`=3014, `BaseAttackTime`=2000, `RangeAttackTime`=2000, `unit_flags`=33536, `unit_flags2`=2048, `dynamicflags`=128 WHERE `entry`=134275; -- Изможденный работник
UPDATE `creature_template` SET `minlevel`=120, `maxlevel`=120, `faction`=3014, `BaseAttackTime`=2000, `RangeAttackTime`=2000, `unit_flags`=33536, `unit_flags2`=2048, `dynamicflags`=128 WHERE `entry`=134277; -- Изможденная работница
UPDATE `creature_template` SET `minlevel`=120, `maxlevel`=120, `faction`=3014, `BaseAttackTime`=2000, `RangeAttackTime`=2000, `unit_flags`=33536, `unit_flags2`=2048, `dynamicflags`=128 WHERE `entry`=134278; -- Изможденная работница
UPDATE `creature_template` SET `minlevel`=120, `maxlevel`=120, `faction`=3014, `BaseAttackTime`=2000, `RangeAttackTime`=2000, `unit_flags`=33536, `unit_flags2`=2048, `dynamicflags`=128 WHERE `entry`=131212; -- Изможденный работник
UPDATE `creature_template` SET `minlevel`=120, `maxlevel`=120, `faction`=3000, `npcflag`=3, `BaseAttackTime`=2000, `RangeAttackTime`=2000, `unit_flags`=33536, `unit_flags2`=34816 WHERE `entry`=130904; -- Сэмюэл Уильямс
UPDATE `creature_template` SET `minlevel`=120, `maxlevel`=120, `faction`=3014, `BaseAttackTime`=2000, `RangeAttackTime`=2000, `unit_flags`=33536, `unit_flags2`=2048, `dynamicflags`=128 WHERE `entry`=131054; -- Изможденный работник
UPDATE `creature_template` SET `minlevel`=120, `maxlevel`=120, `faction`=3014, `BaseAttackTime`=2000, `RangeAttackTime`=2000, `unit_flags`=33536, `unit_flags2`=2048, `dynamicflags`=128 WHERE `entry`=134276; -- Изможденная работница
UPDATE `creature_template` SET `minlevel`=120, `maxlevel`=120, `faction`=14, `npcflag`=16777216, `speed_run`=1, `BaseAttackTime`=2000, `RangeAttackTime`=2000, `unit_flags`=768, `unit_flags2`=18432 WHERE `entry`=131124; -- Сковывающий якорь
UPDATE `creature_template` SET `minlevel`=120, `maxlevel`=120, `npcflag`=2, `BaseAttackTime`=2000, `RangeAttackTime`=2000, `unit_flags`=33536, `unit_flags2`=2048, `VehicleId`=5732 WHERE `entry`=130934; -- Брат Пайк
UPDATE `creature_template` SET `faction`=190, `unit_flags`=33616 WHERE `entry`=134022; -- Скованный поток
UPDATE `creature_template` SET `minlevel`=120, `maxlevel`=120, `faction`=16, `BaseAttackTime`=2000, `RangeAttackTime`=2000, `unit_flags`=32768, `unit_flags2`=2048 WHERE `entry`=134055; -- Ученик жрецов моря
UPDATE `creature_template` SET `minlevel`=120, `maxlevel`=120, `faction`=14, `npcflag`=16777216, `speed_run`=1, `BaseAttackTime`=2000, `RangeAttackTime`=2000, `unit_flags`=768, `unit_flags2`=18432, `dynamicflags`=128 WHERE `entry`=130895; -- Сковывающий якорь
UPDATE `creature_template` SET `minlevel`=110, `maxlevel`=110, `speed_run`=1.428571, `BaseAttackTime`=2000, `RangeAttackTime`=2000, `unit_flags`=32768, `unit_flags2`=2048 WHERE `entry`=108804; -- Mechanical Bomb Squirrel
UPDATE `creature_template` SET `minlevel`=110, `maxlevel`=110, `faction`=35, `BaseAttackTime`=2087, `unit_flags`=32768, `unit_flags2`=2064 WHERE `entry`=69791; -- Fire Spirit
UPDATE `creature_template` SET `minlevel`=110, `maxlevel`=110, `BaseAttackTime`=2087, `RangeAttackTime`=2000, `unit_flags`=32768, `unit_flags2`=2064 WHERE `entry`=69792; -- Earth Spirit
UPDATE `creature_template` SET `minlevel`=120, `maxlevel`=120, `faction`=3000, `npcflag`=2, `BaseAttackTime`=2000, `RangeAttackTime`=2000, `unit_flags`=33536, `unit_flags2`=2048 WHERE `entry`=130714; -- Брат Пайк
UPDATE `creature_template` SET `minlevel`=120, `maxlevel`=120, `faction`=2908, `npcflag`=2, `BaseAttackTime`=2000, `RangeAttackTime`=2000, `unit_flags`=33536, `unit_flags2`=2048 WHERE `entry`=130715; -- Телия
UPDATE `creature_template` SET `minlevel`=120, `maxlevel`=120, `faction`=3000, `BaseAttackTime`=2000, `RangeAttackTime`=2000, `unit_flags`=536904448, `unit_flags2`=2049, `unit_flags3`=8192 WHERE `entry`=130806; -- Брат Аддингтон
UPDATE `creature_template` SET `minlevel`=120, `maxlevel`=120, `faction`=3014, `BaseAttackTime`=2000, `RangeAttackTime`=2000, `unit_flags`=33536, `unit_flags2`=18432 WHERE `entry`=130009; -- Изнуренный работник
UPDATE `creature_template` SET `minlevel`=120, `maxlevel`=120, `faction`=14, `BaseAttackTime`=2000, `RangeAttackTime`=2000, `unit_flags`=32832, `unit_flags2`=2048 WHERE `entry`=131404; -- Бригадир Скриппс
UPDATE `creature_template` SET `faction`=188, `BaseAttackTime`=2000, `RangeAttackTime`=2000, `unit_flags2`=2048 WHERE `entry`=142184; -- Пойменный олененок
UPDATE `creature_template` SET `minlevel`=110, `maxlevel`=110, `BaseAttackTime`=1138 WHERE `entry`=29264; -- Spirit Wolf
UPDATE `creature_template` SET `minlevel`=120, `maxlevel`=120, `faction`=3014, `npcflag`=16777216, `BaseAttackTime`=2000, `RangeAttackTime`=2000, `unit_flags`=512, `unit_flags2`=2048, `unit_flags3`=1, `dynamicflags`=128 WHERE `entry`=133154; -- Влипший в мед работник фермы
UPDATE `creature_template` SET `gossip_menu_id`=23009, `minlevel`=120, `maxlevel`=120, `faction`=3014, `npcflag`=1, `BaseAttackTime`=2000, `RangeAttackTime`=2000, `unit_flags`=33024, `unit_flags2`=2048, `dynamicflags`=128 WHERE `entry`=141604; -- Дэрион Худ
UPDATE `creature_template` SET `minlevel`=120, `maxlevel`=120, `faction`=190, `BaseAttackTime`=2000, `RangeAttackTime`=2000, `unit_flags`=33536, `unit_flags2`=2048 WHERE `entry`=141675; -- Испуганная вьючная лошадь
UPDATE `creature_template` SET `gossip_menu_id`=23016 WHERE `entry`=141603; -- Мэллори Худ
UPDATE `creature_template` SET `gossip_menu_id`=23011, `minlevel`=120, `maxlevel`=120, `faction`=3014, `npcflag`=1, `BaseAttackTime`=2000, `RangeAttackTime`=2000, `unit_flags`=33024, `unit_flags2`=2048 WHERE `entry`=141622; -- Лоррейн Худ
UPDATE `creature_template` SET `minlevel`=110, `maxlevel`=110, `BaseAttackTime`=2000, `RangeAttackTime`=2000, `unit_flags`=33536, `unit_flags2`=2048 WHERE `entry`=130792; -- Телия
UPDATE `creature_template` SET `minlevel`=110, `maxlevel`=110, `BaseAttackTime`=2000, `RangeAttackTime`=2000, `unit_flags`=33536, `unit_flags2`=2048 WHERE `entry`=130793; -- Брат Пайк
UPDATE `creature_template` SET `minlevel`=110, `maxlevel`=110, `BaseAttackTime`=1665 WHERE `entry`=24207; -- Army of the Dead
UPDATE `creature_template` SET `minlevel`=110, `maxlevel`=120, `faction`=3000, `BaseAttackTime`=2000, `RangeAttackTime`=2000, `unit_flags`=33024, `unit_flags2`=2048 WHERE `entry`=130724; -- Brennadam Citizen
UPDATE `creature_template` SET `minlevel`=110, `maxlevel`=120, `faction`=3000, `BaseAttackTime`=2000, `RangeAttackTime`=2000, `unit_flags`=33024, `unit_flags2`=2048 WHERE `entry`=130732; -- Brennadam Citizen
UPDATE `creature_template` SET `minlevel`=110, `maxlevel`=120, `faction`=3000, `BaseAttackTime`=2000, `RangeAttackTime`=2000, `unit_flags`=33024, `unit_flags2`=2048 WHERE `entry`=130734; -- Brennadam Citizen
UPDATE `creature_template` SET `minlevel`=110, `maxlevel`=120, `faction`=3000, `BaseAttackTime`=2000, `RangeAttackTime`=2000, `unit_flags`=33024, `unit_flags2`=2048 WHERE `entry`=130728; -- Brennadam Citizen
UPDATE `creature_template` SET `minlevel`=110, `maxlevel`=120, `faction`=3000, `BaseAttackTime`=2000, `RangeAttackTime`=2000, `unit_flags`=33024, `unit_flags2`=2048 WHERE `entry`=130729; -- Brennadam Citizen
UPDATE `creature_template` SET `minlevel`=110, `maxlevel`=120, `faction`=3000, `BaseAttackTime`=2000, `RangeAttackTime`=2000, `unit_flags`=33024, `unit_flags2`=2048 WHERE `entry`=130730; -- Brennadam Citizen
UPDATE `creature_template` SET `minlevel`=110, `maxlevel`=120, `faction`=3000, `BaseAttackTime`=2000, `RangeAttackTime`=2000, `unit_flags`=33024, `unit_flags2`=2048 WHERE `entry`=130731; -- Brennadam Citizen
UPDATE `creature_template` SET `minlevel`=120, `maxlevel`=120, `faction`=2908, `npcflag`=2, `BaseAttackTime`=2000, `RangeAttackTime`=2000, `unit_flags`=33536, `unit_flags2`=2048 WHERE `entry`=129999; -- Телия
UPDATE `creature_template` SET `minlevel`=110, `maxlevel`=120, `faction`=3000, `BaseAttackTime`=2000, `RangeAttackTime`=2000, `unit_flags`=33024, `unit_flags2`=2048 WHERE `entry`=130719; -- Brennadam Citizen
UPDATE `creature_template` SET `minlevel`=120, `maxlevel`=120, `faction`=2908, `BaseAttackTime`=2000, `RangeAttackTime`=2000, `unit_flags`=33552, `unit_flags2`=2048 WHERE `entry`=134241; -- Житель Бреннадама
UPDATE `creature_template` SET `gossip_menu_id`=10182 WHERE `entry`=135800; -- Сестра Лилиана
UPDATE `creature_template` SET `gossip_menu_id`=6944 WHERE `entry`=134704; -- Анна Скайспирит
UPDATE `creature_template` SET `gossip_menu_id`=23024 WHERE `entry`=141769; -- Мэрилин Худ
UPDATE `creature_template` SET `minlevel`=120, `maxlevel`=120, `faction`=31, `speed_run`=0.8571429, `BaseAttackTime`=2000, `RangeAttackTime`=2000, `unit_flags`=768, `unit_flags2`=2048 WHERE `entry`=141137; -- Овца
UPDATE `creature_template` SET `minlevel`=120, `maxlevel`=120, `faction`=14, `speed_run`=1, `BaseAttackTime`=2000, `RangeAttackTime`=2000, `unit_flags`=33587472 WHERE `entry`=94490; -- Static Charge
UPDATE `creature_template` SET `minlevel`=36, `maxlevel`=36, `faction`=3010, `BaseAttackTime`=2000, `RangeAttackTime`=2000, `unit_flags`=32768, `unit_flags2`=2048 WHERE `entry`=141118; -- Дворовый пес
UPDATE `creature_template` SET `minlevel`=120, `maxlevel`=120, `faction`=14, `BaseAttackTime`=2000, `RangeAttackTime`=2000, `unit_flags`=32832, `unit_flags2`=2048 WHERE `entry`=141088; -- Шквал
UPDATE `creature_template` SET `minlevel`=110, `maxlevel`=110, `BaseAttackTime`=2000, `RangeAttackTime`=2000, `unit_flags`=33536, `unit_flags2`=2048 WHERE `entry`=138351; -- Телия
UPDATE `creature_template` SET `minlevel`=120, `maxlevel`=120, `faction`=1803, `BaseAttackTime`=2000, `RangeAttackTime`=2000, `unit_flags`=33600, `unit_flags2`=2048 WHERE `entry`=140054; -- -0-
UPDATE `creature_template` SET `minlevel`=110, `maxlevel`=110 WHERE `entry`=43499; -- Consecration
UPDATE `creature_template` SET `unit_flags`=512, `unit_flags2`=67141664, `unit_flags3`=1 WHERE `entry`=59262; -- Demonic Gateway
UPDATE `creature_template` SET `unit_flags`=512, `unit_flags2`=67108896, `unit_flags3`=1 WHERE `entry`=59271; -- Demonic Gateway
UPDATE `creature_template` SET `minlevel`=120, `maxlevel`=120, `npcflag`=2, `BaseAttackTime`=2000, `RangeAttackTime`=2000, `unit_flags`=33536, `unit_flags2`=2048 WHERE `entry`=137866; -- -0-
UPDATE `creature_template` SET `minlevel`=108, `maxlevel`=108, `BaseAttackTime`=2000, `RangeAttackTime`=2000, `unit_flags`=32768, `unit_flags2`=2048 WHERE `entry`=97930; -- Bloodstalker
UPDATE `creature_template` SET `minlevel`=110, `maxlevel`=110, `BaseAttackTime`=1139, `RangeAttackTime`=2000, `unit_flags`=33587200, `unit_flags2`=2080 WHERE `entry`=99773; -- Bloodworm
UPDATE `creature_template` SET `npcflag`=0, `unit_flags`=33616 WHERE `entry`=137987; -- -0-
UPDATE `creature_template` SET `npcflag`=0 WHERE `entry`=137985; -- -0-
UPDATE `creature_template` SET `minlevel`=120, `maxlevel`=120, `BaseAttackTime`=2000, `RangeAttackTime`=2000, `unit_flags`=33536, `unit_flags2`=2048 WHERE `entry`=137980; -- -0-
UPDATE `creature_template` SET `minlevel`=110, `maxlevel`=110, `BaseAttackTime`=1596, `RangeAttackTime`=2000, `unit_flags`=33536, `unit_flags2`=2048, `VehicleId`=5984 WHERE `entry`=137979; -- -0-


DELETE FROM `creature_template_model` WHERE (`CreatureID`=29264 AND `CreatureDisplayID`=55290) OR (`CreatureID`=50850 AND `CreatureDisplayID`=40719);
INSERT INTO `creature_template_model` (`CreatureID`, `Idx`, `CreatureDisplayID`, `DisplayScale`, `Probability`, `VerifiedBuild`) VALUES
(29264, 0, 55290, 1, 1, 27326), -- Spirit Wolf
(50850, 0, 40719, 1, 0, 27326); -- Savage

UPDATE `creature_template_model` SET `Probability`=0, `VerifiedBuild`=27326 WHERE (`CreatureID`=20751 AND `CreatureDisplayID`=19759); -- Daggermaw Lashtail
UPDATE `creature_template_model` SET `Probability`=0, `VerifiedBuild`=27326 WHERE (`CreatureID`=25791 AND `CreatureDisplayID`=22003); -- Oil-stained Wolf
UPDATE `creature_template_model` SET `VerifiedBuild`=27326 WHERE (`CreatureID`=122010 AND `CreatureDisplayID`=76600); -- Panthara Shadowfang
UPDATE `creature_template_model` SET `VerifiedBuild`=27326 WHERE (`CreatureID`=112996 AND `CreatureDisplayID`=15294); -- Raging Tempest
UPDATE `creature_template_model` SET `Probability`=0, `VerifiedBuild`=27326 WHERE (`CreatureID`=50051 AND `CreatureDisplayID`=37396); -- Ghostcrawler
UPDATE `creature_template_model` SET `VerifiedBuild`=27326 WHERE (`CreatureID`=93143 AND `CreatureDisplayID`=63446); -- Cinder Pup
UPDATE `creature_template_model` SET `VerifiedBuild`=27326 WHERE (`CreatureID`=54319 AND `CreatureDisplayID`=38749); -- Magria
UPDATE `creature_template_model` SET `VerifiedBuild`=27326 WHERE (`CreatureID`=47244 AND `CreatureDisplayID`=11686); -- Mirror Image
UPDATE `creature_template_model` SET `VerifiedBuild`=27326 WHERE (`CreatureID`=6491 AND `CreatureDisplayID`=5233); -- Spirit Healer
UPDATE `creature_template_model` SET `VerifiedBuild`=27326 WHERE (`CreatureID`=108804 AND `CreatureDisplayID`=26532); -- Mechanical Bomb Squirrel
UPDATE `creature_template_model` SET `VerifiedBuild`=27326 WHERE (`CreatureID`=88807 AND `CreatureDisplayID`=61128); -- Argi
UPDATE `creature_template_model` SET `VerifiedBuild`=27326 WHERE (`CreatureID`=32639 AND `CreatureDisplayID`=28282); -- Gnimo
UPDATE `creature_template_model` SET `Probability`=0, `VerifiedBuild`=27326 WHERE (`CreatureID`=32638 AND `CreatureDisplayID`=28111); -- Hakmud of Argus
UPDATE `creature_template_model` SET `VerifiedBuild`=27326 WHERE (`CreatureID`=24207 AND `CreatureDisplayID`=26079); -- Army of the Dead
UPDATE `creature_template_model` SET `VerifiedBuild`=27326 WHERE (`CreatureID`=94490 AND `CreatureDisplayID`=11686); -- Static Charge
UPDATE `creature_template_model` SET `VerifiedBuild`=27326 WHERE (`CreatureID`=108927 AND `CreatureDisplayID`=32546); -- Gluttonous Raven
UPDATE `creature_template_model` SET `Probability`=0, `VerifiedBuild`=27326 WHERE (`CreatureID`=121567 AND `CreatureDisplayID`=76408); -- Lost Spectral Gryphon
UPDATE `creature_template_model` SET `Probability`=0, `VerifiedBuild`=27326 WHERE (`CreatureID`=59271 AND `CreatureDisplayID`=40658); -- Demonic Gateway
UPDATE `creature_template_model` SET `Probability`=0, `VerifiedBuild`=27326 WHERE (`CreatureID`=59262 AND `CreatureDisplayID`=40657); -- Demonic Gateway
UPDATE `creature_template_model` SET `VerifiedBuild`=27326 WHERE (`CreatureID`=97930 AND `CreatureDisplayID`=70180); -- Bloodstalker
UPDATE `creature_template_model` SET `Probability`=4, `VerifiedBuild`=27326 WHERE (`CreatureID`=97930 AND `CreatureDisplayID`=70178); -- Bloodstalker

DELETE FROM `scene_template` WHERE (`SceneId`=1953 AND `ScriptPackageID`=2093);
INSERT INTO `scene_template` (`SceneId`, `Flags`, `ScriptPackageID`) VALUES
(1953, 17, 2093);

DELETE FROM `spell_target_position` WHERE (`ID`=279339 AND `EffectIndex`=0);
INSERT INTO `spell_target_position` (`ID`, `EffectIndex`, `MapID`, `PositionX`, `PositionY`, `PositionZ`, `VerifiedBuild`) VALUES
(279339, 0, 1643, 3797.65, -639.7, 1.65, 27326); -- Spell: Dummy Efffect: 252 (SPELL_EFFECT_TELEPORT_UNITS)

DELETE FROM `creature_template_addon` WHERE `entry` IN (144332 /*144332 (Лоскутный страж) - Disease Cloud*/, 137692 /*137692 (Телия)*/, 134144 /*134144 (Живой поток)*/, 134139 /*134139 (Храмовник из Святилища Штормов) - Protective Aura*/, 136186 /*136186 (Жрица моря - спиритуалистка) - Storm Ritual*/, 134173 /*134173 (Оживленная капля) - Force Low LOD (Do Not Translate, No Display)*/, 136188 /*136188 (Связанная душа)*/, 141585 /*141585 (Морской таракан) - Mod Scale 115-120%*/, 139800 /*139800 (Ученик призывательницы штормов) - Cosmetic Wind State*/, 139799 /*139799 (Ученик Айронхалла) - Mod Scale 105-110%*/, 141587 /*141587 (Крыса) - Mod Scale 115-120%*/, 141046 /*Leana Darkwind*/, 137691 /*137691 (Брат Пайк)*/, 135937 /*135937 (Страж прилива)*/, 137693 /*137693 (Буревестница)*/, 143143 /*143143 (Брат Варрис)*/, 141849 /*141849 (Брат Пайк)*/, 141850 /*141850 (Телия)*/, 129974 /*129974 (Дитя глубин)*/, 137197 /*137197 (Азшж'тул Утонувший)*/, 137609 /*137609 (Телия)*/, 137610 /*137610 (Брат Пайк) - Lightning Channel*/, 141660 /*141660 (Лорд Штормсонг) - Stone*/, 141607 /*141607 (Лорд Штормсонг)*/, 136249 /*136249 (Сторожевой элементаль)*/, 142550 /*142550 (Оживленная капля)*/, 137506 /*137506 (Брат Пайк) - Rising Tide*/, 137508 /*137508 (Сэмюэл Уильямс) - Anim Replacement - New Drunk, Periodic Vomit*/, 137507 /*137507 (Телия)*/, 134137 /*134137 (Служитель храма) - Mod Scale 105-110%*/, 142463 /*142463 (Порабощенный моряк) - Siren's Song*/, 141177 /*141177 (Порабощенный моряк) - Siren's Song*/, 141175 /*141175 (Дадалия Сладкоголосая)*/, 142462 /*142462 (Порабощенный моряк) - Siren's Song*/, 137189 /*137189 (Заряженный буревик) - Void Form, Overload*/, 141762 /*141762 (Сияние Матери волн) - Pearl FX*/, 137706 /*137706 (Гордость Матери волн) - Pearl FX*/, 137365 /*137365 (Врата бури)*/, 136347 /*136347 (Ученик жрецов моря) - Force Low LOD (Do Not Translate, No Display)*/, 134417 /*134417 (Глубоководный ритуалист) - Void Form, Void Channel*/, 137789 /*137789 (Глубинный фанатик) - Permanent Feign Death (Stun, Untrackable, Uninteractible, Immune)*/, 137705 /*137705 (Гнев Матери волн) - Pearl FX*/, 137215 /*137215 (Глубинный фанатик)*/, 137202 /*137202 (Падший хранитель мачт) - Old God FX*/, 137188 /*137188 (Искаженный поток) - Old God FX*/, 137212 /*137212 (Глубинный пророк) - Severed Soul*/, 137220 /*137220 (Пробужденный жрец моря)*/, 137261 /*137261 (Сэмюэл Уильямс) - Anim Replacement - New Drunk*/, 137259 /*137259 (Пробужденный рекрут) - Threat 5000%*/, 141494 /*141494 (Извивающийся ужас)*/, 142540 /*142540 (Тьмулитка) - Void-Touched*/, 143031 /*Shadowback Crawler - Void-Touched*/, 142528 /*142528 (Темный ползун) - Void-Touched*/, 142515 /*142515 (Морская чайка)*/, 142601 /*142601 (Глубоководный темношкурый угорь)*/, 137037 /*137037 (Пробужденный жрец моря)*/, 136933 /*136933 (Брат Пайк)*/, 142579 /*142579 (Колючешкурый ползун)*/, 137726 /*137726 (Пробужденный рекрут)*/, 136937 /*136937 (Телия)*/, 139076 /*139076 (Стена)*/, 136652 /*136652 (Вихрящийся поток)*/, 141281 /*141281 (Темный великан) - Shadow Dissolve In (Very Slow)*/, 137039 /*137039 (Пробужденный страж моря)*/, 139250 /*139250 (Порождение пучины) - Void Form*/, 136755 /*136755 (Сестра Пакстон)*/, 136741 /*136741 (Бушующий шторм)*/, 136756 /*136756 (Утонувший иерарх) - Void Form, Tormenting Ritual*/, 136705 /*136705 (Утонувший предвестник)*/, 140938 /*140938 (Квакух) - Poisonous Skin*/, 136650 /*136650 (Стражница моря Виктория) - Set Health % (Uses Override Points) (No Health Regen)*/, 136339 /*136339 (Телия)*/, 138852 /*138852 (Зараженная кровь моря)*/, 136020 /*136020 (Телия)*/, 136703 /*136703 (Скрытный головорез)*/, 136666 /*136666 (Ополченка из ордена Возрождения Шторма)*/, 142455 /*142455 (Пойменный мустанг)*/, 136497 /*136497 (Стражница моря Виктория) - Staff, Set Health % (Uses Override Points) (No Health Regen)*/, 138781 /*138781 (Пробужденный жрец моря)*/, 138780 /*138780 (Пробужденный страж моря)*/, 136498 /*136498 (Телия)*/, 136228 /*136228 (Непокорный жрец моря)*/, 135506 /*135506 (Порабощенная ярость волн) - Set Health % (Uses Override Points) (No Health Regen)*/, 135584 /*135584 (Утонувший иерарх) - Tormenting Ritual*/, 135696 /*135696 ("Магия приливов: пассы щупальцами")*/, 135813 /*135813 (Утонувший иерарх) - Permanent Feign Death (NO Stun, Untrackable, Immune)*/, 135812 /*135812 (Усиленный страж моря) - Permanent Feign Death (NO Stun, Untrackable, Immune)*/, 136007 /*136007 (Проекция лорда Штормсонга) - Image of Lord Stormsong*/, 135972 /*135972 (Жезл приливов) - Inactive*/, 135928 /*135928 (Благословленная кровь моря)*/, 135985 /*135985 (Говорящий с волнами Рид) - Mortal Shroud, Transform*/, 135702 /*135702 ("Сектант и море")*/, 135689 /*135689 (Бездействующее щупальце)*/, 135415 /*Umbral Hulk*/, 136313 /*136313 (Утонувший иерарх) - Void Form, Permanent Feign Death (NO Stun, Untrackable, Immune)*/, 135814 /*135814 (Скрытный головорез) - Permanent Feign Death (NO Stun, Untrackable, Immune)*/, 135418 /*135418 (Скрытный головорез) - Stealth*/, 135588 /*135588 (Жезл приливов)*/, 138859 /*138859 (Пробужденная стражница моря) - Tidesage's Swiftness*/, 135705 /*135705 ("Как выбраться из пучины неприятностей")*/, 135698 /*135698 ("Присасывание к движущимся объектам: секреты мастерства")*/, 135704 /*135704 ("Волшебник Подводного города")*/, 135703 /*135703 ("Трактат по подводному лозоплетению")*/, 135700 /*135700 ("Легенды запретного прилива")*/, 135457 /*135457 (Скованная буря) - Set Health % (Uses Override Points) (No Health Regen), Enslaved*/, 135669 /*135669 - Call of the Deep*/, 135785 /*135785 (Утонувший предвестник)*/, 135585 /*135585 (Утонувший послушник) - Tormenting Ritual*/, 135670 /*135670 (Ужас из пучины)*/, 135511 /*135511 (Утонувший иерарх) - Void Form*/, 135701 /*135701 ("Лит Наж Вшшшшш: учебное пособие")*/, 135593 /*135593 (Забытый фонарь)*/, 138860 /*138860 (Непокорная стражница моря)*/, 138855 /*138855 (Пробужденный страж моря) - Tidesage's Swiftness*/, 135517 /*135517 (Стражница моря Виктория) - Injured, Set Health % (Uses Override Points) (No Health Regen)*/, 130554 /*130554 (Усиленный страж моря)*/, 138858 /*138858 (Непокорная стражница моря)*/, 135776 /*135776 (Непокорный жрец моря)*/, 138856 /*138856 (Непокорный страж моря)*/, 136053 /*136053 (Сэмюэл Уильямс) - Set Health % (Uses Override Points) (No Health Regen), Rejuvenating*/, 135746 /*135746 (Запертая дверь)*/, 138857 /*138857 (Пробужденный страж моря) - Stealth*/, 135534 /*135534 (Брат Пайк) - Rejuvenating Waters*/, 135841 /*135841 (Вьючная лошадь из долины Штормов) - Severed Soul, Permanent Feign Death (NO Stun, Untrackable, Immune)*/, 139526 /*139526 (Шторм Бездны)*/, 142198 /*142198 (Меченная Бездной лисица) - Void-Touched*/, 135515 /*135515 (Телия)*/, 130124 /*130124 (Лорд Штормсонг) - Ride Vehicle Hardcoded, Stone*/, 135729 /*135729 (Лорд Штормсонг) - Stone*/, 136157 /*136157 (Непокорный жрец моря) - Severed Soul, Permanent Feign Death (NO Stun, Untrackable, Immune)*/, 138533 /*138533 (Брат Пайк)*/, 138534 /*138534 (Сэмюэл Уильямс) - Affliction*/, 135136 /*135136 - Static Charge*/, 134980 /*134980 (Фокусирующий громоотвод)*/, 135057 /*135057 (Фанатичный послушник) - Ritual Sacrifice*/, 134877 /*134877 (Бездействующее щупальце)*/, 134876 /*134876 (Бездействующее щупальце)*/, 134861 /*134861 (Бездействующее щупальце)*/, 134897 /*134897 (Дагрус Презренный) - Merciless One, Set Health % (Uses Override Points) (No Health Regen)*/, 108804 /*108804 (Mechanical Bomb Squirrel) - Mechanical Bomb Squirrel*/, 134919 /*134919 (Утонувший корсар) - Permanent Feign Death (NO Stun, Untrackable, Immune)*/, 135071 /*135071 (Утонувший перерожденный)*/, 134918 /*134918 (Зовущий волны жрец моря) - Permanent Feign Death (NO Stun, Untrackable, Immune)*/, 134875 /*134875 (Извивающееся щупальце) - Abyssal Binding*/, 129978 /*129978 (Извивающийся левиафан)*/, 134873 /*134873 (Извивающееся щупальце) - Abyssal Binding*/, 134443 /*134443 (Извивающееся щупальце) - Abyssal Binding*/, 95464 /*95464 (Gigantic AOI Bunny - GJC [INSTANCES ONLY])*/, 134999 /*134999 (Брат Хасли)*/, 134983 /*134983 (Сэмюэл Уильямс)*/, 134639 /*134639 (Брат Пайк) - Rising Tide*/, 134641 /*134641 (Сэмюэл Уильямс) - Set Health % (Uses Override Points) (No Health Regen)*/, 130098 /*130098 (Перерожденный сектант)*/, 143510 /*143510 (Покрытый пыльцой трутень)*/);
INSERT INTO `creature_template_addon` (`entry`, `path_id`, `mount`, `bytes1`, `bytes2`, `emote`, `aiAnimKit`, `movementAnimKit`, `meleeAnimKit`, `auras`) VALUES
(144332, 0, 0, 0, 257, 0, 0, 0, 0, '12187'), -- 144332 (Лоскутный страж) - Disease Cloud
(137692, 0, 0, 0, 1, 0, 0, 0, 0, ''), -- 137692 (Телия)
(134144, 0, 0, 0, 1, 0, 0, 0, 0, ''), -- 134144 (Живой поток)
(134139, 0, 0, 0, 1, 0, 0, 0, 0, '267981'), -- 134139 (Храмовник из Святилища Штормов) - Protective Aura
(136186, 0, 0, 0, 1, 0, 0, 0, 0, '267636'), -- 136186 (Жрица моря - спиритуалистка) - Storm Ritual
(134173, 0, 0, 0, 1, 0, 0, 0, 0, '281206'), -- 134173 (Оживленная капля) - Force Low LOD (Do Not Translate, No Display)
(136188, 0, 0, 50331648, 1, 0, 5138, 0, 0, ''), -- 136188 (Связанная душа)
(141585, 0, 0, 0, 1, 0, 0, 0, 0, '123168'), -- 141585 (Морской таракан) - Mod Scale 115-120%
(139800, 0, 0, 0, 1, 0, 0, 0, 0, '274649'), -- 139800 (Ученик призывательницы штормов) - Cosmetic Wind State
(139799, 0, 0, 0, 1, 0, 0, 0, 0, '123169'), -- 139799 (Ученик Айронхалла) - Mod Scale 105-110%
(141587, 0, 0, 0, 1, 0, 0, 0, 0, '123168'), -- 141587 (Крыса) - Mod Scale 115-120%
(141046, 0, 0, 0, 1, 0, 0, 0, 0, ''), -- Leana Darkwind
(137691, 0, 0, 0, 0, 0, 0, 0, 0, ''), -- 137691 (Брат Пайк)
(135937, 0, 0, 0, 257, 0, 0, 0, 0, ''), -- 135937 (Страж прилива)
(137693, 0, 0, 0, 257, 0, 0, 0, 0, ''), -- 137693 (Буревестница)
(143143, 0, 0, 0, 256, 0, 0, 0, 0, ''), -- 143143 (Брат Варрис)
(141849, 0, 0, 0, 1, 0, 0, 0, 0, ''), -- 141849 (Брат Пайк)
(141850, 0, 0, 0, 1, 0, 0, 0, 0, ''), -- 141850 (Телия)
(129974, 0, 0, 0, 1, 0, 0, 0, 0, ''), -- 129974 (Дитя глубин)
(137197, 0, 0, 0, 1, 0, 0, 0, 0, ''), -- 137197 (Азшж'тул Утонувший)
(137609, 0, 0, 0, 1, 0, 0, 0, 0, ''), -- 137609 (Телия)
(137610, 0, 0, 0, 0, 0, 0, 0, 0, '265673'), -- 137610 (Брат Пайк) - Lightning Channel
(141660, 0, 0, 0, 1, 0, 0, 0, 0, '168975'), -- 141660 (Лорд Штормсонг) - Stone
(141607, 0, 0, 0, 1, 0, 0, 0, 0, ''), -- 141607 (Лорд Штормсонг)
(136249, 0, 0, 0, 1, 0, 0, 0, 0, ''), -- 136249 (Сторожевой элементаль)
(142550, 0, 0, 0, 1, 0, 0, 0, 0, ''), -- 142550 (Оживленная капля)
(137506, 0, 0, 0, 0, 0, 0, 0, 0, '270892'), -- 137506 (Брат Пайк) - Rising Tide
(137508, 0, 0, 0, 0, 0, 0, 0, 0, '244807 269819'), -- 137508 (Сэмюэл Уильямс) - Anim Replacement - New Drunk, Periodic Vomit
(137507, 0, 0, 0, 1, 0, 0, 0, 0, ''), -- 137507 (Телия)
(134137, 0, 0, 0, 1, 0, 0, 0, 0, '123169'), -- 134137 (Служитель храма) - Mod Scale 105-110%
(142463, 0, 0, 0, 1, 0, 0, 0, 0, '245526'), -- 142463 (Порабощенный моряк) - Siren's Song
(141177, 0, 0, 0, 1, 0, 0, 0, 0, '245526'), -- 141177 (Порабощенный моряк) - Siren's Song
(141175, 0, 0, 50331648, 1, 0, 0, 0, 0, ''), -- 141175 (Дадалия Сладкоголосая)
(142462, 0, 0, 0, 1, 0, 0, 0, 0, '245526'), -- 142462 (Порабощенный моряк) - Siren's Song
(137189, 0, 0, 0, 1, 0, 0, 0, 0, '266301 269628'), -- 137189 (Заряженный буревик) - Void Form, Overload
(141762, 0, 0, 50331648, 1, 0, 0, 0, 0, '270843'), -- 141762 (Сияние Матери волн) - Pearl FX
(137706, 0, 0, 50331648, 1, 0, 0, 0, 0, '270843'), -- 137706 (Гордость Матери волн) - Pearl FX
(137365, 0, 0, 50331648, 1, 0, 0, 0, 0, ''), -- 137365 (Врата бури)
(136347, 0, 0, 8, 1, 0, 0, 0, 0, '281206'), -- 136347 (Ученик жрецов моря) - Force Low LOD (Do Not Translate, No Display)
(134417, 0, 0, 0, 1, 0, 0, 0, 0, '268305 274285'), -- 134417 (Глубоководный ритуалист) - Void Form, Void Channel
(137789, 0, 0, 262144, 1, 0, 0, 0, 0, '145362'), -- 137789 (Глубинный фанатик) - Permanent Feign Death (Stun, Untrackable, Uninteractible, Immune)
(137705, 0, 0, 50331648, 1, 0, 0, 0, 0, '270843'), -- 137705 (Гнев Матери волн) - Pearl FX
(137215, 0, 0, 0, 1, 0, 0, 0, 0, ''), -- 137215 (Глубинный фанатик)
(137202, 0, 0, 0, 1, 0, 0, 0, 0, '269618'), -- 137202 (Падший хранитель мачт) - Old God FX
(137188, 0, 0, 0, 1, 0, 0, 0, 0, '269587'), -- 137188 (Искаженный поток) - Old God FX
(137212, 0, 0, 0, 1, 0, 0, 0, 0, '278275'), -- 137212 (Глубинный пророк) - Severed Soul
(137220, 0, 0, 0, 1, 0, 0, 0, 0, ''), -- 137220 (Пробужденный жрец моря)
(137261, 0, 0, 0, 0, 0, 0, 0, 0, '244807'), -- 137261 (Сэмюэл Уильямс) - Anim Replacement - New Drunk
(137259, 0, 0, 0, 1, 0, 0, 0, 0, '222584'), -- 137259 (Пробужденный рекрут) - Threat 5000%
(141494, 0, 0, 0, 1, 0, 0, 0, 0, ''), -- 141494 (Извивающийся ужас)
(142540, 0, 0, 0, 1, 0, 0, 0, 0, '277754'), -- 142540 (Тьмулитка) - Void-Touched
(143031, 0, 0, 0, 1, 0, 0, 0, 0, '281184'), -- Shadowback Crawler - Void-Touched
(142528, 0, 0, 0, 1, 0, 0, 0, 0, '277754'), -- 142528 (Темный ползун) - Void-Touched
(142515, 0, 0, 50331648, 1, 0, 0, 0, 0, ''), -- 142515 (Морская чайка)
(142601, 0, 0, 0, 1, 0, 0, 0, 0, ''), -- 142601 (Глубоководный темношкурый угорь)
(137037, 0, 0, 0, 1, 0, 0, 0, 0, ''), -- 137037 (Пробужденный жрец моря)
(136933, 0, 0, 0, 0, 0, 0, 0, 0, ''), -- 136933 (Брат Пайк)
(142579, 0, 0, 0, 1, 0, 0, 0, 0, ''), -- 142579 (Колючешкурый ползун)
(137726, 0, 0, 0, 0, 0, 0, 0, 0, ''), -- 137726 (Пробужденный рекрут)
(136937, 0, 0, 0, 0, 0, 0, 0, 0, ''), -- 136937 (Телия)
(139076, 0, 0, 50331648, 1, 0, 0, 0, 0, ''), -- 139076 (Стена)
(136652, 0, 0, 50331648, 1, 0, 0, 0, 0, ''), -- 136652 (Вихрящийся поток)
(141281, 0, 0, 0, 1, 0, 0, 0, 0, '256808'), -- 141281 (Темный великан) - Shadow Dissolve In (Very Slow)
(137039, 0, 0, 0, 257, 0, 0, 0, 0, ''), -- 137039 (Пробужденный страж моря)
(139250, 0, 0, 0, 1, 0, 0, 0, 0, '266301'), -- 139250 (Порождение пучины) - Void Form
(136755, 0, 0, 0, 1, 0, 0, 0, 0, ''), -- 136755 (Сестра Пакстон)
(136741, 0, 0, 0, 1, 0, 0, 0, 0, ''), -- 136741 (Бушующий шторм)
(136756, 0, 0, 0, 1, 0, 0, 0, 0, '266301 268673'), -- 136756 (Утонувший иерарх) - Void Form, Tormenting Ritual
(136705, 0, 0, 0, 1, 0, 0, 0, 0, ''), -- 136705 (Утонувший предвестник)
(140938, 0, 0, 0, 1, 0, 0, 0, 0, '158806'), -- 140938 (Квакух) - Poisonous Skin
(136650, 0, 0, 0, 0, 0, 0, 0, 0, '247866'), -- 136650 (Стражница моря Виктория) - Set Health % (Uses Override Points) (No Health Regen)
(136339, 0, 0, 0, 1, 0, 0, 0, 0, ''), -- 136339 (Телия)
(138852, 0, 0, 0, 1, 0, 0, 0, 0, ''), -- 138852 (Зараженная кровь моря)
(136020, 0, 82148, 0, 1, 0, 0, 0, 0, ''), -- 136020 (Телия)
(136703, 0, 0, 0, 1, 0, 0, 0, 0, ''), -- 136703 (Скрытный головорез)
(136666, 0, 0, 0, 1, 0, 0, 0, 0, ''), -- 136666 (Ополченка из ордена Возрождения Шторма)
(142455, 0, 0, 0, 1, 0, 0, 0, 0, ''), -- 142455 (Пойменный мустанг)
(136497, 0, 0, 8, 0, 0, 0, 0, 0, '267928 247866'), -- 136497 (Стражница моря Виктория) - Staff, Set Health % (Uses Override Points) (No Health Regen)
(138781, 0, 0, 0, 1, 0, 0, 0, 0, ''), -- 138781 (Пробужденный жрец моря)
(138780, 0, 0, 0, 1, 0, 0, 0, 0, ''), -- 138780 (Пробужденный страж моря)
(136498, 0, 0, 0, 1, 0, 0, 0, 0, ''), -- 136498 (Телия)
(136228, 0, 0, 0, 1, 0, 0, 0, 0, ''), -- 136228 (Непокорный жрец моря)
(135506, 0, 0, 0, 1, 0, 0, 0, 0, '247866'), -- 135506 (Порабощенная ярость волн) - Set Health % (Uses Override Points) (No Health Regen)
(135584, 0, 0, 0, 1, 0, 0, 0, 0, '268171'), -- 135584 (Утонувший иерарх) - Tormenting Ritual
(135696, 0, 0, 50331648, 1, 0, 0, 0, 0, ''), -- 135696 ("Магия приливов: пассы щупальцами")
(135813, 0, 0, 262144, 1, 0, 0, 0, 0, '159474'), -- 135813 (Утонувший иерарх) - Permanent Feign Death (NO Stun, Untrackable, Immune)
(135812, 0, 0, 262144, 1, 0, 0, 0, 0, '159474'), -- 135812 (Усиленный страж моря) - Permanent Feign Death (NO Stun, Untrackable, Immune)
(136007, 0, 0, 0, 0, 0, 0, 0, 0, '267384'), -- 136007 (Проекция лорда Штормсонга) - Image of Lord Stormsong
(135972, 0, 0, 50331648, 1, 0, 0, 0, 0, '267775'), -- 135972 (Жезл приливов) - Inactive
(135928, 0, 0, 0, 1, 0, 0, 0, 0, ''), -- 135928 (Благословленная кровь моря)
(135985, 0, 0, 0, 1, 0, 0, 0, 0, '265067 272925'), -- 135985 (Говорящий с волнами Рид) - Mortal Shroud, Transform
(135702, 0, 0, 50331648, 1, 0, 0, 0, 0, ''), -- 135702 ("Сектант и море")
(135689, 0, 0, 50331648, 1, 0, 0, 0, 0, ''), -- 135689 (Бездействующее щупальце)
(135415, 0, 0, 0, 1, 0, 0, 0, 0, ''), -- Umbral Hulk
(136313, 0, 0, 262144, 1, 0, 0, 0, 0, '266301 159474'), -- 136313 (Утонувший иерарх) - Void Form, Permanent Feign Death (NO Stun, Untrackable, Immune)
(135814, 0, 0, 262144, 1, 0, 0, 0, 0, '159474'), -- 135814 (Скрытный головорез) - Permanent Feign Death (NO Stun, Untrackable, Immune)
(135418, 0, 0, 0, 1, 0, 0, 0, 0, '193078'), -- 135418 (Скрытный головорез) - Stealth
(135588, 0, 0, 0, 1, 0, 0, 0, 0, ''), -- 135588 (Жезл приливов)
(138859, 0, 0, 0, 1, 0, 0, 0, 0, '273345'), -- 138859 (Пробужденная стражница моря) - Tidesage's Swiftness
(135705, 0, 0, 50331648, 1, 0, 0, 0, 0, ''), -- 135705 ("Как выбраться из пучины неприятностей")
(135698, 0, 0, 50331648, 1, 0, 0, 0, 0, ''), -- 135698 ("Присасывание к движущимся объектам: секреты мастерства")
(135704, 0, 0, 50331648, 1, 0, 0, 0, 0, ''), -- 135704 ("Волшебник Подводного города")
(135703, 0, 0, 50331648, 1, 0, 0, 0, 0, ''), -- 135703 ("Трактат по подводному лозоплетению")
(135700, 0, 0, 50331648, 1, 0, 0, 0, 0, ''), -- 135700 ("Легенды запретного прилива")
(135457, 0, 0, 0, 1, 0, 0, 0, 0, '247866 268192'), -- 135457 (Скованная буря) - Set Health % (Uses Override Points) (No Health Regen), Enslaved
(135669, 0, 0, 50331648, 1, 0, 0, 0, 0, '266494'), -- 135669 - Call of the Deep
(135785, 0, 0, 0, 1, 0, 0, 0, 0, ''), -- 135785 (Утонувший предвестник)
(135585, 0, 0, 0, 1, 0, 0, 0, 0, '268171'), -- 135585 (Утонувший послушник) - Tormenting Ritual
(135670, 0, 0, 0, 1, 0, 0, 0, 0, ''), -- 135670 (Ужас из пучины)
(135511, 0, 0, 0, 1, 0, 0, 0, 0, '266301'), -- 135511 (Утонувший иерарх) - Void Form
(135701, 0, 0, 50331648, 1, 0, 0, 0, 0, ''), -- 135701 ("Лит Наж Вшшшшш: учебное пособие")
(135593, 0, 0, 0, 1, 0, 0, 0, 0, ''), -- 135593 (Забытый фонарь)
(138860, 0, 0, 0, 0, 0, 0, 0, 0, ''), -- 138860 (Непокорная стражница моря)
(138855, 0, 0, 0, 1, 0, 0, 0, 0, '273345'), -- 138855 (Пробужденный страж моря) - Tidesage's Swiftness
(135517, 0, 0, 8, 1, 0, 0, 0, 0, '267154 247866'), -- 135517 (Стражница моря Виктория) - Injured, Set Health % (Uses Override Points) (No Health Regen)
(130554, 0, 0, 0, 1, 0, 0, 0, 0, ''), -- 130554 (Усиленный страж моря)
(138858, 0, 0, 0, 1, 0, 0, 0, 0, ''), -- 138858 (Непокорная стражница моря)
(135776, 0, 0, 0, 1, 0, 0, 0, 0, ''), -- 135776 (Непокорный жрец моря)
(138856, 0, 0, 0, 0, 0, 0, 0, 0, ''), -- 138856 (Непокорный страж моря)
(136053, 0, 0, 0, 1, 0, 0, 0, 0, '247866 267608'), -- 136053 (Сэмюэл Уильямс) - Set Health % (Uses Override Points) (No Health Regen), Rejuvenating
(135746, 0, 0, 50331648, 1, 0, 0, 0, 0, ''), -- 135746 (Запертая дверь)
(138857, 0, 0, 0, 1, 0, 0, 0, 0, '32615'), -- 138857 (Пробужденный страж моря) - Stealth
(135534, 0, 0, 0, 1, 0, 0, 0, 0, '267602'), -- 135534 (Брат Пайк) - Rejuvenating Waters
(135841, 0, 0, 262144, 1, 0, 0, 0, 0, '267196 159474'), -- 135841 (Вьючная лошадь из долины Штормов) - Severed Soul, Permanent Feign Death (NO Stun, Untrackable, Immune)
(139526, 0, 0, 50331648, 1, 0, 0, 0, 0, ''), -- 139526 (Шторм Бездны)
(142198, 0, 0, 0, 1, 0, 0, 0, 0, '277754'), -- 142198 (Меченная Бездной лисица) - Void-Touched
(135515, 0, 0, 0, 1, 0, 0, 0, 0, ''), -- 135515 (Телия)
(130124, 0, 0, 0, 1, 0, 0, 0, 0, '46598 168975'), -- 130124 (Лорд Штормсонг) - Ride Vehicle Hardcoded, Stone
(135729, 0, 0, 50331648, 1, 0, 0, 0, 0, '168975'), -- 135729 (Лорд Штормсонг) - Stone
(136157, 0, 0, 262144, 1, 0, 0, 0, 0, '267622 159474'), -- 136157 (Непокорный жрец моря) - Severed Soul, Permanent Feign Death (NO Stun, Untrackable, Immune)
(138533, 0, 0, 0, 1, 0, 0, 0, 0, ''), -- 138533 (Брат Пайк)
(138534, 0, 0, 3, 1, 0, 0, 0, 0, '278860'), -- 138534 (Сэмюэл Уильямс) - Affliction
(135136, 0, 0, 50331648, 1, 0, 0, 0, 0, '273734'), -- 135136 - Static Charge
(134980, 0, 0, 0, 1, 0, 0, 0, 0, ''), -- 134980 (Фокусирующий громоотвод)
(135057, 0, 0, 8, 1, 0, 0, 0, 0, '265387'), -- 135057 (Фанатичный послушник) - Ritual Sacrifice
(134877, 0, 0, 50331648, 1, 0, 0, 0, 0, ''), -- 134877 (Бездействующее щупальце)
(134876, 0, 0, 50331648, 1, 0, 0, 0, 0, ''), -- 134876 (Бездействующее щупальце)
(134861, 0, 0, 50331648, 1, 0, 0, 0, 0, ''), -- 134861 (Бездействующее щупальце)
(134897, 0, 0, 0, 1, 0, 0, 0, 0, '265006 247866'), -- 134897 (Дагрус Презренный) - Merciless One, Set Health % (Uses Override Points) (No Health Regen)
(108804, 0, 0, 0, 1, 0, 0, 0, 0, '216093'), -- 108804 (Mechanical Bomb Squirrel) - Mechanical Bomb Squirrel
(134919, 0, 0, 262144, 1, 0, 0, 0, 0, '159474'), -- 134919 (Утонувший корсар) - Permanent Feign Death (NO Stun, Untrackable, Immune)
(135071, 0, 0, 0, 1, 0, 0, 0, 0, ''), -- 135071 (Утонувший перерожденный)
(134918, 0, 0, 262144, 1, 0, 0, 0, 0, '159474'), -- 134918 (Зовущий волны жрец моря) - Permanent Feign Death (NO Stun, Untrackable, Immune)
(134875, 0, 0, 0, 1, 0, 0, 0, 0, '264148'), -- 134875 (Извивающееся щупальце) - Abyssal Binding
(129978, 0, 0, 50331648, 1, 0, 0, 0, 0, ''), -- 129978 (Извивающийся левиафан)
(134873, 0, 0, 0, 1, 0, 0, 0, 0, '264148'), -- 134873 (Извивающееся щупальце) - Abyssal Binding
(134443, 0, 0, 0, 1, 0, 0, 0, 0, '264148'), -- 134443 (Извивающееся щупальце) - Abyssal Binding
(95464, 0, 0, 50331648, 1, 0, 0, 0, 0, ''), -- 95464 (Gigantic AOI Bunny - GJC [INSTANCES ONLY])
(134999, 0, 0, 0, 1, 0, 0, 0, 0, ''), -- 134999 (Брат Хасли)
(134983, 0, 0, 0, 1, 0, 0, 0, 0, ''), -- 134983 (Сэмюэл Уильямс)
(134639, 0, 0, 0, 1, 0, 0, 0, 0, '264820'), -- 134639 (Брат Пайк) - Rising Tide
(134641, 0, 0, 8, 1, 0, 0, 0, 0, '247866'), -- 134641 (Сэмюэл Уильямс) - Set Health % (Uses Override Points) (No Health Regen)
(130098, 0, 0, 0, 1, 0, 0, 0, 0, ''), -- 130098 (Перерожденный сектант)
(143510, 0, 0, 50331648, 1, 0, 0, 0, 0, ''); -- 143510 (Покрытый пыльцой трутень)

UPDATE `creature_template_addon` SET `bytes1`=0, `auras`='' WHERE `entry`=131697; -- 131697 (Нагорный гризли)
UPDATE `creature_template_addon` SET `bytes2`=1, `auras`='196741' WHERE `entry`=69791; -- 69791 (Fire Spirit)
UPDATE `creature_template_addon` SET `bytes2`=1, `auras`='196741' WHERE `entry`=69792; -- 69792 (Earth Spirit)
UPDATE `creature_template_addon` SET `auras`='32233' WHERE `entry`=103673; -- Darkglare
UPDATE `creature_template_addon` SET `bytes2`=1 WHERE `entry`=24207; -- 24207 (Army of the Dead)
UPDATE `creature_template_addon` SET `auras`='' WHERE `entry`=130088; -- 130088 (Утонувший гарпунщик)
UPDATE `creature_template_addon` SET `auras`='265067' WHERE `entry`=130094; -- 130094 (Зовущий волны жрец моря)
UPDATE `creature_template_addon` SET `auras`='260102' WHERE `entry`=131862; -- 131862 (Усиленные штормом боеприпасы)
UPDATE `creature_template_addon` SET `auras`='' WHERE `entry`=139968; -- 139968 (Пораженный порчей косатик)
UPDATE `creature_template_addon` SET `bytes1`=1 WHERE `entry`=142194; -- 142194 (Пугливая чайка)
UPDATE `creature_template_addon` SET `auras`='' WHERE `entry`=142576; -- 142576 (Свободный поток)
UPDATE `creature_template_addon` SET `mount`=85667 WHERE `entry`=130010; -- 130010 (Кавалерист дома Штормсонгов)
UPDATE `creature_template_addon` SET `bytes1`=0, `auras`='271412' WHERE `entry`=130952; -- 130952 (Сестра Ава)
UPDATE `creature_template_addon` SET `bytes2`=1 WHERE `entry`=130006; -- 130006 (Лоялист дома Штормсонгов)
UPDATE `creature_template_addon` SET `bytes2`=1 WHERE `entry`=130008; -- 130008 (Шериф дома Штормсонгов)
UPDATE `creature_template_addon` SET `bytes2`=1 WHERE `entry`=143622; -- Wild Imp

DELETE FROM `creature_template_scaling` WHERE (`Entry`=144332 AND `DifficultyID`=0) OR (`Entry`=137692 AND `DifficultyID`=0) OR (`Entry`=134144 AND `DifficultyID`=0) OR (`Entry`=134139 AND `DifficultyID`=0) OR (`Entry`=136186 AND `DifficultyID`=0) OR (`Entry`=134173 AND `DifficultyID`=0) OR (`Entry`=141585 AND `DifficultyID`=0) OR (`Entry`=139800 AND `DifficultyID`=0) OR (`Entry`=139799 AND `DifficultyID`=0) OR (`Entry`=141587 AND `DifficultyID`=0) OR (`Entry`=137691 AND `DifficultyID`=0) OR (`Entry`=135937 AND `DifficultyID`=0) OR (`Entry`=143143 AND `DifficultyID`=0) OR (`Entry`=141849 AND `DifficultyID`=0) OR (`Entry`=141850 AND `DifficultyID`=0) OR (`Entry`=129974 AND `DifficultyID`=0) OR (`Entry`=137197 AND `DifficultyID`=0) OR (`Entry`=137609 AND `DifficultyID`=0) OR (`Entry`=137610 AND `DifficultyID`=0) OR (`Entry`=141660 AND `DifficultyID`=0) OR (`Entry`=141607 AND `DifficultyID`=0) OR (`Entry`=136249 AND `DifficultyID`=0) OR (`Entry`=142550 AND `DifficultyID`=0) OR (`Entry`=137507 AND `DifficultyID`=0) OR (`Entry`=134137 AND `DifficultyID`=0) OR (`Entry`=142463 AND `DifficultyID`=0) OR (`Entry`=141177 AND `DifficultyID`=0) OR (`Entry`=141175 AND `DifficultyID`=0) OR (`Entry`=142462 AND `DifficultyID`=0) OR (`Entry`=137189 AND `DifficultyID`=0) OR (`Entry`=136347 AND `DifficultyID`=0) OR (`Entry`=134417 AND `DifficultyID`=0) OR (`Entry`=137789 AND `DifficultyID`=0) OR (`Entry`=137215 AND `DifficultyID`=0) OR (`Entry`=137202 AND `DifficultyID`=0) OR (`Entry`=137188 AND `DifficultyID`=0) OR (`Entry`=137212 AND `DifficultyID`=0) OR (`Entry`=137220 AND `DifficultyID`=0) OR (`Entry`=137261 AND `DifficultyID`=0) OR (`Entry`=137259 AND `DifficultyID`=0) OR (`Entry`=141494 AND `DifficultyID`=0) OR (`Entry`=142601 AND `DifficultyID`=0) OR (`Entry`=137037 AND `DifficultyID`=0) OR (`Entry`=142579 AND `DifficultyID`=0) OR (`Entry`=137726 AND `DifficultyID`=0) OR (`Entry`=136937 AND `DifficultyID`=0) OR (`Entry`=141281 AND `DifficultyID`=0) OR (`Entry`=139250 AND `DifficultyID`=0) OR (`Entry`=136755 AND `DifficultyID`=0) OR (`Entry`=136741 AND `DifficultyID`=0) OR (`Entry`=136756 AND `DifficultyID`=0) OR (`Entry`=136705 AND `DifficultyID`=0) OR (`Entry`=140938 AND `DifficultyID`=0) OR (`Entry`=136339 AND `DifficultyID`=0) OR (`Entry`=138852 AND `DifficultyID`=0) OR (`Entry`=136020 AND `DifficultyID`=0) OR (`Entry`=136703 AND `DifficultyID`=0) OR (`Entry`=136666 AND `DifficultyID`=0) OR (`Entry`=142455 AND `DifficultyID`=0) OR (`Entry`=138781 AND `DifficultyID`=0) OR (`Entry`=138780 AND `DifficultyID`=0) OR (`Entry`=136498 AND `DifficultyID`=0) OR (`Entry`=136228 AND `DifficultyID`=0) OR (`Entry`=135506 AND `DifficultyID`=0) OR (`Entry`=135584 AND `DifficultyID`=0) OR (`Entry`=135813 AND `DifficultyID`=0) OR (`Entry`=135812 AND `DifficultyID`=0) OR (`Entry`=136007 AND `DifficultyID`=0) OR (`Entry`=135928 AND `DifficultyID`=0) OR (`Entry`=135985 AND `DifficultyID`=0) OR (`Entry`=135415 AND `DifficultyID`=0) OR (`Entry`=136313 AND `DifficultyID`=0) OR (`Entry`=135814 AND `DifficultyID`=0) OR (`Entry`=135418 AND `DifficultyID`=0) OR (`Entry`=138859 AND `DifficultyID`=0) OR (`Entry`=135457 AND `DifficultyID`=0) OR (`Entry`=135669 AND `DifficultyID`=0) OR (`Entry`=135785 AND `DifficultyID`=0) OR (`Entry`=135585 AND `DifficultyID`=0) OR (`Entry`=135670 AND `DifficultyID`=0) OR (`Entry`=135511 AND `DifficultyID`=0) OR (`Entry`=135593 AND `DifficultyID`=0) OR (`Entry`=138860 AND `DifficultyID`=0) OR (`Entry`=138855 AND `DifficultyID`=0) OR (`Entry`=130554 AND `DifficultyID`=0) OR (`Entry`=138858 AND `DifficultyID`=0) OR (`Entry`=135776 AND `DifficultyID`=0) OR (`Entry`=138856 AND `DifficultyID`=0) OR (`Entry`=138857 AND `DifficultyID`=0) OR (`Entry`=135841 AND `DifficultyID`=0) OR (`Entry`=139526 AND `DifficultyID`=0) OR (`Entry`=142198 AND `DifficultyID`=0) OR (`Entry`=135515 AND `DifficultyID`=0) OR (`Entry`=130124 AND `DifficultyID`=0) OR (`Entry`=136157 AND `DifficultyID`=0) OR (`Entry`=135136 AND `DifficultyID`=0) OR (`Entry`=135057 AND `DifficultyID`=0) OR (`Entry`=134897 AND `DifficultyID`=0) OR (`Entry`=134919 AND `DifficultyID`=0) OR (`Entry`=135071 AND `DifficultyID`=0) OR (`Entry`=134918 AND `DifficultyID`=0) OR (`Entry`=134875 AND `DifficultyID`=0) OR (`Entry`=129978 AND `DifficultyID`=0) OR (`Entry`=134873 AND `DifficultyID`=0) OR (`Entry`=134443 AND `DifficultyID`=0) OR (`Entry`=134999 AND `DifficultyID`=0) OR (`Entry`=134983 AND `DifficultyID`=0) OR (`Entry`=130098 AND `DifficultyID`=0) OR (`Entry`=143510 AND `DifficultyID`=0);
INSERT INTO `creature_template_scaling` (`Entry`, `DifficultyID`, `LevelScalingMin`, `LevelScalingMax`, `LevelScalingDeltaMin`, `LevelScalingDeltaMax`, `ContentTuningID`, `VerifiedBuild`) VALUES
(144332, 0, 120, 120, 0, 0, 465, 27326),
(137692, 0, 110, 120, 0, 0, 188, 27326),
(134144, 0, 110, 120, 1, 1, 500, 27326),
(134139, 0, 110, 120, 0, 0, 500, 27326),
(136186, 0, 110, 120, 0, 0, 500, 27326),
(134173, 0, 110, 120, 0, 0, 500, 27326),
(141585, 0, 0, 0, 0, 0, 81, 27326),
(139800, 0, 110, 120, 0, 0, 500, 27326),
(139799, 0, 110, 120, 0, 0, 500, 27326),
(141587, 0, 0, 0, 0, 0, 81, 27326),
(137691, 0, 110, 120, 0, 0, 188, 27326),
(135937, 0, 120, 120, 0, 0, 465, 27326),
(143143, 0, 110, 120, 0, 0, 188, 27326),
(141849, 0, 110, 120, 0, 0, 188, 27326),
(141850, 0, 110, 120, 0, 0, 188, 27326),
(129974, 0, 110, 120, 0, 0, 188, 27326),
(137197, 0, 110, 120, 0, 0, 188, 27326),
(137609, 0, 110, 120, 0, 0, 188, 27326),
(137610, 0, 110, 120, 0, 0, 188, 27326),
(141660, 0, 110, 120, 0, 0, 188, 27326),
(141607, 0, 110, 120, 0, 0, 188, 27326),
(136249, 0, 110, 120, 1, 1, 500, 27326),
(142550, 0, 110, 120, 0, 0, 188, 27326),
(137507, 0, 110, 120, 0, 0, 188, 27326),
(134137, 0, 110, 120, 0, 0, 500, 27326),
(142463, 0, 110, 120, 0, 0, 188, 27326),
(141177, 0, 110, 120, 0, 0, 188, 27326),
(141175, 0, 110, 120, 0, 0, 188, 27326),
(142462, 0, 110, 120, 0, 0, 188, 27326),
(137189, 0, 110, 120, 0, 0, 188, 27326),
(136347, 0, 110, 120, 0, 0, 500, 27326),
(134417, 0, 110, 120, 1, 1, 500, 27326),
(137789, 0, 110, 120, 0, 0, 188, 27326),
(137215, 0, 110, 120, 0, 0, 188, 27326),
(137202, 0, 110, 120, 0, 0, 188, 27326),
(137188, 0, 110, 120, 0, 0, 188, 27326),
(137212, 0, 110, 120, 0, 0, 188, 27326),
(137220, 0, 110, 120, 0, 0, 188, 27326),
(137261, 0, 110, 120, 0, 0, 188, 27326),
(137259, 0, 110, 120, 0, 0, 188, 27326),
(141494, 0, 110, 120, 0, 0, 188, 27326),
(142601, 0, 110, 120, 0, 0, 188, 27326),
(137037, 0, 110, 120, 0, 0, 188, 27326),
(142579, 0, 110, 120, 0, 0, 188, 27326),
(137726, 0, 110, 120, 0, 0, 188, 27326),
(136937, 0, 110, 120, 0, 0, 188, 27326),
(141281, 0, 110, 120, 0, 0, 188, 27326),
(139250, 0, 110, 120, 0, 0, 188, 27326),
(136755, 0, 110, 120, 0, 0, 188, 27326),
(136741, 0, 110, 120, 0, 0, 188, 27326),
(136756, 0, 110, 120, 0, 0, 188, 27326),
(136705, 0, 110, 120, 0, 0, 188, 27326),
(140938, 0, 110, 120, 0, 0, 0, 27326),
(136339, 0, 110, 120, 0, 0, 188, 27326),
(138852, 0, 110, 120, 0, 0, 188, 27326),
(136020, 0, 110, 120, 0, 0, 188, 27326),
(136703, 0, 110, 120, 0, 0, 188, 27326),
(136666, 0, 110, 120, 0, 0, 188, 27326),
(142455, 0, 110, 120, 0, 0, 188, 27326),
(138781, 0, 110, 120, 0, 0, 188, 27326),
(138780, 0, 110, 120, 0, 0, 188, 27326),
(136498, 0, 110, 120, 0, 0, 188, 27326),
(136228, 0, 110, 120, 0, 0, 188, 27326),
(135506, 0, 110, 120, 0, 0, 188, 27326),
(135584, 0, 110, 120, 0, 0, 188, 27326),
(135813, 0, 110, 120, 0, 0, 188, 27326),
(135812, 0, 110, 120, 0, 0, 188, 27326),
(136007, 0, 110, 120, 0, 0, 188, 27326),
(135928, 0, 110, 120, 0, 0, 188, 27326),
(135985, 0, 110, 120, 0, 0, 188, 27326),
(135415, 0, 110, 120, 0, 0, 188, 27326),
(136313, 0, 110, 120, 0, 0, 188, 27326),
(135814, 0, 110, 120, 0, 0, 188, 27326),
(135418, 0, 110, 120, 0, 0, 188, 27326),
(138859, 0, 110, 120, 0, 0, 188, 27326),
(135457, 0, 110, 120, 0, 0, 188, 27326),
(135669, 0, 0, 0, 0, 0, 277, 27326),
(135785, 0, 110, 120, 0, 0, 188, 27326),
(135585, 0, 110, 120, 0, 0, 188, 27326),
(135670, 0, 110, 120, 0, 0, 188, 27326),
(135511, 0, 110, 120, 0, 0, 188, 27326),
(135593, 0, 110, 120, 0, 0, 188, 27326),
(138860, 0, 110, 120, 0, 0, 188, 27326),
(138855, 0, 110, 120, 0, 0, 188, 27326),
(130554, 0, 110, 120, 0, 0, 188, 27326),
(138858, 0, 110, 120, 0, 0, 188, 27326),
(135776, 0, 110, 120, 0, 0, 188, 27326),
(138856, 0, 110, 120, 0, 0, 188, 27326),
(138857, 0, 110, 120, 0, 0, 188, 27326),
(135841, 0, 110, 120, 0, 0, 188, 27326),
(139526, 0, 110, 120, 0, 0, 188, 27326),
(142198, 0, 110, 120, 0, 0, 188, 27326),
(135515, 0, 110, 120, 0, 0, 188, 27326),
(130124, 0, 110, 120, 0, 0, 188, 27326),
(136157, 0, 110, 120, 0, 0, 188, 27326),
(135136, 0, 0, 0, 0, 0, 277, 27326),
(135057, 0, 110, 120, 0, 0, 188, 27326),
(134897, 0, 110, 120, 0, 0, 188, 27326),
(134919, 0, 110, 120, 0, 0, 188, 27326),
(135071, 0, 110, 120, 0, 0, 188, 27326),
(134918, 0, 110, 120, 0, 0, 188, 27326),
(134875, 0, 110, 120, 0, 0, 188, 27326),
(129978, 0, 120, 120, 0, 0, 464, 27326),
(134873, 0, 110, 120, 0, 0, 188, 27326),
(134443, 0, 110, 120, 0, 0, 188, 27326),
(134999, 0, 110, 120, 0, 0, 188, 27326),
(134983, 0, 110, 120, 0, 0, 188, 27326),
(130098, 0, 110, 120, 0, 0, 188, 27326),
(143510, 0, 110, 120, 0, 0, 292, 27326);

DELETE FROM `creature_model_info` WHERE `DisplayID` IN (81779, 88636, 84714, 74845, 81417, 86516, 84637, 84638, 87143, 87142, 75702, 87141, 86444, 85229, 85204, 86396, 85203, 85192, 85200, 85056, 85468, 85471, 85467, 85469, 85466, 86118, 84852, 88675, 88699, 76880, 76889, 84418, 80996, 84517, 86017, 84355, 88701, 84314, 84416, 84368, 88700, 84369, 84319, 88678, 84287, 84337, 88523, 84379, 88677, 84374, 84375, 84022, 84186, 84188, 85836, 83920, 88703, 85053, 88702, 81469, 86223, 84083);
INSERT INTO `creature_model_info` (`DisplayID`, `BoundingRadius`, `CombatReach`, `DisplayID_Other_Gender`, `VerifiedBuild`) VALUES
(81779, 0.26, 1.875, 0, 27326),
(88636, 0.062, 0.2, 0, 27326),
(84714, 0.306, 1.5, 0, 27326),
(74845, 0.1914099, 0.5, 0, 27326),
(81417, 0.306, 1.5, 0, 27326),
(86516, 6.444929, 10, 0, 27326),
(84637, 0.306, 1.5, 0, 27326),
(84638, 0.306, 1.5, 0, 27326),
(87143, 0.306, 1.5, 0, 27326),
(87142, 0.306, 1.5, 0, 27326),
(75702, 3.669145, 1.3, 0, 27326),
(87141, 0.208, 1.5, 0, 27326),
(86444, 3.101874, 0, 0, 27326),
(85229, 0.1, 1, 0, 27326),
(85204, 0.4166664, 1.8, 0, 27326),
(86396, 3.101874, 0, 0, 27326),
(85203, 0.4166664, 1.8, 0, 27326),
(85192, 0.3, 1.8, 0, 27326),
(85200, 0.6559727, 1.8, 0, 27326),
(85056, 0.2138892, 2.1, 0, 27326),
(85468, 0.306, 1.5, 0, 27326),
(85471, 0.208, 1.5, 0, 27326),
(85467, 0.306, 1.5, 0, 27326),
(85469, 0.208, 1.5, 0, 27326),
(85466, 0.306, 1.5, 0, 27326),
(86118, 7.427986, 0, 0, 27326),
(84852, 0.1691065, 0, 0, 27326),
(88675, 0.6902447, 1.5, 0, 27326),
(88699, 0.6559727, 1.8, 0, 27326),
(76880, 0.4905002, 1.5, 0, 27326),
(76889, 0.4905002, 1.5, 0, 27326),
(84418, 0.347222, 1.5, 0, 27326),
(80996, 1.1016, 5.4, 0, 27326),
(84517, 0.3819442, 1.65, 0, 27326),
(86017, 0.6013082, 1.65, 0, 27326),
(84355, 2.843296, 0, 0, 27326),
(88701, 0.5466439, 1.5, 0, 27326),
(84314, 0.5, 1, 0, 27326),
(84416, 0.6902447, 1.5, 0, 27326),
(84368, 0.3, 1, 0, 27326),
(88700, 0.6013082, 1.65, 0, 27326),
(84369, 0.3, 1, 0, 27326),
(84319, 0.5, 1, 0, 27326),
(88678, 0.347222, 1.5, 0, 27326),
(84287, 0.2288, 1.65, 0, 27326),
(84337, 0.6902447, 1.5, 0, 27326),
(88523, 0.306, 1.5, 0, 27326),
(84379, 0.2604179, 0, 0, 27326),
(88677, 0.347222, 1.5, 0, 27326),
(84374, 1.1016, 5.4, 0, 27326),
(84375, 0.125, 0.75, 0, 27326),
(84022, 0.8820298, 0.65, 0, 27326),
(84186, 0.347222, 1.5, 0, 27326),
(84188, 0.347222, 1.5, 0, 27326),
(85836, 0.6286404, 1.725, 0, 27326),
(83920, 1.895531, 0, 0, 27326),
(88703, 0.5466439, 1.5, 0, 27326),
(85053, 29.40138, 5.5, 0, 27326),
(88702, 0.5466439, 1.5, 0, 27326),
(81469, 0.306, 1.5, 0, 27326),
(86223, 0.5466439, 1.5, 0, 27326),
(84083, 0.5466439, 1.5, 0, 27326);

UPDATE `creature_model_info` SET `BoundingRadius`=0.213245, `VerifiedBuild`=27326 WHERE `DisplayID`=12191;
UPDATE `creature_model_info` SET `VerifiedBuild`=27326 WHERE `DisplayID`=82884;
UPDATE `creature_model_info` SET `VerifiedBuild`=27326 WHERE `DisplayID`=7763;
UPDATE `creature_model_info` SET `BoundingRadius`=0.2275, `CombatReach`=0.65, `VerifiedBuild`=27326 WHERE `DisplayID`=31994;
UPDATE `creature_model_info` SET `VerifiedBuild`=27326 WHERE `DisplayID`=38380;
UPDATE `creature_model_info` SET `VerifiedBuild`=27326 WHERE `DisplayID`=31773;
UPDATE `creature_model_info` SET `BoundingRadius`=0.2275, `CombatReach`=0.65, `VerifiedBuild`=27326 WHERE `DisplayID`=31995;
UPDATE `creature_model_info` SET `CombatReach`=0, `VerifiedBuild`=27326 WHERE `DisplayID`=55080;
UPDATE `creature_model_info` SET `BoundingRadius`=0.31, `CombatReach`=1.5, `VerifiedBuild`=27326 WHERE `DisplayID`=49069;
UPDATE `creature_model_info` SET `BoundingRadius`=0.4905002, `VerifiedBuild`=27326 WHERE `DisplayID`=237;
UPDATE `creature_model_info` SET `BoundingRadius`=1.447788, `CombatReach`=1.5, `VerifiedBuild`=27326 WHERE `DisplayID`=64601;
UPDATE `creature_model_info` SET `BoundingRadius`=0.5189645, `CombatReach`=0, `VerifiedBuild`=27326 WHERE `DisplayID`=30255;
UPDATE `creature_model_info` SET `BoundingRadius`=0.347222, `VerifiedBuild`=27326 WHERE `DisplayID`=75083;
UPDATE `creature_model_info` SET `VerifiedBuild`=27326 WHERE `DisplayID`=66495;
UPDATE `creature_model_info` SET `VerifiedBuild`=27326 WHERE `DisplayID`=71224;

DELETE FROM `npc_vendor` WHERE (`entry`=137508 AND `item`=163203 AND `ExtendedCost`=6426 AND `type`=1) OR (`entry`=137508 AND `item`=3857 AND `ExtendedCost`=0 AND `type`=1) OR (`entry`=137508 AND `item`=18567 AND `ExtendedCost`=0 AND `type`=1) OR (`entry`=137508 AND `item`=160298 AND `ExtendedCost`=0 AND `type`=1) OR (`entry`=137508 AND `item`=3466 AND `ExtendedCost`=0 AND `type`=1) OR (`entry`=137508 AND `item`=2880 AND `ExtendedCost`=0 AND `type`=1) OR (`entry`=137508 AND `item`=5956 AND `ExtendedCost`=0 AND `type`=1) OR (`entry`=137508 AND `item`=2901 AND `ExtendedCost`=0 AND `type`=1) OR (`entry`=137508 AND `item`=160502 AND `ExtendedCost`=0 AND `type`=1) OR (`entry`=137508 AND `item`=163569 AND `ExtendedCost`=0 AND `type`=1) OR (`entry`=136053 AND `item`=163203 AND `ExtendedCost`=6426 AND `type`=1) OR (`entry`=136053 AND `item`=3857 AND `ExtendedCost`=0 AND `type`=1) OR (`entry`=136053 AND `item`=18567 AND `ExtendedCost`=0 AND `type`=1) OR (`entry`=136053 AND `item`=160298 AND `ExtendedCost`=0 AND `type`=1) OR (`entry`=136053 AND `item`=3466 AND `ExtendedCost`=0 AND `type`=1) OR (`entry`=136053 AND `item`=2880 AND `ExtendedCost`=0 AND `type`=1) OR (`entry`=136053 AND `item`=5956 AND `ExtendedCost`=0 AND `type`=1) OR (`entry`=136053 AND `item`=2901 AND `ExtendedCost`=0 AND `type`=1) OR (`entry`=136053 AND `item`=160502 AND `ExtendedCost`=0 AND `type`=1) OR (`entry`=136053 AND `item`=163569 AND `ExtendedCost`=0 AND `type`=1) OR (`entry`=134641 AND `item`=163203 AND `ExtendedCost`=6426 AND `type`=1) OR (`entry`=134641 AND `item`=3857 AND `ExtendedCost`=0 AND `type`=1) OR (`entry`=134641 AND `item`=18567 AND `ExtendedCost`=0 AND `type`=1) OR (`entry`=134641 AND `item`=160298 AND `ExtendedCost`=0 AND `type`=1) OR (`entry`=134641 AND `item`=3466 AND `ExtendedCost`=0 AND `type`=1) OR (`entry`=134641 AND `item`=2880 AND `ExtendedCost`=0 AND `type`=1) OR (`entry`=134641 AND `item`=5956 AND `ExtendedCost`=0 AND `type`=1) OR (`entry`=134641 AND `item`=2901 AND `ExtendedCost`=0 AND `type`=1) OR (`entry`=134641 AND `item`=160502 AND `ExtendedCost`=0 AND `type`=1) OR (`entry`=134641 AND `item`=163569 AND `ExtendedCost`=0 AND `type`=1) OR (`entry`=142609 AND `item`=163203 AND `ExtendedCost`=6426 AND `type`=1) OR (`entry`=142609 AND `item`=3857 AND `ExtendedCost`=0 AND `type`=1) OR (`entry`=142609 AND `item`=18567 AND `ExtendedCost`=0 AND `type`=1) OR (`entry`=142609 AND `item`=160298 AND `ExtendedCost`=0 AND `type`=1) OR (`entry`=142609 AND `item`=3466 AND `ExtendedCost`=0 AND `type`=1) OR (`entry`=142609 AND `item`=2880 AND `ExtendedCost`=0 AND `type`=1) OR (`entry`=142609 AND `item`=5956 AND `ExtendedCost`=0 AND `type`=1) OR (`entry`=142609 AND `item`=2901 AND `ExtendedCost`=0 AND `type`=1) OR (`entry`=142609 AND `item`=160502 AND `ExtendedCost`=0 AND `type`=1) OR (`entry`=142609 AND `item`=163569 AND `ExtendedCost`=0 AND `type`=1);
INSERT INTO `npc_vendor` (`entry`, `slot`, `item`, `maxcount`, `ExtendedCost`, `type`, `PlayerConditionID`, `IgnoreFiltering`, `VerifiedBuild`) VALUES
(137508, 10, 163203, 0, 6426, 1, 0, 0, 27326), -- Hypersensitive Azeritometer Sensor
(137508, 9, 3857, 0, 0, 1, 0, 0, 27326), -- Coal
(137508, 8, 18567, 0, 0, 1, 0, 0, 27326), -- Elemental Flux
(137508, 7, 160298, 0, 0, 1, 0, 0, 27326), -- Durable Flux
(137508, 6, 3466, 0, 0, 1, 0, 0, 27326), -- Strong Flux
(137508, 5, 2880, 0, 0, 1, 0, 0, 27326), -- Weak Flux
(137508, 4, 5956, 0, 0, 1, 0, 0, 27326), -- Blacksmith Hammer
(137508, 3, 2901, 0, 0, 1, 0, 0, 27326), -- Mining Pick
(137508, 2, 160502, 0, 0, 1, 0, 0, 27326), -- Chemical Blasting Cap
(137508, 1, 163569, 0, 0, 1, 0, 0, 27326), -- Insulated Wiring
(136053, 10, 163203, 0, 6426, 1, 0, 0, 27326), -- Hypersensitive Azeritometer Sensor
(136053, 9, 3857, 0, 0, 1, 0, 0, 27326), -- Coal
(136053, 8, 18567, 0, 0, 1, 0, 0, 27326), -- Elemental Flux
(136053, 7, 160298, 0, 0, 1, 0, 0, 27326), -- Durable Flux
(136053, 6, 3466, 0, 0, 1, 0, 0, 27326), -- Strong Flux
(136053, 5, 2880, 0, 0, 1, 0, 0, 27326), -- Weak Flux
(136053, 4, 5956, 0, 0, 1, 0, 0, 27326), -- Blacksmith Hammer
(136053, 3, 2901, 0, 0, 1, 0, 0, 27326), -- Mining Pick
(136053, 2, 160502, 0, 0, 1, 0, 0, 27326), -- Chemical Blasting Cap
(136053, 1, 163569, 0, 0, 1, 0, 0, 27326), -- Insulated Wiring
(134641, 10, 163203, 0, 6426, 1, 0, 0, 27326), -- Hypersensitive Azeritometer Sensor
(134641, 9, 3857, 0, 0, 1, 0, 0, 27326), -- Coal
(134641, 8, 18567, 0, 0, 1, 0, 0, 27326), -- Elemental Flux
(134641, 7, 160298, 0, 0, 1, 0, 0, 27326), -- Durable Flux
(134641, 6, 3466, 0, 0, 1, 0, 0, 27326), -- Strong Flux
(134641, 5, 2880, 0, 0, 1, 0, 0, 27326), -- Weak Flux
(134641, 4, 5956, 0, 0, 1, 0, 0, 27326), -- Blacksmith Hammer
(134641, 3, 2901, 0, 0, 1, 0, 0, 27326), -- Mining Pick
(134641, 2, 160502, 0, 0, 1, 0, 0, 27326), -- Chemical Blasting Cap
(134641, 1, 163569, 0, 0, 1, 0, 0, 27326), -- Insulated Wiring
(142609, 10, 163203, 0, 6426, 1, 0, 0, 27326), -- Hypersensitive Azeritometer Sensor
(142609, 9, 3857, 0, 0, 1, 0, 0, 27326), -- Coal
(142609, 8, 18567, 0, 0, 1, 0, 0, 27326), -- Elemental Flux
(142609, 7, 160298, 0, 0, 1, 0, 0, 27326), -- Durable Flux
(142609, 6, 3466, 0, 0, 1, 0, 0, 27326), -- Strong Flux
(142609, 5, 2880, 0, 0, 1, 0, 0, 27326), -- Weak Flux
(142609, 4, 5956, 0, 0, 1, 0, 0, 27326), -- Blacksmith Hammer
(142609, 3, 2901, 0, 0, 1, 0, 0, 27326), -- Mining Pick
(142609, 2, 160502, 0, 0, 1, 0, 0, 27326), -- Chemical Blasting Cap
(142609, 1, 163569, 0, 0, 1, 0, 0, 27326); -- Insulated Wiring


DELETE FROM `creature_equip_template` WHERE (`CreatureID`=137692 AND `ID`=1) OR (`CreatureID`=134139 AND `ID`=1) OR (`CreatureID`=136186 AND `ID`=1) OR (`CreatureID`=139800 AND `ID`=1) OR (`CreatureID`=139799 AND `ID`=1) OR (`CreatureID`=137691 AND `ID`=1) OR (`CreatureID`=141849 AND `ID`=1) OR (`CreatureID`=141850 AND `ID`=1) OR (`CreatureID`=137609 AND `ID`=1) OR (`CreatureID`=137610 AND `ID`=1) OR (`CreatureID`=137506 AND `ID`=1) OR (`CreatureID`=137508 AND `ID`=1) OR (`CreatureID`=137507 AND `ID`=1) OR (`CreatureID`=134137 AND `ID`=1) OR (`CreatureID`=142463 AND `ID`=1) OR (`CreatureID`=141177 AND `ID`=1) OR (`CreatureID`=142462 AND `ID`=1) OR (`CreatureID`=134417 AND `ID`=1) OR (`CreatureID`=137215 AND `ID`=1) OR (`CreatureID`=137202 AND `ID`=1) OR (`CreatureID`=137212 AND `ID`=1) OR (`CreatureID`=137220 AND `ID`=1) OR (`CreatureID`=137261 AND `ID`=1) OR (`CreatureID`=137259 AND `ID`=1) OR (`CreatureID`=137037 AND `ID`=1) OR (`CreatureID`=136933 AND `ID`=1) OR (`CreatureID`=137726 AND `ID`=1) OR (`CreatureID`=136937 AND `ID`=1) OR (`CreatureID`=137039 AND `ID`=1) OR (`CreatureID`=136755 AND `ID`=1) OR (`CreatureID`=136756 AND `ID`=1) OR (`CreatureID`=136705 AND `ID`=1) OR (`CreatureID`=136650 AND `ID`=1) OR (`CreatureID`=136339 AND `ID`=1) OR (`CreatureID`=136020 AND `ID`=1) OR (`CreatureID`=136703 AND `ID`=1) OR (`CreatureID`=136666 AND `ID`=1) OR (`CreatureID`=138781 AND `ID`=1) OR (`CreatureID`=138780 AND `ID`=1) OR (`CreatureID`=136498 AND `ID`=1) OR (`CreatureID`=136228 AND `ID`=1) OR (`CreatureID`=135584 AND `ID`=1) OR (`CreatureID`=135813 AND `ID`=1) OR (`CreatureID`=135812 AND `ID`=1) OR (`CreatureID`=136007 AND `ID`=1) OR (`CreatureID`=135985 AND `ID`=1) OR (`CreatureID`=136313 AND `ID`=1) OR (`CreatureID`=135814 AND `ID`=1) OR (`CreatureID`=135418 AND `ID`=1) OR (`CreatureID`=138859 AND `ID`=1) OR (`CreatureID`=135785 AND `ID`=1) OR (`CreatureID`=135585 AND `ID`=1) OR (`CreatureID`=135511 AND `ID`=1) OR (`CreatureID`=138860 AND `ID`=1) OR (`CreatureID`=138855 AND `ID`=1) OR (`CreatureID`=130554 AND `ID`=1) OR (`CreatureID`=138858 AND `ID`=1) OR (`CreatureID`=135776 AND `ID`=1) OR (`CreatureID`=138856 AND `ID`=1) OR (`CreatureID`=136053 AND `ID`=1) OR (`CreatureID`=138857 AND `ID`=1) OR (`CreatureID`=135534 AND `ID`=1) OR (`CreatureID`=135515 AND `ID`=1) OR (`CreatureID`=136157 AND `ID`=1) OR (`CreatureID`=138534 AND `ID`=1) OR (`CreatureID`=134897 AND `ID`=1) OR (`CreatureID`=134919 AND `ID`=1) OR (`CreatureID`=134918 AND `ID`=1) OR (`CreatureID`=134999 AND `ID`=1) OR (`CreatureID`=134639 AND `ID`=1) OR (`CreatureID`=134641 AND `ID`=1) OR (`CreatureID`=130098 AND `ID`=1);
INSERT INTO `creature_equip_template` (`CreatureID`, `ID`, `ItemID1`, `AppearanceModID1`, `ItemVisual1`, `ItemID2`, `AppearanceModID2`, `ItemVisual2`, `ItemID3`, `AppearanceModID3`, `ItemVisual3`) VALUES
(137692, 1, 155757, 0, 0, 0, 0, 0, 0, 0, 0), -- Телия
(134139, 1, 87649, 0, 0, 155825, 0, 0, 0, 0, 0), -- Храмовник из Святилища Штормов
(136186, 1, 155148, 0, 0, 0, 0, 0, 0, 0, 0), -- Жрица моря - спиритуалистка
(139800, 1, 158921, 0, 0, 0, 0, 0, 0, 0, 0), -- Ученик призывательницы штормов
(139799, 1, 160660, 0, 0, 0, 0, 0, 0, 0, 0), -- Ученик Айронхалла
(137691, 1, 155763, 0, 0, 155791, 0, 0, 0, 0, 0), -- Брат Пайк
(141849, 1, 155763, 0, 0, 155791, 0, 0, 0, 0, 0), -- Брат Пайк
(141850, 1, 155757, 0, 0, 0, 0, 0, 0, 0, 0), -- Телия
(137609, 1, 155757, 0, 0, 0, 0, 0, 0, 0, 0), -- Телия
(137610, 1, 155763, 0, 0, 155791, 0, 0, 0, 0, 0), -- Брат Пайк
(137506, 1, 155763, 0, 0, 155791, 0, 0, 0, 0, 0), -- Брат Пайк
(137508, 1, 155768, 0, 0, 0, 0, 0, 0, 0, 0), -- Сэмюэл Уильямс
(137507, 1, 155757, 0, 0, 0, 0, 0, 0, 0, 0), -- Телия
(134137, 1, 33269, 0, 0, 155791, 0, 0, 0, 0, 0), -- Служитель храма
(142463, 1, 155799, 0, 0, 90145, 0, 0, 0, 0, 0), -- Порабощенный моряк
(141177, 1, 155799, 0, 0, 90145, 0, 0, 0, 0, 0), -- Порабощенный моряк
(142462, 1, 155799, 0, 0, 90145, 0, 0, 0, 0, 0), -- Порабощенный моряк
(134417, 1, 159932, 0, 0, 0, 0, 0, 0, 0, 0), -- Глубоководный ритуалист
(137215, 1, 152426, 0, 0, 0, 0, 0, 0, 0, 0), -- Глубинный фанатик
(137202, 1, 155796, 0, 0, 0, 0, 0, 0, 0, 0), -- Падший хранитель мачт
(137212, 1, 119396, 0, 0, 113879, 0, 0, 0, 0, 0), -- Глубинный пророк
(137220, 1, 155763, 0, 0, 155791, 0, 0, 0, 0, 0), -- Пробужденный жрец моря
(137261, 1, 155768, 0, 0, 0, 0, 0, 0, 0, 0), -- Сэмюэл Уильямс
(137259, 1, 155757, 0, 0, 0, 0, 0, 0, 0, 0), -- Пробужденный рекрут
(137037, 1, 152426, 0, 0, 0, 0, 0, 0, 0, 0), -- Пробужденный жрец моря
(136933, 1, 155763, 0, 0, 155791, 0, 0, 0, 0, 0), -- Брат Пайк
(137726, 1, 158912, 0, 0, 0, 0, 0, 0, 0, 0), -- Пробужденный рекрут
(136937, 1, 155757, 0, 0, 0, 0, 0, 0, 0, 0), -- Телия
(137039, 1, 158900, 0, 0, 0, 0, 0, 0, 0, 0), -- Пробужденный страж моря
(136755, 1, 158919, 0, 0, 0, 0, 0, 0, 0, 0), -- Сестра Пакстон
(136756, 1, 152426, 0, 0, 0, 0, 0, 0, 0, 0), -- Утонувший иерарх
(136705, 1, 119396, 0, 0, 126334, 0, 0, 0, 0, 0), -- Утонувший предвестник
(136650, 1, 155798, 0, 0, 0, 0, 0, 0, 0, 0), -- Стражница моря Виктория
(136339, 1, 155757, 0, 0, 0, 0, 0, 0, 0, 0), -- Телия
(136020, 1, 155757, 0, 0, 0, 0, 0, 0, 0, 0), -- Телия
(136703, 1, 152426, 0, 0, 0, 0, 0, 0, 0, 0), -- Скрытный головорез
(136666, 1, 155757, 0, 0, 0, 0, 0, 0, 0, 0), -- Ополченка из ордена Возрождения Шторма
(138781, 1, 152426, 0, 0, 0, 0, 0, 0, 0, 0), -- Пробужденный жрец моря
(138780, 1, 158900, 0, 0, 0, 0, 0, 0, 0, 0), -- Пробужденный страж моря
(136498, 1, 155757, 0, 0, 0, 0, 0, 0, 0, 0), -- Телия
(136228, 1, 155763, 0, 0, 0, 0, 0, 0, 0, 0), -- Непокорный жрец моря
(135584, 1, 152426, 0, 0, 0, 0, 0, 0, 0, 0), -- Утонувший иерарх
(135813, 1, 119396, 0, 0, 126334, 0, 0, 0, 0, 0), -- Утонувший иерарх
(135812, 1, 158900, 0, 0, 0, 0, 0, 0, 0, 0), -- Усиленный страж моря
(136007, 1, 159927, 0, 0, 0, 0, 0, 0, 0, 0), -- Проекция лорда Штормсонга
(135985, 1, 155797, 0, 0, 0, 0, 0, 0, 0, 0), -- Говорящий с волнами Рид
(136313, 1, 152426, 0, 0, 0, 0, 0, 0, 0, 0), -- Утонувший иерарх
(135814, 1, 152426, 0, 0, 0, 0, 0, 0, 0, 0), -- Скрытный головорез
(135418, 1, 159593, 0, 0, 0, 0, 0, 0, 0, 0), -- Скрытный головорез
(138859, 1, 158900, 0, 0, 0, 0, 0, 0, 0, 0), -- Пробужденная стражница моря
(135785, 1, 119396, 0, 0, 126334, 0, 0, 0, 0, 0), -- Утонувший предвестник
(135585, 1, 152426, 0, 0, 0, 0, 0, 0, 0, 0), -- Утонувший послушник
(135511, 1, 152426, 0, 0, 0, 0, 0, 0, 0, 0), -- Утонувший иерарх
(138860, 1, 158900, 0, 0, 0, 0, 0, 0, 0, 0), -- Непокорная стражница моря
(138855, 1, 158900, 0, 0, 0, 0, 0, 0, 0, 0), -- Пробужденный страж моря
(130554, 1, 158900, 0, 0, 0, 0, 0, 0, 0, 0), -- Усиленный страж моря
(138858, 1, 158900, 0, 0, 0, 0, 0, 0, 0, 0), -- Непокорная стражница моря
(135776, 1, 152426, 0, 0, 0, 0, 0, 0, 0, 0), -- Непокорный жрец моря
(138856, 1, 158900, 0, 0, 0, 0, 0, 0, 0, 0), -- Непокорный страж моря
(136053, 1, 155768, 0, 0, 0, 0, 0, 0, 0, 0), -- Сэмюэл Уильямс
(138857, 1, 158900, 0, 0, 0, 0, 0, 0, 0, 0), -- Пробужденный страж моря
(135534, 1, 155763, 0, 0, 155791, 0, 0, 0, 0, 0), -- Брат Пайк
(135515, 1, 155757, 0, 0, 0, 0, 0, 0, 0, 0), -- Телия
(136157, 1, 152426, 0, 0, 0, 0, 0, 0, 0, 0), -- Непокорный жрец моря
(138534, 1, 155768, 0, 0, 0, 0, 0, 0, 0, 0), -- Сэмюэл Уильямс
(134897, 1, 118245, 0, 0, 0, 0, 0, 0, 0, 0), -- Дагрус Презренный
(134919, 1, 155803, 0, 0, 0, 0, 0, 0, 0, 0), -- Утонувший корсар
(134918, 1, 152426, 0, 0, 0, 0, 0, 0, 0, 0), -- Зовущий волны жрец моря
(134999, 1, 152427, 0, 0, 0, 0, 0, 0, 0, 0), -- Брат Хасли
(134639, 1, 155763, 0, 0, 155791, 0, 0, 0, 0, 0), -- Брат Пайк
(134641, 1, 155768, 0, 0, 0, 0, 0, 0, 0, 0), -- Сэмюэл Уильямс
(130098, 1, 152427, 0, 0, 0, 0, 0, 0, 0, 0); -- Перерожденный сектант


DELETE FROM `gossip_menu` WHERE (`MenuId`=22721 AND `TextId`=35135) OR (`MenuId`=22511 AND `TextId`=34580) OR (`MenuId`=22449 AND `TextId`=34453) OR (`MenuId`=22442 AND `TextId`=34429) OR (`MenuId`=23171 AND `TextId`=35844);
INSERT INTO `gossip_menu` (`MenuId`, `TextId`, `VerifiedBuild`) VALUES
(22721, 35135, 27326), -- 137508 (Сэмюэл Уильямс)
(22511, 34580, 27326), -- 136497 (Стражница моря Виктория)
(22449, 34453, 27326), -- 135776 (Непокорный жрец моря)
(22442, 34429, 27326), -- 135746 (Запертая дверь)
(23171, 35844, 27326); -- 142609 (Мастер Гарет)

DELETE FROM `creature_template_model` WHERE (`CreatureID`=103673 AND `CreatureDisplayID`=77408);
INSERT INTO `creature_template_model` (`CreatureID`, `Idx`, `CreatureDisplayID`, `DisplayScale`, `Probability`, `VerifiedBuild`) VALUES
(103673, 0, 77408, 1, 0, 27326); -- Darkglare

UPDATE `creature_template_model` SET `VerifiedBuild`=27326 WHERE (`CreatureID`=2522 AND `CreatureDisplayID`=613); -- Jaguero Stalker
UPDATE `creature_template_model` SET `VerifiedBuild`=27326 WHERE (`CreatureID`=95464 AND `CreatureDisplayID`=11686); -- Gigantic AOI Bunny - GJC [INSTANCES ONLY]
UPDATE `creature_template_model` SET `Probability`=0, `VerifiedBuild`=27326 WHERE (`CreatureID`=95464 AND `CreatureDisplayID`=1126); -- Gigantic AOI Bunny - GJC [INSTANCES ONLY]
UPDATE `creature_template_model` SET `Probability`=0, `VerifiedBuild`=27326 WHERE (`CreatureID`=61056 AND `CreatureDisplayID`=37987); -- Primal Earth Elemental
UPDATE `creature_template_model` SET `VerifiedBuild`=27326 WHERE (`CreatureID`=77137 AND `CreatureDisplayID`=53719); -- Dread Hatchling
UPDATE `creature_template_model` SET `VerifiedBuild`=27326 WHERE (`CreatureID`=1922 AND `CreatureDisplayID`=380); -- Gray Forest Wolf

DELETE FROM `scene_template` WHERE (`SceneId`=1983 AND `ScriptPackageID`=2100);
INSERT INTO `scene_template` (`SceneId`, `Flags`, `ScriptPackageID`) VALUES
(1983, 17, 2100);

DELETE FROM `creature_template_addon` WHERE `entry` IN (139332 /*139332 (Экспериментальная боевая машина) - Permanent Feign Death (NO Stun, Untrackable, Immune)*/, 139169 /*139169 (Озлобленный рубака)*/, 139170 /*139170 (Разрушитель)*/, 139176 /*139176 (Осадная башня)*/, 139167 /*139167 (Сапер) - Rocket Pack*/, 139168 /*139168 (Кровожадный охотник за головами) - Spare Spears*/, 139165 /*139165 (Орк-налетчик)*/, 138069 /*138069 (Азеритовая пушка) - Ride Vehicle Hardcoded*/, 139186 /*139186 (Экспериментальная боевая машина)*/, 130899 /*Commander Wormwood*/, 138060 /*138060 (Азеритовая пушка) - Ride Vehicle Hardcoded*/, 138055 /*138055 (Экспериментальная боевая машина)*/, 138125 /*138125 (Инженер танка)*/, 139030 /*139030 (Заложенная взрывчатка)*/, 139031 /*139031 (Заложенная взрывчатка)*/, 137622 /*137622 (Разрушитель) - PvP Vehicle Health Regen Suppression*/, 130733 /*130733 (Испуганный ребенок) - No NPC Damage Below Override Points%*/, 130820 /*130820 (Бушующий огонь)*/, 136580 /*136580 (Испуганный горожанин) - No NPC Damage Below Override Points%, Set Health (Random 15%-55%)*/);
INSERT INTO `creature_template_addon` (`entry`, `path_id`, `mount`, `bytes1`, `bytes2`, `emote`, `aiAnimKit`, `movementAnimKit`, `meleeAnimKit`, `auras`) VALUES
(139332, 0, 0, 262144, 1, 0, 0, 0, 0, '159474'), -- 139332 (Экспериментальная боевая машина) - Permanent Feign Death (NO Stun, Untrackable, Immune)
(139169, 0, 0, 0, 1, 0, 0, 0, 0, ''), -- 139169 (Озлобленный рубака)
(139170, 0, 0, 0, 1, 0, 0, 0, 0, ''), -- 139170 (Разрушитель)
(139176, 0, 0, 0, 1, 0, 0, 0, 0, ''), -- 139176 (Осадная башня)
(139167, 0, 0, 0, 1, 0, 0, 0, 0, '269585'), -- 139167 (Сапер) - Rocket Pack
(139168, 0, 0, 0, 1, 0, 0, 0, 0, '261116'), -- 139168 (Кровожадный охотник за головами) - Spare Spears
(139165, 0, 0, 0, 1, 0, 0, 0, 0, ''), -- 139165 (Орк-налетчик)
(138069, 0, 0, 50331648, 1, 0, 0, 0, 0, '46598'), -- 138069 (Азеритовая пушка) - Ride Vehicle Hardcoded
(139186, 0, 0, 0, 1, 0, 0, 0, 0, ''), -- 139186 (Экспериментальная боевая машина)
(130899, 0, 0, 0, 1, 0, 0, 0, 0, ''), -- Commander Wormwood
(138060, 0, 0, 50331648, 1, 0, 0, 0, 0, '46598'), -- 138060 (Азеритовая пушка) - Ride Vehicle Hardcoded
(138055, 0, 0, 0, 1, 0, 0, 0, 0, ''), -- 138055 (Экспериментальная боевая машина)
(138125, 0, 0, 0, 1, 0, 0, 0, 0, ''), -- 138125 (Инженер танка)
(139030, 0, 0, 50331648, 1, 0, 0, 0, 0, ''), -- 139030 (Заложенная взрывчатка)
(139031, 0, 0, 50331648, 1, 0, 0, 0, 0, ''), -- 139031 (Заложенная взрывчатка)
(137622, 0, 0, 0, 1, 0, 0, 0, 0, '52455'), -- 137622 (Разрушитель) - PvP Vehicle Health Regen Suppression
(130733, 0, 0, 0, 1, 0, 0, 0, 0, '155893'), -- 130733 (Испуганный ребенок) - No NPC Damage Below Override Points%
(130820, 0, 0, 50331648, 1, 0, 0, 0, 0, ''), -- 130820 (Бушующий огонь)
(136580, 0, 0, 0, 1, 0, 0, 0, 0, '155893 244971'); -- 136580 (Испуганный горожанин) - No NPC Damage Below Override Points%; Set Health (Random 15%-55%)

UPDATE `creature_template_addon` SET `bytes1`=262144, `bytes2`=1, `auras`='154470' WHERE `entry`=130006; -- 130006 (Лоялист дома Штормсонгов)
UPDATE `creature_template_addon` SET `bytes1`=8 WHERE `entry`=136439; -- 136439 (Отрекшийся-убийца)
UPDATE `creature_template_addon` SET `auras`='109525' WHERE `entry`=136204; -- 136204
UPDATE `creature_template_addon` SET `bytes1`=0, `auras`='109525' WHERE `entry`=136205; -- 136205 (Ледоклык-завыватель)
UPDATE `creature_template_addon` SET `auras`='244863' WHERE `entry`=141484; -- 141484 (Житель Бреннадама)
UPDATE `creature_template_addon` SET `bytes2`=1 WHERE `entry`=89; -- Infernal
UPDATE `creature_template_addon` SET `auras`='45579' WHERE `entry`=138028; -- 138028 (Капитан Столбняк)
UPDATE `creature_template_addon` SET `auras`='11196 278508' WHERE `entry`=140925; -- 140925 (Доктор Марртенс)
UPDATE `creature_template_addon` SET `mount`=0 WHERE `entry`=137104; -- 137104 (Орк-налетчик)
UPDATE `creature_template_addon` SET `bytes1`=0, `auras`='99203 136133' WHERE `entry`=129753; -- 129753 (Кровожадный охотник за головами)
UPDATE `creature_template_addon` SET `bytes1`=0, `auras`='' WHERE `entry`=129749; -- 129749 (Озлобленный рубака)
UPDATE `creature_template_addon` SET `bytes1`=0, `auras`='255498' WHERE `entry`=131272; -- 131272 (Житель Бреннадама)
UPDATE `creature_template_addon` SET `bytes2`=0, `auras`='' WHERE `entry`=130190; -- 130190 (Сержант Келвин)
UPDATE `creature_template_addon` SET `auras`='' WHERE `entry`=141483; -- 141483 (Житель Бреннадама)
UPDATE `creature_template_addon` SET `auras`='255498' WHERE `entry`=141482; -- 141482 (Жительница Бреннадама)
UPDATE `creature_template_addon` SET `auras`='' WHERE `entry`=143361; -- 143361 (Шаловливый хорек)

DELETE FROM `creature_template_scaling` WHERE (`Entry`=139332 AND `DifficultyID`=0) OR (`Entry`=139169 AND `DifficultyID`=0) OR (`Entry`=139170 AND `DifficultyID`=0) OR (`Entry`=139176 AND `DifficultyID`=0) OR (`Entry`=139167 AND `DifficultyID`=0) OR (`Entry`=139168 AND `DifficultyID`=0) OR (`Entry`=139165 AND `DifficultyID`=0) OR (`Entry`=138069 AND `DifficultyID`=0) OR (`Entry`=139186 AND `DifficultyID`=0) OR (`Entry`=130899 AND `DifficultyID`=0) OR (`Entry`=138060 AND `DifficultyID`=0) OR (`Entry`=138055 AND `DifficultyID`=0) OR (`Entry`=138125 AND `DifficultyID`=0) OR (`Entry`=139030 AND `DifficultyID`=0) OR (`Entry`=139031 AND `DifficultyID`=0) OR (`Entry`=137622 AND `DifficultyID`=0) OR (`Entry`=130733 AND `DifficultyID`=0) OR (`Entry`=136580 AND `DifficultyID`=0);
INSERT INTO `creature_template_scaling` (`Entry`, `DifficultyID`, `LevelScalingMin`, `LevelScalingMax`, `LevelScalingDeltaMin`, `LevelScalingDeltaMax`, `ContentTuningID`, `VerifiedBuild`) VALUES
(139332, 0, 110, 120, 0, 0, 188, 27326),
(139169, 0, 110, 120, 0, 0, 188, 27326),
(139170, 0, 120, 120, 0, 0, 290, 27326),
(139176, 0, 110, 120, 0, 0, 188, 27326),
(139167, 0, 110, 120, 0, 0, 188, 27326),
(139168, 0, 110, 120, 0, 0, 188, 27326),
(139165, 0, 110, 120, 0, 0, 188, 27326),
(138069, 0, 110, 120, 0, 0, 188, 27326),
(139186, 0, 110, 120, 0, 0, 188, 27326),
(130899, 0, 110, 120, 0, 0, 188, 27326),
(138060, 0, 110, 120, 0, 0, 188, 27326),
(138055, 0, 110, 120, 0, 0, 188, 27326),
(138125, 0, 110, 120, 0, 0, 188, 27326),
(139030, 0, 110, 120, 0, 0, 188, 27326),
(139031, 0, 110, 120, 0, 0, 188, 27326),
(137622, 0, 120, 120, 0, 0, 290, 27326),
(130733, 0, 110, 120, 0, 0, 188, 27326),
(136580, 0, 110, 120, 0, 0, 188, 27326);

DELETE FROM `creature_model_info` WHERE `DisplayID` IN (84851, 84753, 85702, 85115, 88477, 77040, 76548, 88684, 81370);
INSERT INTO `creature_model_info` (`DisplayID`, `BoundingRadius`, `CombatReach`, `DisplayID_Other_Gender`, `VerifiedBuild`) VALUES
(84851, 9.488919, 7.5, 0, 27326),
(84753, 0.372, 1.5, 0, 27326),
(85702, 2.374366, 3, 0, 27326),
(85115, 0.31, 7.7, 0, 27326),
(88477, 1, 5, 0, 27326),
(77040, 0.1914694, 1, 0, 27326),
(76548, 0.1519633, 1, 0, 27326),
(88684, 0.306, 1.5, 0, 27326),
(81370, 0.208, 1.5, 0, 27326);

UPDATE `creature_model_info` SET `BoundingRadius`=5.492237, `CombatReach`=4, `VerifiedBuild`=27326 WHERE `DisplayID`=28823;
UPDATE `creature_model_info` SET `BoundingRadius`=4.119178, `VerifiedBuild`=27326 WHERE `DisplayID`=25092;

DELETE FROM `npc_vendor` WHERE (`entry`=135874 AND `item`=159867 AND `ExtendedCost`=0 AND `type`=1) OR (`entry`=135874 AND `item`=163051 AND `ExtendedCost`=0 AND `type`=1);
INSERT INTO `npc_vendor` (`entry`, `slot`, `item`, `maxcount`, `ExtendedCost`, `type`, `PlayerConditionID`, `IgnoreFiltering`, `VerifiedBuild`) VALUES
(135874, 2, 159867, 0, 0, 1, 0, 0, 27326), -- Rockskip Mineral Water
(135874, 1, 163051, 0, 0, 1, 0, 0, 27326); -- Seafarer's Biscuit


DELETE FROM `creature_equip_template` WHERE (`CreatureID`=139169 AND `ID`=1) OR (`CreatureID`=139167 AND `ID`=1) OR (`CreatureID`=139168 AND `ID`=1) OR (`CreatureID`=139165 AND `ID`=1) OR (`CreatureID`=130899 AND `ID`=1) OR (`CreatureID`=138125 AND `ID`=1) OR (`CreatureID`=131272 AND `ID`=1);
INSERT INTO `creature_equip_template` (`CreatureID`, `ID`, `ItemID1`, `AppearanceModID1`, `ItemVisual1`, `ItemID2`, `AppearanceModID2`, `ItemVisual2`, `ItemID3`, `AppearanceModID3`, `ItemVisual3`) VALUES
(139169, 1, 47034, 0, 0, 0, 0, 0, 0, 0, 0), -- Озлобленный рубака
(139167, 1, 0, 0, 0, 0, 0, 0, 136631, 0, 0), -- Сапер
(139168, 1, 160115, 0, 0, 0, 0, 0, 0, 0, 0), -- Кровожадный охотник за головами
(139165, 1, 12142, 0, 0, 0, 0, 0, 0, 0, 0), -- Орк-налетчик
(130899, 1, 124631, 0, 0, 106397, 0, 0, 0, 0, 0), -- Commander Wormwood
(138125, 1, 31824, 0, 0, 0, 0, 0, 136631, 0, 0), -- Инженер танка
(131272, 1, 6256, 0, 0, 0, 0, 0, 0, 0, 0); -- Житель Бреннадама


DELETE FROM `gossip_menu` WHERE (`MenuId`=22512 AND `TextId`=34588) OR (`MenuId`=22453 AND `TextId`=34460);
INSERT INTO `gossip_menu` (`MenuId`, `TextId`, `VerifiedBuild`) VALUES
(22512, 34588, 27326), -- 135874 (Лия Мартинел)
(22453, 34460, 27326); -- 135682 (Патрик Экхарт)

DELETE FROM `creature_template_addon` WHERE `entry` IN (139549 /*Turn In Target - Turn In Circle*/, 136478 /*136478 (Пушка) - Cannon*/, 136481 /*136481 (Пушка)*/);
INSERT INTO `creature_template_addon` (`entry`, `path_id`, `mount`, `bytes1`, `bytes2`, `emote`, `aiAnimKit`, `movementAnimKit`, `meleeAnimKit`, `auras`) VALUES
(139549, 0, 0, 0, 1, 0, 0, 0, 0, '273542'), -- Turn In Target - Turn In Circle
(136478, 0, 0, 0, 1, 0, 0, 0, 0, '277364'), -- 136478 (Пушка) - Cannon
(136481, 0, 0, 0, 1, 0, 0, 0, 0, ''); -- 136481 (Пушка)

UPDATE `creature_template_addon` SET `bytes1`=262144, `bytes2`=1, `auras`='154470' WHERE `entry`=130006; -- 130006 (Лоялист дома Штормсонгов)
UPDATE `creature_template_addon` SET `bytes1`=0 WHERE `entry`=136205; -- 136205

DELETE FROM `creature_model_info` WHERE `DisplayID` IN (86392, 81567);
INSERT INTO `creature_model_info` (`DisplayID`, `BoundingRadius`, `CombatReach`, `DisplayID_Other_Gender`, `VerifiedBuild`) VALUES
(86392, 0.45, 0.9, 0, 27356),
(81567, 0.9274839, 0, 0, 27356);


UPDATE `creature_model_info` SET `BoundingRadius`=0.3, `VerifiedBuild`=27356 WHERE `DisplayID`=39353;
UPDATE `creature_model_info` SET `BoundingRadius`=0.57947, `CombatReach`=0, `VerifiedBuild`=27356 WHERE `DisplayID`=60964;

DELETE FROM `creature_template_addon` WHERE `entry` IN (138582 /*138582 (Главный инженер Гризз) - Ride Vehicle Hardcoded*/, 138581 /*138581 (Главный инженер Гризз)*/, 140998 /*140998 (Геди Хмельной Глаз)*/, 140890 /*140890 (Тако'ки)*/, 141055 /*141055 (Пленный шахтер) - Poisoned, Permanent Feign Death*/, 135266 /*135266 (Почтенный шаман)*/, 141045 /*141045 (Мишень)*/, 141038 /*141038 (Мишень)*/, 140883 /*140883 (Кровожадный волк)*/, 135264 /*135264 (Бывалый рубака)*/, 135754 /*135754 (Страж смерти - штурмовик)*/, 139962 /*139962 (Строение крепости Клыка Войны)*/, 135904 /*135904 (Берсерк-ветеран)*/, 136090 /*136090 (Боевой маг син'дорай)*/, 138683 /*138683 (Генерал Блэкстоун) - Dummy Spell*/, 138924 /*138924 (Холгер Нэш) - Ball and Chain, Cosmetic, Mining State*/, 135267 /*135267 (Опытный охотник)*/, 136333 /*136333 (Пленный шахтер) - Permanent Feign Death (Flies)*/, 139174 /*139174*/, 137927 /*137927 (Осадная башня)*/, 139839 /*139839 (Кьяра Марроу)*/, 135982 /*135982 (Наездник на волке)*/, 139704 /*139704 (Каэла Годвин)*/, 141194 /*141194 (Кливленд Раули)*/, 139623 /*139623 (Раненый ополченец) - Permanent Feign Death*/, 141195 /*141195 (Алексис Саузи)*/, 139385 /*139385 (Длинноклык)*/, 130899 /*Commander Wormwood*/, 139332 /*139332 (Экспериментальная боевая машина) - Permanent Feign Death (NO Stun, Untrackable, Immune)*/, 139977 /*139977 (Монтажник аванпоста)*/, 136950 /*136950 (Зандаларский кровопускатель) - UNUSUED*/, 136942 /*136942 (Ярсел'гун) - Spyglass*/, 142455 /*142455 (Пойменный мустанг)*/, 141205 /*141205 (Эрди Кровавый Зуб)*/, 136262 /*136262 (Ледоклык-завыватель)*/, 136273 /*136273 (Монтажник аванпоста)*/, 135882 /*135882 (Огарт Падающий Топор)*/, 136311 /*136311 (Горный ястреб) - Updraft*/, 136301 /*136301 (Нагорный гризли)*/);
INSERT INTO `creature_template_addon` (`entry`, `path_id`, `mount`, `bytes1`, `bytes2`, `emote`, `aiAnimKit`, `movementAnimKit`, `meleeAnimKit`, `auras`) VALUES
(138582, 0, 0, 0, 1, 0, 0, 0, 0, '46598'), -- 138582 (Главный инженер Гризз) - Ride Vehicle Hardcoded
(138581, 0, 0, 0, 1, 0, 0, 0, 0, ''), -- 138581 (Главный инженер Гризз)
(140998, 0, 0, 0, 1, 0, 0, 0, 0, ''), -- 140998 (Геди Хмельной Глаз)
(140890, 0, 0, 0, 1, 0, 0, 0, 0, ''), -- 140890 (Тако'ки)
(141055, 0, 0, 0, 1, 0, 0, 0, 0, '246086 29266'), -- 141055 (Пленный шахтер) - Poisoned, Permanent Feign Death
(135266, 0, 0, 0, 0, 0, 0, 0, 0, ''), -- 135266 (Почтенный шаман)
(141045, 0, 0, 50331648, 1, 0, 0, 0, 0, ''), -- 141045 (Мишень)
(141038, 0, 0, 50331648, 1, 0, 0, 0, 0, ''), -- 141038 (Мишень)
(140883, 0, 0, 0, 1, 0, 0, 0, 0, ''), -- 140883 (Кровожадный волк)
(135264, 0, 0, 0, 0, 0, 0, 0, 0, ''), -- 135264 (Бывалый рубака)
(135754, 0, 0, 0, 1, 0, 0, 0, 0, ''), -- 135754 (Страж смерти - штурмовик)
(139962, 0, 0, 50331648, 1, 0, 0, 0, 0, ''), -- 139962 (Строение крепости Клыка Войны)
(135904, 0, 0, 0, 1, 0, 0, 0, 0, ''), -- 135904 (Берсерк-ветеран)
(136090, 0, 0, 0, 1, 0, 0, 0, 0, ''), -- 136090 (Боевой маг син'дорай)
(138683, 0, 0, 0, 0, 0, 0, 0, 0, '279402'), -- 138683 (Генерал Блэкстоун) - Dummy Spell
(138924, 0, 0, 0, 1, 0, 0, 0, 0, '254966 274524'), -- 138924 (Холгер Нэш) - Ball and Chain, Cosmetic, Mining State
(135267, 0, 0, 0, 1, 0, 0, 0, 0, ''), -- 135267 (Опытный охотник)
(136333, 0, 0, 262144, 1, 0, 0, 0, 0, '154470'), -- 136333 (Пленный шахтер) - Permanent Feign Death (Flies)
(139174, 0, 0, 50331648, 1, 0, 0, 0, 0, ''), -- 139174
(137927, 0, 0, 0, 1, 0, 0, 0, 0, ''), -- 137927 (Осадная башня)
(139839, 0, 10719, 0, 1, 0, 0, 0, 0, ''), -- 139839 (Кьяра Марроу)
(135982, 0, 14334, 0, 1, 0, 0, 0, 0, ''), -- 135982 (Наездник на волке)
(139704, 0, 0, 0, 257, 0, 0, 0, 0, ''), -- 139704 (Каэла Годвин)
(141194, 0, 0, 0, 257, 0, 0, 0, 0, ''), -- 141194 (Кливленд Раули)
(139623, 0, 0, 262144, 257, 0, 0, 0, 0, '153971'), -- 139623 (Раненый ополченец) - Permanent Feign Death
(141195, 0, 0, 0, 258, 0, 0, 0, 0, ''), -- 141195 (Алексис Саузи)
(139385, 0, 0, 0, 1, 0, 0, 0, 0, ''), -- 139385 (Длинноклык)
(130899, 0, 0, 0, 1, 0, 0, 0, 0, ''), -- Commander Wormwood
(139332, 0, 0, 262144, 1, 0, 0, 0, 0, '159474'), -- 139332 (Экспериментальная боевая машина) - Permanent Feign Death (NO Stun, Untrackable, Immune)
(139977, 0, 0, 0, 1, 0, 0, 0, 0, ''), -- 139977 (Монтажник аванпоста)
(136950, 0, 0, 0, 1, 0, 0, 0, 0, '277331'), -- 136950 (Зандаларский кровопускатель) - UNUSUED
(136942, 0, 0, 0, 1, 0, 0, 0, 0, '133716'), -- 136942 (Ярсел'гун) - Spyglass
(142455, 0, 0, 0, 1, 0, 0, 0, 0, ''), -- 142455 (Пойменный мустанг)
(141205, 0, 0, 0, 1, 0, 0, 0, 0, ''), -- 141205 (Эрди Кровавый Зуб)
(136262, 0, 0, 0, 1, 0, 0, 0, 0, ''), -- 136262 (Ледоклык-завыватель)
(136273, 0, 0, 0, 1, 0, 0, 0, 0, ''), -- 136273 (Монтажник аванпоста)
(135882, 0, 0, 0, 1, 0, 0, 0, 0, ''), -- 135882 (Огарт Падающий Топор)
(136311, 0, 0, 50331648, 1, 0, 0, 0, 0, '256404'), -- 136311 (Горный ястреб) - Updraft
(136301, 0, 0, 0, 1, 0, 0, 0, 0, ''); -- 136301 (Нагорный гризли)

UPDATE `creature_template_addon` SET `auras`='155893' WHERE `entry`=138521; -- 138521 (Минер)
UPDATE `creature_template_addon` SET `bytes1`=262144, `bytes2`=1, `auras`='154470' WHERE `entry`=135391; -- 135391 (Работник из Мертвецкой Трясины)
UPDATE `creature_template_addon` SET `bytes1`=262144, `bytes2`=1, `auras`='154470' WHERE `entry`=131360; -- 131360 (Стражник батальона)
UPDATE `creature_template_addon` SET `bytes1`=262144, `bytes2`=1, `auras`='154470' WHERE `entry`=131361; -- 131361 (Стражница батальона)
UPDATE `creature_template_addon` SET `auras`='201626 264976' WHERE `entry`=139980; -- 139980 (Тайя Морской Завыватель)
UPDATE `creature_template_addon` SET `bytes1`=262144, `bytes2`=1, `auras`='154470' WHERE `entry`=130006; -- 130006 (Лоялист дома Штормсонгов)
UPDATE `creature_template_addon` SET `bytes1`=0 WHERE `entry`=136205; -- 136205 (Ледоклык-завыватель)
UPDATE `creature_template_addon` SET `bytes1`=1 WHERE `entry`=136230; -- 136230 (Раненый горожанин)

DELETE FROM `creature_template_scaling` WHERE (`Entry`=138582 AND `DifficultyID`=0) OR (`Entry`=138581 AND `DifficultyID`=0) OR (`Entry`=140998 AND `DifficultyID`=0) OR (`Entry`=140890 AND `DifficultyID`=0) OR (`Entry`=141055 AND `DifficultyID`=0) OR (`Entry`=135266 AND `DifficultyID`=0) OR (`Entry`=140883 AND `DifficultyID`=0) OR (`Entry`=135264 AND `DifficultyID`=0) OR (`Entry`=135754 AND `DifficultyID`=0) OR (`Entry`=139962 AND `DifficultyID`=0) OR (`Entry`=135904 AND `DifficultyID`=0) OR (`Entry`=136090 AND `DifficultyID`=0) OR (`Entry`=138683 AND `DifficultyID`=0) OR (`Entry`=138924 AND `DifficultyID`=0) OR (`Entry`=135267 AND `DifficultyID`=0) OR (`Entry`=136333 AND `DifficultyID`=0) OR (`Entry`=139174 AND `DifficultyID`=0) OR (`Entry`=137927 AND `DifficultyID`=0) OR (`Entry`=139839 AND `DifficultyID`=0) OR (`Entry`=135982 AND `DifficultyID`=0) OR (`Entry`=139704 AND `DifficultyID`=0) OR (`Entry`=141194 AND `DifficultyID`=0) OR (`Entry`=139623 AND `DifficultyID`=0) OR (`Entry`=141195 AND `DifficultyID`=0) OR (`Entry`=139385 AND `DifficultyID`=0) OR (`Entry`=130899 AND `DifficultyID`=0) OR (`Entry`=139332 AND `DifficultyID`=0) OR (`Entry`=139977 AND `DifficultyID`=0) OR (`Entry`=136950 AND `DifficultyID`=0) OR (`Entry`=136942 AND `DifficultyID`=0) OR (`Entry`=142455 AND `DifficultyID`=0) OR (`Entry`=141205 AND `DifficultyID`=0) OR (`Entry`=136262 AND `DifficultyID`=0) OR (`Entry`=136273 AND `DifficultyID`=0) OR (`Entry`=135882 AND `DifficultyID`=0) OR (`Entry`=136311 AND `DifficultyID`=0) OR (`Entry`=136301 AND `DifficultyID`=0);
INSERT INTO `creature_template_scaling` (`Entry`, `DifficultyID`, `LevelScalingMin`, `LevelScalingMax`, `LevelScalingDeltaMin`, `LevelScalingDeltaMax`, `ContentTuningID`, `VerifiedBuild`) VALUES
(138582, 0, 110, 120, 0, 0, 188, 27356),
(138581, 0, 110, 120, 0, 0, 188, 27356),
(140998, 0, 110, 120, 0, 0, 188, 27356),
(140890, 0, 110, 120, 0, 0, 188, 27356),
(141055, 0, 110, 120, 0, 0, 188, 27356),
(135266, 0, 110, 120, 0, 0, 188, 27356),
(140883, 0, 110, 120, 0, 0, 188, 27356),
(135264, 0, 110, 120, 0, 0, 188, 27356),
(135754, 0, 110, 120, 0, 0, 188, 27356),
(139962, 0, 0, 0, 0, 0, 277, 27356),
(135904, 0, 110, 120, 0, 0, 188, 27356),
(136090, 0, 110, 120, 0, 0, 188, 27356),
(138683, 0, 110, 120, 0, 0, 188, 27356),
(138924, 0, 110, 120, 0, 0, 188, 27356),
(135267, 0, 110, 120, 0, 0, 188, 27356),
(136333, 0, 110, 120, 0, 0, 188, 27356),
(139174, 0, 0, 0, 0, 0, 277, 27356),
(137927, 0, 110, 120, 0, 0, 188, 27356),
(139839, 0, 110, 120, 0, 0, 188, 27356),
(135982, 0, 110, 120, 0, 0, 188, 27356),
(139704, 0, 110, 120, 0, 0, 188, 27356),
(141194, 0, 110, 120, 0, 0, 188, 27356),
(139623, 0, 110, 120, 0, 0, 188, 27356),
(141195, 0, 110, 120, 0, 0, 188, 27356),
(139385, 0, 110, 120, 0, 0, 188, 27356),
(130899, 0, 110, 120, 0, 0, 188, 27356),
(139332, 0, 110, 120, 0, 0, 188, 27356),
(139977, 0, 110, 120, 0, 0, 188, 27356),
(136950, 0, 110, 120, 0, 0, 188, 27356),
(136942, 0, 110, 120, 0, 0, 188, 27356),
(142455, 0, 110, 120, 0, 0, 188, 27356),
(141205, 0, 110, 120, 0, 0, 186, 27356),
(136262, 0, 110, 120, 0, 0, 188, 27356),
(136273, 0, 110, 120, 0, 0, 188, 27356),
(135882, 0, 110, 120, 0, 0, 188, 27356),
(136311, 0, 110, 120, 0, 0, 188, 27356),
(136301, 0, 110, 120, 0, 0, 188, 27356);

DELETE FROM `creature_model_info` WHERE `DisplayID` IN (85899, 84850, 84117, 86953, 84223, 84221, 84222, 84220, 84225, 84396, 84219, 85902, 85928, 84218, 81153, 80733, 84851, 84406, 86446, 87144, 86447, 87145, 84753, 85115, 84970, 76880, 84965, 76889, 87156, 78954, 84835);
INSERT INTO `creature_model_info` (`DisplayID`, `BoundingRadius`, `CombatReach`, `DisplayID_Other_Gender`, `VerifiedBuild`) VALUES
(85899, 0.306, 1.5, 0, 27356),
(84850, 2.417288, 0, 0, 27356),
(84117, 0.306, 1.5, 0, 27356),
(86953, 0.6375197, 0, 0, 27356),
(84223, 0.372, 1.5, 0, 27356),
(84221, 0.236, 1.5, 0, 27356),
(84222, 0.372, 1.5, 0, 27356),
(84220, 0.236, 1.5, 0, 27356),
(84225, 0.236, 1.5, 0, 27356),
(84396, 0.383, 1.5, 0, 27356),
(84219, 0.372, 1.5, 0, 27356),
(85902, 0.383, 1.5, 0, 27356),
(85928, 0.4213, 1.65, 0, 27356),
(84218, 0.372, 1.5, 0, 27356),
(81153, 0.6902447, 1.5, 0, 27356),
(80733, 0.306, 1.5, 0, 27356),
(84851, 9.488919, 7.5, 0, 27356),
(84406, 0.383, 1.5, 0, 27356),
(86446, 0.306, 1.5, 0, 27356),
(87144, 0.6902447, 1.5, 0, 27356),
(86447, 0.306, 1.5, 0, 27356),
(87145, 0.347222, 1.5, 0, 27356),
(84753, 0.372, 1.5, 0, 27356),
(85115, 0.31, 7.7, 0, 27356),
(84970, 0.347222, 1.5, 0, 27356),
(76880, 0.4905002, 1.5, 0, 27356),
(84965, 0.3366, 1.65, 0, 27356),
(76889, 0.4905002, 1.5, 0, 27356),
(87156, 0.236, 1.5, 0, 27356),
(78954, 0.306, 1.5, 0, 27356),
(84835, 0.5022, 2.025, 0, 27356);

UPDATE `creature_model_info` SET `VerifiedBuild`=27356 WHERE `DisplayID`=27957;
UPDATE `creature_model_info` SET `VerifiedBuild`=27356 WHERE `DisplayID`=23185;
UPDATE `creature_model_info` SET `VerifiedBuild`=27356 WHERE `DisplayID`=33226;
UPDATE `creature_model_info` SET `VerifiedBuild`=27356 WHERE `DisplayID`=23183;
UPDATE `creature_model_info` SET `BoundingRadius`=0.6375197, `VerifiedBuild`=27356 WHERE `DisplayID`=58228;
UPDATE `creature_model_info` SET `VerifiedBuild`=27356 WHERE `DisplayID`=71540;
UPDATE `creature_model_info` SET `BoundingRadius`=0.4905002, `VerifiedBuild`=27356 WHERE `DisplayID`=237;
UPDATE `creature_model_info` SET `CombatReach`=0, `VerifiedBuild`=27356 WHERE `DisplayID`=53093;
UPDATE `creature_model_info` SET `VerifiedBuild`=27356 WHERE `DisplayID`=56556;
UPDATE `creature_model_info` SET `BoundingRadius`=0.57947, `CombatReach`=0, `VerifiedBuild`=27356 WHERE `DisplayID`=60964;

DELETE FROM `npc_vendor` WHERE (`entry`=142984 AND `item`=64670 AND `ExtendedCost`=0 AND `type`=1) OR (`entry`=142984 AND `item`=39505 AND `ExtendedCost`=0 AND `type`=1) OR (`entry`=142984 AND `item`=20815 AND `ExtendedCost`=0 AND `type`=1) OR (`entry`=142984 AND `item`=5956 AND `ExtendedCost`=0 AND `type`=1) OR (`entry`=142984 AND `item`=6217 AND `ExtendedCost`=0 AND `type`=1) OR (`entry`=142984 AND `item`=6256 AND `ExtendedCost`=0 AND `type`=1) OR (`entry`=142984 AND `item`=85663 AND `ExtendedCost`=0 AND `type`=1) OR (`entry`=142984 AND `item`=7005 AND `ExtendedCost`=0 AND `type`=1) OR (`entry`=142984 AND `item`=2901 AND `ExtendedCost`=0 AND `type`=1) OR (`entry`=142984 AND `item`=138293 AND `ExtendedCost`=0 AND `type`=1) OR (`entry`=142984 AND `item`=90146 AND `ExtendedCost`=0 AND `type`=1) OR (`entry`=142984 AND `item`=4470 AND `ExtendedCost`=0 AND `type`=1) OR (`entry`=142984 AND `item`=38682 AND `ExtendedCost`=0 AND `type`=1) OR (`entry`=142984 AND `item`=3371 AND `ExtendedCost`=0 AND `type`=1) OR (`entry`=142984 AND `item`=39354 AND `ExtendedCost`=0 AND `type`=1);
INSERT INTO `npc_vendor` (`entry`, `slot`, `item`, `maxcount`, `ExtendedCost`, `type`, `PlayerConditionID`, `IgnoreFiltering`, `VerifiedBuild`) VALUES
(142984, 15, 64670, 0, 0, 1, 0, 0, 27356), -- Vanishing Powder
(142984, 14, 39505, 0, 0, 1, 0, 0, 27356), -- Virtuoso Inking Set
(142984, 13, 20815, 0, 0, 1, 0, 0, 27356), -- Jeweler's Kit
(142984, 12, 5956, 0, 0, 1, 0, 0, 27356), -- Blacksmith Hammer
(142984, 11, 6217, 0, 0, 1, 0, 0, 27356), -- Copper Rod
(142984, 10, 6256, 0, 0, 1, 0, 0, 27356), -- Fishing Pole
(142984, 9, 85663, 0, 0, 1, 0, 0, 27356), -- Herbalist's Spade
(142984, 8, 7005, 0, 0, 1, 0, 0, 27356), -- Skinning Knife
(142984, 7, 2901, 0, 0, 1, 0, 0, 27356), -- Mining Pick
(142984, 6, 138293, 0, 0, 1, 0, 0, 27356), -- Explorer's Pack
(142984, 5, 90146, 0, 0, 1, 0, 0, 27356), -- Tinker's Kit
(142984, 4, 4470, 0, 0, 1, 0, 0, 27356), -- Simple Wood
(142984, 3, 38682, 0, 0, 1, 0, 0, 27356), -- Enchanting Vellum
(142984, 2, 3371, 0, 0, 1, 0, 0, 27356), -- Crystal Vial
(142984, 1, 39354, 0, 0, 1, 0, 0, 27356); -- Light Parchment


DELETE FROM `creature_equip_template` WHERE (`CreatureID`=138582 AND `ID`=1) OR (`CreatureID`=140890 AND `ID`=1) OR (`CreatureID`=135266 AND `ID`=1) OR (`CreatureID`=135264 AND `ID`=1) OR (`CreatureID`=135754 AND `ID`=1) OR (`CreatureID`=135904 AND `ID`=1) OR (`CreatureID`=136090 AND `ID`=1) OR (`CreatureID`=138683 AND `ID`=1) OR (`CreatureID`=138924 AND `ID`=1) OR (`CreatureID`=135267 AND `ID`=1) OR (`CreatureID`=136333 AND `ID`=1) OR (`CreatureID`=139839 AND `ID`=1) OR (`CreatureID`=135982 AND `ID`=1) OR (`CreatureID`=141194 AND `ID`=1) OR (`CreatureID`=141195 AND `ID`=1) OR (`CreatureID`=130899 AND `ID`=1) OR (`CreatureID`=139977 AND `ID`=1) OR (`CreatureID`=136950 AND `ID`=1) OR (`CreatureID`=136942 AND `ID`=1) OR (`CreatureID`=136273 AND `ID`=1) OR (`CreatureID`=135882 AND `ID`=1);
INSERT INTO `creature_equip_template` (`CreatureID`, `ID`, `ItemID1`, `AppearanceModID1`, `ItemVisual1`, `ItemID2`, `AppearanceModID2`, `ItemVisual2`, `ItemID3`, `AppearanceModID3`, `ItemVisual3`) VALUES
(138582, 1, 64433, 0, 0, 0, 0, 0, 159777, 0, 0), -- Главный инженер Гризз
(140890, 1, 3433, 0, 0, 0, 0, 0, 0, 0, 0), -- Тако'ки
(135266, 1, 51893, 0, 0, 47448, 0, 0, 0, 0, 0), -- Почтенный шаман
(135264, 1, 119206, 0, 0, 119203, 0, 0, 0, 0, 0), -- Бывалый рубака
(135754, 1, 50672, 0, 0, 50729, 0, 0, 0, 0, 0), -- Страж смерти - штурмовик
(135904, 1, 125362, 0, 0, 0, 0, 0, 0, 0, 0), -- Берсерк-ветеран
(136090, 1, 107292, 0, 0, 0, 0, 0, 0, 0, 0), -- Боевой маг син'дорай
(138683, 1, 51028, 0, 0, 0, 0, 0, 0, 0, 0), -- Генерал Блэкстоун
(138924, 1, 116913, 0, 0, 0, 0, 0, 0, 0, 0), -- Холгер Нэш
(135267, 1, 119206, 0, 0, 0, 0, 0, 35590, 0, 0), -- Опытный охотник
(136333, 1, 116913, 0, 0, 0, 0, 0, 0, 0, 0), -- Пленный шахтер
(139839, 1, 161118, 0, 0, 161118, 0, 0, 0, 0, 0), -- Кьяра Марроу
(135982, 1, 116587, 0, 0, 0, 0, 0, 0, 0, 0), -- Наездник на волке
(141194, 1, 155771, 0, 0, 159798, 0, 0, 0, 0, 0), -- Кливленд Раули
(141195, 1, 0, 0, 0, 0, 0, 0, 155774, 0, 0), -- Алексис Саузи
(130899, 1, 124631, 0, 0, 106397, 0, 0, 0, 0, 0), -- Commander Wormwood
(139977, 1, 31824, 0, 0, 0, 0, 0, 0, 0, 0), -- Монтажник аванпоста
(136950, 1, 60924, 0, 0, 42559, 0, 0, 5258, 0, 0), -- Зандаларский кровопускатель
(136942, 1, 59204, 0, 0, 96064, 0, 0, 0, 0, 0), -- Ярсел'гун
(136273, 1, 31824, 0, 0, 0, 0, 0, 0, 0, 0), -- Монтажник аванпоста
(135882, 1, 55294, 0, 0, 0, 0, 0, 27507, 0, 0); -- Огарт Падающий Топор


DELETE FROM `gossip_menu` WHERE (`MenuId`=22512 AND `TextId`=34588) OR (`MenuId`=22453 AND `TextId`=34460);
INSERT INTO `gossip_menu` (`MenuId`, `TextId`, `VerifiedBuild`) VALUES
(22512, 34588, 27356), -- 135874 (Лия Мартинел)
(22453, 34460, 27356); -- 135682 (Патрик Экхарт)

DELETE FROM `creature_questitem` WHERE (`CreatureEntry`=139385 AND `Idx`=2) OR (`CreatureEntry`=139385 AND `Idx`=1) OR (`CreatureEntry`=139385 AND `Idx`=0);
INSERT INTO `creature_questitem` (`CreatureEntry`, `Idx`, `ItemId`, `VerifiedBuild`) VALUES
(139385, 2, 134810, 27356), -- Длинноклык
(139385, 1, 129904, 27356), -- Длинноклык
(139385, 0, 129888, 27356); -- Длинноклык

DELETE FROM `creature_template_addon` WHERE `entry` IN (143786 /*143786 (Восставший вурдалак)*/, 138901 /*138901 (Прототип крошшера МК-03)*/, 135754 /*135754 (Страж смерти - штурмовик)*/, 135904 /*135904 (Берсерк-ветеран)*/, 139962 /*139962 (Строение крепости Клыка Войны)*/, 138683 /*138683 (Генерал Блэкстоун) - Dummy Spell*/, 135267 /*135267 (Опытный охотник)*/, 136090 /*136090 (Боевой маг син'дорай)*/, 135264 /*135264 (Бывалый рубака)*/, 139844 /*139844 (Гоблин-инженер) - Flamethrower Damage*/, 139846 /*139846 (Почтенный шаман) - Flamethrower Damage*/, 139174 /*139174*/, 139839 /*139839 (Кьяра Марроу)*/, 135982 /*135982 (Наездник на волке)*/, 137927 /*137927 (Осадная башня)*/);
INSERT INTO `creature_template_addon` (`entry`, `path_id`, `mount`, `bytes1`, `bytes2`, `emote`, `aiAnimKit`, `movementAnimKit`, `meleeAnimKit`, `auras`) VALUES
(143786, 0, 0, 0, 1, 0, 0, 0, 0, ''), -- 143786 (Восставший вурдалак)
(138901, 0, 0, 0, 1, 0, 0, 0, 0, ''), -- 138901 (Прототип крошшера МК-03)
(135754, 0, 0, 0, 1, 0, 0, 0, 0, ''), -- 135754 (Страж смерти - штурмовик)
(135904, 0, 0, 0, 1, 0, 0, 0, 0, ''), -- 135904 (Берсерк-ветеран)
(139962, 0, 0, 50331648, 1, 0, 0, 0, 0, ''), -- 139962 (Строение крепости Клыка Войны)
(138683, 0, 0, 0, 1, 0, 0, 0, 0, '279402'), -- 138683 (Генерал Блэкстоун) - Dummy Spell
(135267, 0, 0, 0, 2, 0, 0, 0, 0, ''), -- 135267 (Опытный охотник)
(136090, 0, 0, 0, 1, 0, 0, 0, 0, ''), -- 136090 (Боевой маг син'дорай)
(135264, 0, 0, 0, 1, 0, 0, 0, 0, ''), -- 135264 (Бывалый рубака)
(139844, 0, 0, 0, 1, 0, 0, 0, 0, '273602'), -- 139844 (Гоблин-инженер) - Flamethrower Damage
(139846, 0, 0, 0, 0, 0, 0, 0, 0, '273602'), -- 139846 (Почтенный шаман) - Flamethrower Damage
(139174, 0, 0, 50331648, 1, 0, 0, 0, 0, ''), -- 139174
(139839, 0, 0, 0, 1, 0, 0, 0, 0, ''), -- 139839 (Кьяра Марроу)
(135982, 0, 0, 0, 1, 0, 0, 0, 0, ''), -- 135982 (Наездник на волке)
(137927, 0, 0, 0, 1, 0, 0, 0, 0, ''); -- 137927 (Осадная башня)

UPDATE `creature_template_addon` SET `auras`='273602' WHERE `entry`=139843; -- 139843 (Страж смерти - штурмовик)
UPDATE `creature_template_addon` SET `bytes2`=0, `auras`='273602' WHERE `entry`=139845; -- 139845 (Бывалый рубака)
UPDATE `creature_template_addon` SET `auras`='' WHERE `entry`=137967; -- 137967 (Туннельный паук)
UPDATE `creature_template_addon` SET `bytes1`=262144, `bytes2`=1, `auras`='154470' WHERE `entry`=131361; -- 131361 (Стражница батальона)
UPDATE `creature_template_addon` SET `bytes1`=262144, `bytes2`=1, `auras`='154470' WHERE `entry`=135391; -- 135391 (Работник из Мертвецкой Трясины)
UPDATE `creature_template_addon` SET `bytes1`=0, `auras`='207707' WHERE `entry`=138735; -- 138735 (Фелисия Глэдстоун)

DELETE FROM `creature_template_scaling` WHERE (`Entry`=143786 AND `DifficultyID`=0) OR (`Entry`=138901 AND `DifficultyID`=0) OR (`Entry`=135754 AND `DifficultyID`=0) OR (`Entry`=135904 AND `DifficultyID`=0) OR (`Entry`=139962 AND `DifficultyID`=0) OR (`Entry`=138683 AND `DifficultyID`=0) OR (`Entry`=135267 AND `DifficultyID`=0) OR (`Entry`=136090 AND `DifficultyID`=0) OR (`Entry`=135264 AND `DifficultyID`=0) OR (`Entry`=139844 AND `DifficultyID`=0) OR (`Entry`=139846 AND `DifficultyID`=0) OR (`Entry`=139174 AND `DifficultyID`=0) OR (`Entry`=139839 AND `DifficultyID`=0) OR (`Entry`=135982 AND `DifficultyID`=0) OR (`Entry`=137927 AND `DifficultyID`=0);
INSERT INTO `creature_template_scaling` (`Entry`, `DifficultyID`, `LevelScalingMin`, `LevelScalingMax`, `LevelScalingDeltaMin`, `LevelScalingDeltaMax`, `ContentTuningID`, `VerifiedBuild`) VALUES
(143786, 0, 110, 120, 0, 0, 188, 27356),
(138901, 0, 110, 120, 0, 0, 188, 27356),
(135754, 0, 110, 120, 0, 0, 188, 27356),
(135904, 0, 110, 120, 0, 0, 188, 27356),
(139962, 0, 0, 0, 0, 0, 277, 27356),
(138683, 0, 110, 120, 0, 0, 188, 27356),
(135267, 0, 110, 120, 0, 0, 188, 27356),
(136090, 0, 110, 120, 0, 0, 188, 27356),
(135264, 0, 110, 120, 0, 0, 188, 27356),
(139844, 0, 110, 120, 0, 0, 188, 27356),
(139846, 0, 110, 120, 0, 0, 188, 27356),
(139174, 0, 0, 0, 0, 0, 277, 27356),
(139839, 0, 110, 120, 0, 0, 188, 27356),
(135982, 0, 110, 120, 0, 0, 188, 27356),
(137927, 0, 110, 120, 0, 0, 188, 27356);

DELETE FROM `creature_model_info` WHERE `DisplayID` IN (84396, 84218, 85928, 84404, 84219, 85902, 84222, 84223, 84225, 84406, 84851);
INSERT INTO `creature_model_info` (`DisplayID`, `BoundingRadius`, `CombatReach`, `DisplayID_Other_Gender`, `VerifiedBuild`) VALUES
(84396, 0.383, 1.5, 0, 27356),
(84218, 0.372, 1.5, 0, 27356),
(85928, 0.4213, 1.65, 0, 27356),
(84404, 0.383, 1.5, 0, 27356),
(84219, 0.372, 1.5, 0, 27356),
(85902, 0.383, 1.5, 0, 27356),
(84222, 0.372, 1.5, 0, 27356),
(84223, 0.372, 1.5, 0, 27356),
(84225, 0.236, 1.5, 0, 27356),
(84406, 0.383, 1.5, 0, 27356),
(84851, 9.488919, 7.5, 0, 27356);

UPDATE `creature_model_info` SET `VerifiedBuild`=27356 WHERE `DisplayID`=23183;
UPDATE `creature_model_info` SET `VerifiedBuild`=27356 WHERE `DisplayID`=23185;

DELETE FROM `creature_equip_template` WHERE (`CreatureID`=135754 AND `ID`=1) OR (`CreatureID`=135904 AND `ID`=1) OR (`CreatureID`=138683 AND `ID`=1) OR (`CreatureID`=135267 AND `ID`=1) OR (`CreatureID`=136090 AND `ID`=1) OR (`CreatureID`=135264 AND `ID`=1) OR (`CreatureID`=139844 AND `ID`=1) OR (`CreatureID`=139846 AND `ID`=1) OR (`CreatureID`=139839 AND `ID`=1) OR (`CreatureID`=135982 AND `ID`=1);
INSERT INTO `creature_equip_template` (`CreatureID`, `ID`, `ItemID1`, `AppearanceModID1`, `ItemVisual1`, `ItemID2`, `AppearanceModID2`, `ItemVisual2`, `ItemID3`, `AppearanceModID3`, `ItemVisual3`) VALUES
(135754, 1, 50672, 0, 0, 50729, 0, 0, 0, 0, 0), -- Страж смерти - штурмовик
(135904, 1, 125362, 0, 0, 0, 0, 0, 0, 0, 0), -- Берсерк-ветеран
(138683, 1, 51028, 0, 0, 0, 0, 0, 0, 0, 0), -- Генерал Блэкстоун
(135267, 1, 119206, 0, 0, 0, 0, 0, 35590, 0, 0), -- Опытный охотник
(136090, 1, 107292, 0, 0, 0, 0, 0, 0, 0, 0), -- Боевой маг син'дорай
(135264, 1, 119206, 0, 0, 119203, 0, 0, 0, 0, 0), -- Бывалый рубака
(139844, 1, 31824, 0, 0, 0, 0, 0, 0, 0, 0), -- Гоблин-инженер
(139846, 1, 51893, 0, 0, 47448, 0, 0, 0, 0, 0), -- Почтенный шаман
(139839, 1, 161118, 0, 0, 161118, 0, 0, 0, 0, 0), -- Кьяра Марроу
(135982, 1, 116587, 0, 0, 0, 0, 0, 0, 0, 0); -- Наездник на волке

UPDATE `creature_template` SET `minlevel`=120, `maxlevel`=120, `faction`=106, `BaseAttackTime`=2000, `RangeAttackTime`=2000, `unit_flags`=32768, `unit_flags2`=2048 WHERE `entry`=143786; -- Восставший вурдалак
UPDATE `creature_template` SET `minlevel`=120, `maxlevel`=120, `npcflag`=2, `BaseAttackTime`=2000, `RangeAttackTime`=2000, `unit_flags`=32832, `unit_flags2`=34816 WHERE `entry`=138777; -- Прототип крошшера МК-03
UPDATE `creature_template` SET `minlevel`=120, `maxlevel`=120, `speed_walk`=1.6, `speed_run`=1.428571, `BaseAttackTime`=2000, `RangeAttackTime`=2000, `unit_flags`=33360, `unit_flags2`=34816, `VehicleId`=6024 WHERE `entry`=138901; -- Прототип крошшера МК-03
UPDATE `creature_template` SET `minlevel`=120, `maxlevel`=120, `faction`=106, `BaseAttackTime`=2000, `RangeAttackTime`=2000, `unit_flags2`=2048 WHERE `entry`=136222; -- Орк-батрак
UPDATE `creature_template` SET `minlevel`=120, `maxlevel`=120, `faction`=106, `BaseAttackTime`=2000, `RangeAttackTime`=2000, `unit_flags2`=2048 WHERE `entry`=135754; -- Страж смерти - штурмовик
UPDATE `creature_template` SET `minlevel`=120, `maxlevel`=120, `faction`=106, `BaseAttackTime`=2000, `RangeAttackTime`=2000, `unit_flags2`=2048 WHERE `entry`=135904; -- Берсерк-ветеран
UPDATE `creature_template` SET `minlevel`=60, `maxlevel`=60, `BaseAttackTime`=2000, `RangeAttackTime`=2000, `unit_flags`=33555200, `unit_flags2`=2048, `dynamicflags`=128 WHERE `entry`=139962; -- Строение крепости Клыка Войны
UPDATE `creature_template` SET `minlevel`=120, `maxlevel`=120, `faction`=106, `BaseAttackTime`=2000, `RangeAttackTime`=2000, `unit_flags`=32832, `unit_flags2`=2048 WHERE `entry`=138683; -- Генерал Блэкстоун
UPDATE `creature_template` SET `minlevel`=120, `maxlevel`=120, `faction`=106, `BaseAttackTime`=2000, `RangeAttackTime`=2000, `unit_flags2`=2048 WHERE `entry`=135267; -- Опытный охотник
UPDATE `creature_template` SET `minlevel`=120, `maxlevel`=120, `faction`=106, `BaseAttackTime`=2000, `RangeAttackTime`=2000, `unit_flags2`=2048 WHERE `entry`=136090; -- Боевой маг син'дорай
UPDATE `creature_template` SET `minlevel`=120, `maxlevel`=120, `faction`=106, `BaseAttackTime`=2000, `RangeAttackTime`=2000, `unit_flags`=16, `unit_flags2`=2048 WHERE `entry`=135264; -- Бывалый рубака
UPDATE `creature_template` SET `minlevel`=120, `maxlevel`=120, `faction`=106, `speed_walk`=0.4, `speed_run`=0.4571429, `BaseAttackTime`=2000, `RangeAttackTime`=2000, `unit_flags2`=2048 WHERE `entry`=139843; -- Страж смерти - штурмовик
UPDATE `creature_template` SET `minlevel`=120, `maxlevel`=120, `faction`=106, `speed_walk`=0.4, `speed_run`=0.4571429, `BaseAttackTime`=2000, `RangeAttackTime`=2000, `unit_flags`=32768, `unit_flags2`=2048 WHERE `entry`=139844; -- Гоблин-инженер
UPDATE `creature_template` SET `minlevel`=120, `maxlevel`=120, `faction`=106, `speed_walk`=0.4, `speed_run`=0.4571429, `BaseAttackTime`=2000, `RangeAttackTime`=2000, `unit_flags2`=2048 WHERE `entry`=139845; -- Бывалый рубака
UPDATE `creature_template` SET `minlevel`=120, `maxlevel`=120, `faction`=106, `speed_walk`=0.4, `speed_run`=0.4571429, `BaseAttackTime`=2000, `RangeAttackTime`=2000, `unit_flags2`=2048 WHERE `entry`=139846; -- Почтенный шаман
UPDATE `creature_template` SET `minlevel`=120, `maxlevel`=120, `faction`=106, `BaseAttackTime`=2000, `RangeAttackTime`=2000, `unit_flags2`=2048 WHERE `entry`=135981; -- Дровосек из крепости Клыка Войны
UPDATE `creature_template` SET `minlevel`=120, `maxlevel`=120, `faction`=106, `BaseAttackTime`=2000, `RangeAttackTime`=2000, `unit_flags`=67141696, `unit_flags2`=2048, `VehicleId`=5979 WHERE `entry`=137915; -- Гоблинский крошшер
UPDATE `creature_template` SET `minlevel`=120, `maxlevel`=120, `faction`=106, `BaseAttackTime`=2000, `RangeAttackTime`=2000, `unit_flags`=32768, `unit_flags2`=2048 WHERE `entry`=137911; -- Пилот крошшера
UPDATE `creature_template` SET `minlevel`=60, `maxlevel`=60, `BaseAttackTime`=2000, `RangeAttackTime`=2000, `unit_flags`=33555200, `unit_flags2`=2048, `dynamicflags`=128 WHERE `entry`=139174; -- 139174
UPDATE `creature_template` SET `minlevel`=118, `maxlevel`=118, `faction`=2201, `BaseAttackTime`=2000, `RangeAttackTime`=2000, `unit_flags`=32768, `unit_flags2`=2048 WHERE `entry`=141994; -- Отрекшийся-мясник
UPDATE `creature_template` SET `minlevel`=120, `maxlevel`=120, `faction`=2030, `BaseAttackTime`=2000, `RangeAttackTime`=2000, `unit_flags2`=2048 WHERE `entry`=137967; -- Туннельный паук
UPDATE `creature_template` SET `minlevel`=120, `maxlevel`=120, `faction`=106, `speed_run`=1.385714, `BaseAttackTime`=2000, `RangeAttackTime`=2000, `unit_flags`=32832, `unit_flags2`=2099200 WHERE `entry`=139839; -- Кьяра Марроу
UPDATE `creature_template` SET `minlevel`=85, `maxlevel`=85, `speed_walk`=3.2, `speed_run`=2, `BaseAttackTime`=2000, `RangeAttackTime`=2000, `unit_flags`=33570816, `unit_flags2`=2048, `unit_flags3`=1, `VehicleId`=25 WHERE `entry`=133405; -- 133405
UPDATE `creature_template` SET `minlevel`=120, `maxlevel`=120, `faction`=3003, `BaseAttackTime`=2000, `RangeAttackTime`=2000, `unit_flags`=537166592, `unit_flags2`=2049, `unit_flags3`=8193 WHERE `entry`=131361; -- Стражница батальона
UPDATE `creature_template` SET `minlevel`=120, `maxlevel`=120, `faction`=3014, `BaseAttackTime`=2000, `RangeAttackTime`=2000, `unit_flags`=537166592, `unit_flags2`=2049, `unit_flags3`=8193 WHERE `entry`=135391; -- Работник из Мертвецкой Трясины
UPDATE `creature_template` SET `minlevel`=120, `maxlevel`=120, `faction`=106, `speed_run`=1.385714, `BaseAttackTime`=2000, `RangeAttackTime`=2000, `unit_flags`=32832, `unit_flags2`=2099200 WHERE `entry`=135982; -- Наездник на волке
UPDATE `creature_template` SET `minlevel`=120, `maxlevel`=120, `faction`=106, `BaseAttackTime`=2000, `RangeAttackTime`=2000, `unit_flags`=768, `unit_flags2`=2148352, `dynamicflags`=128 WHERE `entry`=137927; -- Осадная башня
UPDATE `creature_template` SET `minlevel`=120, `maxlevel`=120, `faction`=2201, `BaseAttackTime`=2000, `RangeAttackTime`=2000, `unit_flags`=32832, `unit_flags2`=2048 WHERE `entry`=141984; -- Кровавчик
UPDATE `creature_template` SET `minlevel`=120, `maxlevel`=120, `faction`=190, `speed_run`=1, `BaseAttackTime`=2000, `RangeAttackTime`=2000, `unit_flags2`=49152, `unit_flags3`=1 WHERE `entry`=139192; -- Черный порох
UPDATE `creature_template` SET `minlevel`=120, `maxlevel`=120, `faction`=190, `speed_run`=1, `BaseAttackTime`=2000, `RangeAttackTime`=2000, `unit_flags2`=49152, `unit_flags3`=1 WHERE `entry`=135848; -- Черный порох
UPDATE `creature_template` SET `minlevel`=120, `maxlevel`=120, `faction`=2201, `BaseAttackTime`=1500, `RangeAttackTime`=2000, `unit_flags2`=2048 WHERE `entry`=141995; -- Отрекшийся-хирург
UPDATE `creature_template` SET `minlevel`=120, `maxlevel`=120, `faction`=3000, `npcflag`=2, `BaseAttackTime`=2000, `RangeAttackTime`=2000, `unit_flags`=33024, `unit_flags2`=2048 WHERE `entry`=138735; -- Фелисия Глэдстоун
UPDATE `creature_template` SET `minlevel`=120, `maxlevel`=120, `faction`=106, `BaseAttackTime`=2000, `RangeAttackTime`=2000, `unit_flags2`=2048 WHERE `entry`=136196; -- Батрак из крепости Клыка Войны
UPDATE `creature_template` SET `minlevel`=120, `maxlevel`=120, `faction`=106, `BaseAttackTime`=2000, `RangeAttackTime`=2000, `unit_flags2`=2048 WHERE `entry`=136015; -- Шахтер из крепости Клыка Войны
UPDATE `creature_template` SET `minlevel`=120, `maxlevel`=120, `faction`=106, `BaseAttackTime`=2000, `RangeAttackTime`=2000, `unit_flags`=32768, `unit_flags2`=2048 WHERE `entry`=137936; -- Гоблин-инженер


