SET @CGUID = 5013200;
SET @OGUID = 5013200;

DELETE FROM `creature` WHERE `guid` BETWEEN @CGUID+0 AND @CGUID+270;
INSERT INTO `creature` (`guid`, `id`, `map`, `zoneId`, `areaId`, `spawnDifficulties`, `PhaseId`, `PhaseGroup`, `modelid`, `equipment_id`, `position_x`, `position_y`, `position_z`, `orientation`, `spawntimesecs`, `spawndist`, `currentwaypoint`, `curhealth`, `curmana`, `MovementType`, `npcflag`, `unit_flags`, `dynamicflags`, `VerifiedBuild`) VALUES
(@CGUID+0, 129513, 1642, 8499, 8921, '0', '0', 0, 0, 0, -225.2535, 429.0833, 195.5425, 0.5119096, 120, 0, 0, 0, 0, 0, 0, 0, 0, 28153), -- -Unknown- (Area: Tal'gurub - Difficulty: 0) (Auras: )
(@CGUID+1, 129487, 1642, 8499, 8921, '0', '0', 0, 0, 0, -249.8177, 416.0365, 195.5029, 0.05256441, 120, 0, 0, 0, 0, 0, 0, 0, 0, 28153), -- Jambani Crusher (Area: Tal'gurub - Difficulty: 0) (Auras: )
(@CGUID+2, 134156, 1642, 8499, 8921, '0', '0', 0, 0, 0, -222.0451, 432.3281, 195.5425, 3.848959, 120, 0, 0, 0, 0, 0, 0, 0, 0, 28153), -- -Unknown- (Area: Tal'gurub - Difficulty: 0) (Auras: 260188 - Jambani Empowerment)
(@CGUID+3, 125455, 1642, 8499, 8921, '0', '0', 0, 0, 0, -247.2708, 387.363, 200.0847, 2.560933, 120, 0, 0, 0, 0, 0, 0, 0, 0, 28153), -- -Unknown- (Area: Tal'gurub - Difficulty: 0)
(@CGUID+4, 130441, 1642, 8499, 8921, '0', '0', 0, 0, 0, -211.8636, 366.9868, 206.0317, 6.283152, 120, 0, 0, 0, 0, 0, 0, 0, 0, 28153), -- -Unknown- (Area: Tal'gurub - Difficulty: 0)
(@CGUID+5, 130029, 1642, 8499, 8921, '0', '0', 0, 0, 0, -227.0365, 422.4635, 195.5425, 2.866444, 120, 0, 0, 0, 0, 0, 0, 0, 0, 28153), -- -Unknown- (Area: Tal'gurub - Difficulty: 0) (Auras: 35356 - Spawn Feign Death)
(@CGUID+6, 128933, 1642, 8499, 8921, '0', '0', 0, 0, 0, -256.2517, 450.1299, 195.497, 1.435778, 120, 10, 0, 0, 0, 1, 0, 0, 0, 28153), -- -Unknown- (Area: Tal'gurub - Difficulty: 0) (possible waypoints or random movement)
(@CGUID+7, 130029, 1642, 8499, 8921, '0', '0', 0, 0, 0, -235.75, 426.066, 195.5425, 2.615908, 120, 0, 0, 0, 0, 0, 0, 0, 0, 28153), -- -Unknown- (Area: Tal'gurub - Difficulty: 0) (Auras: 35356 - Spawn Feign Death)
(@CGUID+8, 130441, 1642, 8499, 8921, '0', '0', 0, 0, 0, -236.5676, 424.5879, 195.4607, 2.410738, 120, 0, 0, 0, 0, 0, 0, 0, 0, 28153), -- -Unknown- (Area: Tal'gurub - Difficulty: 0)
(@CGUID+9, 130035, 1642, 8499, 8921, '0', '0', 0, 0, 0, -254.3021, 356.4549, 196.9949, 5.70647, 120, 0, 0, 0, 0, 0, 0, 0, 0, 28153), -- -Unknown- (Area: Tal'gurub - Difficulty: 0) (Auras: 35356 - Spawn Feign Death)
(@CGUID+10, 130209, 1642, 8499, 8921, '0', '0', 0, 0, 0, -201.4149, 386.0174, 201.4422, 3.274022, 120, 0, 0, 0, 0, 0, 0, 0, 0, 28153), -- Voice of Vol'jamba (Area: Tal'gurub - Difficulty: 0)
(@CGUID+11, 130034, 1642, 8499, 8921, '0', '0', 0, 0, 0, -255.7431, 361.6632, 196.9949, 4.250784, 120, 0, 0, 0, 0, 0, 0, 0, 0, 28153), -- -Unknown- (Area: Tal'gurub - Difficulty: 0) (Auras: 35356 - Spawn Feign Death)
(@CGUID+12, 130035, 1642, 8499, 8921, '0', '0', 0, 0, 0, -234.2639, 388.8594, 195.5054, 2.509432, 120, 0, 0, 0, 0, 0, 0, 0, 0, 28153), -- -Unknown- (Area: Tal'gurub - Difficulty: 0) (Auras: 35356 - Spawn Feign Death)
(@CGUID+13, 130034, 1642, 8499, 8921, '0', '0', 0, 0, 0, -261.1129, 403.0573, 195.5031, 4.611982, 120, 0, 0, 0, 0, 0, 0, 0, 0, 28153), -- -Unknown- (Area: Tal'gurub - Difficulty: 0) (Auras: 35356 - Spawn Feign Death)
(@CGUID+14, 130441, 1642, 8499, 8921, '0', '0', 0, 0, 0, -216.666, 397.916, 201.7363, 2.5151, 120, 0, 0, 0, 0, 0, 0, 0, 0, 28153), -- -Unknown- (Area: Tal'gurub - Difficulty: 0)
(@CGUID+15, 129487, 1642, 8499, 8921, '0', '0', 0, 0, 0, -272.4879, 415.6979, 195.5003, 3.123215, 120, 0, 0, 0, 0, 0, 0, 0, 0, 28153), -- Jambani Crusher (Area: Tal'gurub - Difficulty: 0) (Auras: )
(@CGUID+16, 130344, 1642, 8499, 8921, '0', '0', 0, 0, 0, -201.4254, 385.9392, 208.1602, 3.164099, 120, 0, 0, 0, 0, 0, 0, 0, 0, 28153), -- -Unknown- (Area: Tal'gurub - Difficulty: 0)
(@CGUID+17, 129907, 1642, 8499, 8921, '0', '0', 0, 0, 0, -213.974, 389.4201, 201.5239, 5.884341, 120, 0, 0, 0, 0, 0, 0, 0, 0, 28153), -- Zul the Prophet (Area: Tal'gurub - Difficulty: 0)
(@CGUID+18, 129513, 1642, 8499, 8921, '0', '0', 0, 0, 0, -278.724, 388.9045, 195.5449, 3.108136, 120, 0, 0, 0, 0, 0, 0, 0, 0, 28153), -- -Unknown- (Area: Tal'gurub - Difficulty: 0) (Auras: )
(@CGUID+19, 129513, 1642, 8499, 8921, '0', '0', 0, 0, 0, -277.0417, 415.9115, 195.5193, 6.236322, 120, 0, 0, 0, 0, 0, 0, 0, 0, 28153), -- -Unknown- (Area: Tal'gurub - Difficulty: 0) (Auras: )
(@CGUID+20, 130035, 1642, 8499, 8921, '0', '0', 0, 0, 0, -233.3854, 385.0556, 195.5072, 3.321253, 120, 0, 0, 0, 0, 0, 0, 0, 0, 28153), -- -Unknown- (Area: Tal'gurub - Difficulty: 0) (Auras: 35356 - Spawn Feign Death)
(@CGUID+21, 130029, 1642, 8499, 8921, '0', '0', 0, 0, 0, -231.6684, 429.9132, 195.5425, 3.751109, 120, 0, 0, 0, 0, 0, 0, 0, 0, 28153), -- -Unknown- (Area: Tal'gurub - Difficulty: 0) (Auras: 35356 - Spawn Feign Death)
(@CGUID+22, 125455, 1642, 8499, 8921, '0', '0', 0, 0, 0, -227.5725, 412.5371, 201.9318, 1.158014, 120, 0, 0, 0, 0, 0, 0, 0, 0, 28153), -- -Unknown- (Area: Tal'gurub - Difficulty: 0)
(@CGUID+23, 130344, 1642, 8499, 8921, '0', '0', 0, 0, 0, -201.4254, 385.9392, 208.1602, 3.164099, 120, 0, 0, 0, 0, 0, 0, 0, 0, 28153), -- -Unknown- (Area: Tal'gurub - Difficulty: 0) (Auras: 258097 - Eyes of Vol'jamba)
(@CGUID+24, 130031, 1642, 8499, 8921, '0', '0', 0, 0, 0, -294.8698, 432.7813, 195.5425, 6.165154, 120, 0, 0, 0, 0, 0, 0, 0, 0, 28153), -- -Unknown- (Area: Tal'gurub - Difficulty: 0) (Auras: 35356 - Spawn Feign Death)
(@CGUID+25, 130308, 1642, 8499, 8921, '0', '0', 0, 0, 0, -260.2465, 356.8299, 199.7385, 1.564514, 120, 0, 0, 0, 0, 0, 0, 0, 0, 28153), -- FX STalker (Area: Tal'gurub - Difficulty: 0) (Auras: 258844 - Ruined Cauldron)
(@CGUID+26, 130699, 1642, 8499, 8921, '0', '0', 0, 0, 0, -177.5228, 476.3683, 169.2897, 0.09578443, 120, 10, 0, 0, 0, 1, 0, 0, 0, 28153), -- -Unknown- (Area: Tal'gurub - Difficulty: 0) (possible waypoints or random movement)
(@CGUID+27, 129513, 1642, 8499, 8921, '0', '0', 0, 0, 0, -293.2396, 428.5816, 195.5425, 1.757157, 120, 0, 0, 0, 0, 0, 0, 0, 0, 28153), -- -Unknown- (Area: Tal'gurub - Difficulty: 0)
(@CGUID+28, 130344, 1642, 8499, 8921, '0', '0', 0, 0, 0, -204.8889, 330.8056, 224.573, 3.308638, 120, 0, 0, 0, 0, 0, 0, 0, 0, 28153), -- -Unknown- (Area: Tal'gurub - Difficulty: 0)
(@CGUID+29, 130208, 1642, 8499, 8921, '0', '0', 0, 0, 0, -205.0799, 331.6875, 226.636, 3.257775, 120, 0, 0, 0, 0, 0, 0, 0, 0, 28153), -- Eyes of Vol'jamba (Area: Tal'gurub - Difficulty: 0)
(@CGUID+30, 130441, 1642, 8499, 8921, '0', '0', 0, 0, 0, -210.9951, 294.3162, 232.7321, 4.673513, 120, 0, 0, 0, 0, 0, 0, 0, 0, 28153), -- -Unknown- (Area: Tal'gurub - Difficulty: 0)
(@CGUID+31, 130741, 1642, 8499, 8921, '0', '0', 0, 0, 0, -57.21181, 496.0399, 147.2182, 4.821808, 120, 0, 0, 0, 0, 0, 0, 0, 0, 28153), -- Nol'ixwan (Area: Tal'gurub - Difficulty: 0) (Auras: 260322 - Thrash)
(@CGUID+32, 130441, 1642, 8499, 8921, '0', '0', 0, 0, 0, -303.3122, 405.5834, 196.4208, 0.973038, 120, 0, 0, 0, 0, 0, 0, 0, 0, 28153), -- -Unknown- (Area: Tal'gurub - Difficulty: 0)
(@CGUID+33, 130713, 1642, 8499, 8921, '0', '0', 0, 0, 0, -54.91864, 475.166, 147.3096, 1.680215, 120, 0, 0, 0, 0, 0, 0, 0, 0, 28153), -- Ten'gor (Area: Tal'gurub - Difficulty: 0) (Auras: 151597 - No NPC Damage Below 45-90%, 260355 - Enrage)
(@CGUID+34, 128933, 1642, 8499, 8921, '0', '0', 0, 0, 0, -258.334, 456.25, 195.497, 0.3331773, 120, 10, 0, 0, 0, 1, 0, 0, 0, 28153), -- -Unknown- (Area: Tal'gurub - Difficulty: 0) (possible waypoints or random movement)
(@CGUID+35, 130441, 1642, 8499, 8921, '0', '0', 0, 0, 0, -211.3131, 301.1481, 230.9566, 0.572063, 120, 0, 0, 0, 0, 0, 0, 0, 0, 28153), -- -Unknown- (Area: Tal'gurub - Difficulty: 0)
(@CGUID+36, 130441, 1642, 8499, 8921, '0', '0', 0, 0, 0, -277.5494, 429.5491, 195.5193, 4.940249, 120, 0, 0, 0, 0, 0, 0, 0, 0, 28153), -- -Unknown- (Area: Tal'gurub - Difficulty: 0)
(@CGUID+37, 130308, 1642, 8499, 8921, '0', '0', 0, 0, 0, -206.9581, 325.0887, 222.1625, 0.6636434, 120, 10, 0, 0, 0, 1, 0, 0, 0, 28153), -- FX STalker (Area: Tal'gurub - Difficulty: 0) (Auras: 258109 - Eye of Vol'jamba) (possible waypoints or random movement)
(@CGUID+38, 130208, 1642, 8499, 8921, '0', '0', 0, 0, 0, -205.0087, 330.0174, 226.5965, 3.302835, 120, 0, 0, 0, 0, 0, 0, 0, 0, 28153), -- Eyes of Vol'jamba (Area: Tal'gurub - Difficulty: 0)
(@CGUID+39, 130031, 1642, 8499, 8921, '0', '0', 0, 0, 0, -292.7014, 392.8924, 195.5033, 3.830098, 120, 0, 0, 0, 0, 0, 0, 0, 0, 28153), -- -Unknown- (Area: Tal'gurub - Difficulty: 0) (Auras: 35356 - Spawn Feign Death)
(@CGUID+40, 128933, 1642, 8499, 8921, '0', '0', 0, 0, 0, -264.3683, 453.3164, 195.497, 0.4641939, 120, 10, 0, 0, 0, 1, 0, 0, 0, 28153), -- -Unknown- (Area: Tal'gurub - Difficulty: 0) (possible waypoints or random movement)
(@CGUID+41, 125455, 1642, 8499, 8921, '0', '0', 0, 0, 0, -273.3192, 410.4292, 201.6012, 5.21478, 120, 0, 0, 0, 0, 0, 0, 0, 0, 28153), -- -Unknown- (Area: Tal'gurub - Difficulty: 0)
(@CGUID+42, 130308, 1642, 8499, 8921, '0', '0', 0, 0, 0, -214.9306, 331, 222.1625, 5.901128, 120, 10, 0, 0, 0, 1, 0, 0, 0, 28153), -- FX STalker (Area: Tal'gurub - Difficulty: 0) (Auras: 258109 - Eye of Vol'jamba) (possible waypoints or random movement)
(@CGUID+43, 130035, 1642, 8499, 8921, '0', '0', 0, 0, 0, -265.9705, 356.0538, 196.9949, 2.065202, 120, 0, 0, 0, 0, 0, 0, 0, 0, 28153), -- -Unknown- (Area: Tal'gurub - Difficulty: 0) (Auras: 35356 - Spawn Feign Death)
(@CGUID+44, 130441, 1642, 8499, 8921, '0', '0', 0, 0, 0, -212.2737, 333.5726, 221.1695, 3.799861, 120, 0, 0, 0, 0, 0, 0, 0, 0, 28153), -- -Unknown- (Area: Tal'gurub - Difficulty: 0)
(@CGUID+45, 130034, 1642, 8499, 8921, '0', '0', 0, 0, 0, -270.3403, 359.2674, 196.9949, 5.156567, 120, 0, 0, 0, 0, 0, 0, 0, 0, 28153), -- -Unknown- (Area: Tal'gurub - Difficulty: 0) (Auras: 35356 - Spawn Feign Death)
(@CGUID+46, 130035, 1642, 8499, 8921, '0', '0', 0, 0, 0, -303.5573, 371.5121, 195.5033, 6.12445, 120, 0, 0, 0, 0, 0, 0, 0, 0, 28153), -- -Unknown- (Area: Tal'gurub - Difficulty: 0) (Auras: 35356 - Spawn Feign Death)
(@CGUID+47, 130718, 1642, 8499, 8921, '0', '0', 0, 0, 0, -211.2739, 497.2662, 180.1653, 1.036543, 120, 0, 0, 0, 0, 0, 0, 0, 0, 28153), -- -Unknown- (Area: Tal'gurub - Difficulty: 0)
(@CGUID+48, 130718, 1642, 8499, 8921, '0', '0', 0, 0, 0, -280.0847, 484.6307, 190.3542, 2.038476, 120, 0, 0, 0, 0, 0, 0, 0, 0, 28153), -- -Unknown- (Area: Tal'gurub - Difficulty: 0)
(@CGUID+49, 128933, 1642, 8499, 8921, '0', '0', 0, 0, 0, -311.3265, 380.8714, 195.5449, 2.729431, 120, 10, 0, 0, 0, 1, 0, 0, 0, 28153), -- -Unknown- (Area: Tal'gurub - Difficulty: 0) (Auras: ) (possible waypoints or random movement)
(@CGUID+50, 128933, 1642, 8499, 8921, '0', '0', 0, 0, 0, -317.7667, 358.5576, 195.5449, 2.907784, 120, 10, 0, 0, 0, 1, 0, 0, 0, 28153), -- -Unknown- (Area: Tal'gurub - Difficulty: 0) (Auras: ) (possible waypoints or random movement)
(@CGUID+51, 130712, 1642, 8499, 8921, '0', '0', 0, 0, 0, -154.8256, 474.2657, 164.4059, 5.277619, 120, 10, 0, 0, 0, 1, 0, 0, 0, 28153), -- Adolescent Direhorn (Area: Tal'gurub - Difficulty: 0) (possible waypoints or random movement)
(@CGUID+52, 130716, 1642, 8499, 8921, '0', '0', 0, 0, 0, -252.3673, 504.2083, 182.3735, 0.9537398, 120, 0, 0, 0, 0, 0, 0, 0, 0, 28153), -- Crested Gekkota (Area: Tal'gurub - Difficulty: 0)
(@CGUID+53, 129487, 1642, 8499, 8921, '0', '0', 0, 0, 0, -316.2591, 369.1434, 195.5449, 0.761928, 120, 10, 0, 0, 0, 1, 0, 0, 0, 28153), -- Jambani Crusher (Area: Tal'gurub - Difficulty: 0) (Auras: ) (possible waypoints or random movement)
(@CGUID+54, 128933, 1642, 8499, 8921, '0', '0', 0, 0, 0, -338.3381, 357.294, 195.5449, 2.838706, 120, 0, 0, 0, 0, 0, 0, 0, 0, 28153), -- -Unknown- (Area: Tal'gurub - Difficulty: 0) (Auras: )
(@CGUID+55, 130029, 1642, 8499, 8921, '0', '0', 0, 0, 0, -328.4896, 349.9601, 195.5033, 5.46255, 120, 0, 0, 0, 0, 0, 0, 0, 0, 28153), -- -Unknown- (Area: Tal'gurub - Difficulty: 0) (Auras: 35356 - Spawn Feign Death)
(@CGUID+56, 130447, 1642, 8499, 8921, '0', '0', 0, 0, 0, -292.3115, 519.7422, 186.5175, 3.569767, 120, 0, 0, 0, 0, 0, 0, 0, 0, 28153), -- -Unknown- (Area: Tal'gurub - Difficulty: 0)
(@CGUID+57, 130029, 1642, 8499, 8921, '0', '0', 0, 0, 0, -326.8056, 368.2205, 195.5033, 4.545938, 120, 0, 0, 0, 0, 0, 0, 0, 0, 28153), -- -Unknown- (Area: Tal'gurub - Difficulty: 0) (Auras: 35356 - Spawn Feign Death)
(@CGUID+58, 125455, 1642, 8499, 8921, '0', '0', 0, 0, 0, -344.4875, 330.0532, 201.4407, 2.568508, 120, 0, 0, 0, 0, 0, 0, 0, 0, 28153), -- -Unknown- (Area: Tal'gurub - Difficulty: 0)
(@CGUID+59, 130029, 1642, 8499, 8921, '0', '0', 0, 0, 0, -320.9271, 305.8195, 196.8133, 0.3601595, 120, 0, 0, 0, 0, 0, 0, 0, 0, 28153), -- -Unknown- (Area: Tal'gurub - Difficulty: 0) (Auras: 35356 - Spawn Feign Death)
(@CGUID+60, 130441, 1642, 8499, 8921, '0', '0', 0, 0, 0, -332.291, 336.459, 195.5449, 3.926991, 120, 0, 0, 0, 0, 0, 0, 0, 0, 28153), -- -Unknown- (Area: Tal'gurub - Difficulty: 0)
(@CGUID+61, 130441, 1642, 8499, 8921, '0', '0', 0, 0, 0, -371.7885, 342.9091, 195.5234, 5.339157, 120, 0, 0, 0, 0, 0, 0, 0, 0, 28153), -- -Unknown- (Area: Tal'gurub - Difficulty: 0)
(@CGUID+62, 130029, 1642, 8499, 8921, '0', '0', 0, 0, 0, -323.1076, 310.9913, 197.0263, 2.522836, 120, 0, 0, 0, 0, 0, 0, 0, 0, 28153), -- -Unknown- (Area: Tal'gurub - Difficulty: 0) (Auras: 35356 - Spawn Feign Death)
(@CGUID+63, 129513, 1642, 8499, 8921, '0', '0', 0, 0, 0, -324.9618, 309.2413, 196.8153, 0.618475, 120, 0, 0, 0, 0, 0, 0, 0, 0, 28153), -- -Unknown- (Area: Tal'gurub - Difficulty: 0)
(@CGUID+64, 130035, 1642, 8499, 8921, '0', '0', 0, 0, 0, -328.1076, 312.0729, 196.8144, 4.699593, 120, 0, 0, 0, 0, 0, 0, 0, 0, 28153), -- -Unknown- (Area: Tal'gurub - Difficulty: 0) (Auras: 35356 - Spawn Feign Death)
(@CGUID+65, 125455, 1642, 8499, 8921, '0', '0', 0, 0, 0, -397.7692, 353.8279, 199.4073, 1.510199, 120, 0, 0, 0, 0, 0, 0, 0, 0, 28153), -- -Unknown- (Area: Tal'gurub - Difficulty: 0)
(@CGUID+66, 130034, 1642, 8499, 8921, '0', '0', 0, 0, 0, -389.8854, 374.0833, 195.3432, 3.990589, 120, 0, 0, 0, 0, 0, 0, 0, 0, 28153), -- -Unknown- (Area: Tal'gurub - Difficulty: 0) (Auras: 35356 - Spawn Feign Death)
(@CGUID+67, 130035, 1642, 8499, 8921, '0', '0', 0, 0, 0, -387.5833, 369.0417, 195.4054, 3.038224, 120, 0, 0, 0, 0, 0, 0, 0, 0, 28153), -- -Unknown- (Area: Tal'gurub - Difficulty: 0) (Auras: 35356 - Spawn Feign Death)
(@CGUID+68, 129513, 1642, 8499, 8921, '0', '0', 0, 0, 0, -354.1996, 280.0851, 196.8107, 0.7227137, 120, 0, 0, 0, 0, 0, 0, 0, 0, 28153), -- -Unknown- (Area: Tal'gurub - Difficulty: 0)
(@CGUID+69, 130029, 1642, 8499, 8921, '0', '0', 0, 0, 0, -352.5764, 285.6285, 196.8064, 1.309352, 120, 0, 0, 0, 0, 0, 0, 0, 0, 28153), -- -Unknown- (Area: Tal'gurub - Difficulty: 0) (Auras: 35356 - Spawn Feign Death)
(@CGUID+70, 130441, 1642, 8499, 8921, '0', '0', 0, 0, 0, -388.2793, 323.478, 195.5332, 5.793085, 120, 0, 0, 0, 0, 0, 0, 0, 0, 28153), -- -Unknown- (Area: Tal'gurub - Difficulty: 0)
(@CGUID+71, 129513, 1642, 8499, 8921, '0', '0', 0, 0, 0, -392.8663, 370.7708, 195.456, 1.554773, 120, 0, 0, 0, 0, 0, 0, 0, 0, 28153), -- -Unknown- (Area: Tal'gurub - Difficulty: 0) (Auras: )
(@CGUID+72, 125455, 1642, 8499, 8921, '0', '0', 0, 0, 0, -406.3267, 375.2753, 198.0804, 2.709986, 120, 0, 0, 0, 0, 0, 0, 0, 0, 28153), -- -Unknown- (Area: Tal'gurub - Difficulty: 0)
(@CGUID+73, 130035, 1642, 8499, 8921, '0', '0', 0, 0, 0, -360.5625, 314.8021, 195.5033, 3.120766, 120, 0, 0, 0, 0, 0, 0, 0, 0, 28153), -- -Unknown- (Area: Tal'gurub - Difficulty: 0) (Auras: 35356 - Spawn Feign Death)
(@CGUID+74, 134156, 1642, 8499, 8921, '0', '0', 0, 0, 0, -333.4201, 290.0399, 195.81, 2.289552, 120, 0, 0, 0, 0, 0, 0, 0, 0, 28153), -- -Unknown- (Area: Tal'gurub - Difficulty: 0) (Auras: 260188 - Jambani Empowerment)
(@CGUID+75, 130034, 1642, 8499, 8921, '0', '0', 0, 0, 0, -349.9201, 281.967, 196.813, 6.103062, 120, 0, 0, 0, 0, 0, 0, 0, 0, 28153), -- -Unknown- (Area: Tal'gurub - Difficulty: 0) (Auras: 35356 - Spawn Feign Death)
(@CGUID+76, 130034, 1642, 8499, 8921, '0', '0', 0, 0, 0, -397.7587, 373.5226, 195.4926, 0.7880272, 120, 0, 0, 0, 0, 0, 0, 0, 0, 28153), -- -Unknown- (Area: Tal'gurub - Difficulty: 0) (Auras: 35356 - Spawn Feign Death)
(@CGUID+77, 130035, 1642, 8499, 8921, '0', '0', 0, 0, 0, -389.2379, 358.6858, 195.5033, 3.140587, 120, 0, 0, 0, 0, 0, 0, 0, 0, 28153), -- -Unknown- (Area: Tal'gurub - Difficulty: 0) (Auras: 35356 - Spawn Feign Death)
(@CGUID+78, 129513, 1642, 8499, 8921, '0', '0', 0, 0, 0, -337.0208, 293.8438, 195.8143, 5.470366, 120, 0, 0, 0, 0, 0, 0, 0, 0, 28153), -- -Unknown- (Area: Tal'gurub - Difficulty: 0)
(@CGUID+79, 129487, 1642, 8499, 8921, '0', '0', 0, 0, 0, -350.5226, 315.1806, 195.5033, 2.315149, 120, 0, 0, 0, 0, 0, 0, 0, 0, 28153), -- Jambani Crusher (Area: Tal'gurub - Difficulty: 0)
(@CGUID+80, 130031, 1642, 8499, 8921, '0', '0', 0, 0, 0, -406.3368, 345.3785, 195.5033, 5.135167, 120, 0, 0, 0, 0, 0, 0, 0, 0, 28153), -- -Unknown- (Area: Tal'gurub - Difficulty: 0) (Auras: 35356 - Spawn Feign Death)
(@CGUID+81, 130034, 1642, 8499, 8921, '0', '0', 0, 0, 0, -356.9705, 283.191, 196.8011, 4.526518, 120, 0, 0, 0, 0, 0, 0, 0, 0, 28153), -- -Unknown- (Area: Tal'gurub - Difficulty: 0) (Auras: 35356 - Spawn Feign Death)
(@CGUID+82, 134156, 1642, 8499, 8921, '0', '0', 0, 0, 0, -394.0486, 375.1788, 195.3867, 4.891823, 120, 0, 0, 0, 0, 0, 0, 0, 0, 28153), -- -Unknown- (Area: Tal'gurub - Difficulty: 0) (Auras: 260188 - Jambani Empowerment)
(@CGUID+83, 129513, 1642, 8499, 8921, '0', '0', 0, 0, 0, -377.3316, 305.3246, 195.5332, 5.507182, 120, 10, 0, 0, 0, 1, 0, 0, 0, 28153), -- -Unknown- (Area: Tal'gurub - Difficulty: 0) (possible waypoints or random movement)
(@CGUID+84, 130441, 1642, 8499, 8921, '0', '0', 0, 0, 0, -412.1026, 316.1106, 195.4727, 3.167028, 120, 0, 0, 0, 0, 0, 0, 0, 0, 28153), -- -Unknown- (Area: Tal'gurub - Difficulty: 0)
(@CGUID+85, 129513, 1642, 8499, 8921, '0', '0', 0, 0, 0, -415.2014, 320.0365, 195.5036, 1.331946, 120, 0, 0, 0, 0, 0, 0, 0, 0, 28153), -- -Unknown- (Area: Tal'gurub - Difficulty: 0)
(@CGUID+86, 130707, 1642, 8499, 8921, '0', '0', 0, 0, 0, -413.8629, 324.849, 195.5033, 5.670093, 120, 0, 0, 0, 0, 0, 0, 0, 0, 28153), -- -Unknown- (Area: Tal'gurub - Difficulty: 0) (Auras: 35356 - Spawn Feign Death)
(@CGUID+87, 130029, 1642, 8499, 8921, '0', '0', 0, 0, 0, -411.5347, 319.4479, 195.5036, 2.334363, 120, 0, 0, 0, 0, 0, 0, 0, 0, 28153), -- -Unknown- (Area: Tal'gurub - Difficulty: 0) (Auras: 35356 - Spawn Feign Death)
(@CGUID+88, 128933, 1642, 8499, 8921, '0', '0', 0, 0, 0, -401.7084, 269.477, 200.6703, 5.880834, 120, 10, 0, 0, 0, 1, 0, 0, 0, 28153), -- -Unknown- (Area: Tal'gurub - Difficulty: 0) (possible waypoints or random movement)
(@CGUID+89, 130031, 1642, 8499, 8921, '0', '0', 0, 0, 0, -422.7882, 298.5833, 200.6629, 3.246059, 120, 0, 0, 0, 0, 0, 0, 0, 0, 28153), -- -Unknown- (Area: Tal'gurub - Difficulty: 0) (Auras: 35356 - Spawn Feign Death)
(@CGUID+90, 130029, 1642, 8499, 8921, '0', '0', 0, 0, 0, -385.7031, 256.9792, 201.2075, 5.790987, 120, 0, 0, 0, 0, 0, 0, 0, 0, 28153), -- -Unknown- (Area: Tal'gurub - Difficulty: 0) (Auras: 35356 - Spawn Feign Death)
(@CGUID+91, 134156, 1642, 8499, 8921, '0', '0', 0, 0, 0, -375.5365, 256.1545, 201.2292, 2.737248, 120, 0, 0, 0, 0, 0, 0, 0, 0, 28153), -- -Unknown- (Area: Tal'gurub - Difficulty: 0) (Auras: 260188 - Jambani Empowerment)
(@CGUID+92, 128933, 1642, 8499, 8921, '0', '0', 0, 0, 0, -404.8687, 277.6898, 200.6703, 6.247536, 120, 10, 0, 0, 0, 1, 0, 0, 0, 28153), -- -Unknown- (Area: Tal'gurub - Difficulty: 0) (possible waypoints or random movement)
(@CGUID+93, 129487, 1642, 8499, 8921, '0', '0', 0, 0, 0, -428.5156, 290.4983, 200.6595, 0.8439478, 120, 0, 0, 0, 0, 0, 0, 0, 0, 28153), -- Jambani Crusher (Area: Tal'gurub - Difficulty: 0)
(@CGUID+94, 130034, 1642, 8499, 8921, '0', '0', 0, 0, 0, -382.5104, 251.401, 201.2292, 3.261239, 120, 0, 0, 0, 0, 0, 0, 0, 0, 28153), -- -Unknown- (Area: Tal'gurub - Difficulty: 0) (Auras: 35356 - Spawn Feign Death)
(@CGUID+95, 130035, 1642, 8499, 8921, '0', '0', 0, 0, 0, -380.2083, 264.0972, 201.2123, 1.021952, 120, 0, 0, 0, 0, 0, 0, 0, 0, 28153), -- -Unknown- (Area: Tal'gurub - Difficulty: 0) (Auras: 35356 - Spawn Feign Death)
(@CGUID+96, 130441, 1642, 8499, 8921, '0', '0', 0, 0, 0, -403.8488, 271.8412, 200.6703, 2.78392, 120, 0, 0, 0, 0, 0, 0, 0, 0, 28153), -- -Unknown- (Area: Tal'gurub - Difficulty: 0)
(@CGUID+97, 129513, 1642, 8499, 8921, '0', '0', 0, 0, 0, -419.7882, 294.0833, 200.6703, 2.343461, 120, 10, 0, 0, 0, 1, 0, 0, 0, 28153), -- -Unknown- (Area: Tal'gurub - Difficulty: 0) (possible waypoints or random movement)
(@CGUID+98, 129513, 1642, 8499, 8921, '0', '0', 0, 0, 0, -380.4028, 258.3733, 201.2292, 5.459632, 120, 0, 0, 0, 0, 0, 0, 0, 0, 28153), -- -Unknown- (Area: Tal'gurub - Difficulty: 0)
(@CGUID+99, 130029, 1642, 8499, 8921, '0', '0', 0, 0, 0, -374.6493, 263.4306, 201.2148, 0.1163413, 120, 0, 0, 0, 0, 0, 0, 0, 0, 28153), -- -Unknown- (Area: Tal'gurub - Difficulty: 0) (Auras: 35356 - Spawn Feign Death)
(@CGUID+100, 128933, 1642, 8499, 8921, '0', '0', 0, 0, 0, -395.6448, 276.2223, 200.67, 4.719216, 120, 10, 0, 0, 0, 1, 0, 0, 0, 28153), -- -Unknown- (Area: Tal'gurub - Difficulty: 0) (possible waypoints or random movement)
(@CGUID+101, 129487, 1642, 8499, 8921, '0', '0', 0, 0, 0, -378.3629, 253.2344, 201.2292, 1.92802, 120, 0, 0, 0, 0, 0, 0, 0, 0, 28153), -- Jambani Crusher (Area: Tal'gurub - Difficulty: 0)
(@CGUID+102, 130441, 1642, 8499, 8921, '0', '0', 0, 0, 0, -431.9558, 302.783, 200.6283, 1.04378, 120, 0, 0, 0, 0, 0, 0, 0, 0, 28153), -- -Unknown- (Area: Tal'gurub - Difficulty: 0)
(@CGUID+103, 130029, 1642, 8499, 8921, '0', '0', 0, 0, 0, -418.6806, 322.533, 195.6757, 4.321112, 120, 0, 0, 0, 0, 0, 0, 0, 0, 28153), -- -Unknown- (Area: Tal'gurub - Difficulty: 0) (Auras: 35356 - Spawn Feign Death)
(@CGUID+104, 130451, 1642, 8499, 8921, '0', '0', 0, 0, 0, -445.1597, 383.1424, 177.5348, 3.663277, 120, 0, 0, 0, 0, 0, 0, 0, 0, 28153), -- -Unknown- (Area: Tal'gurub - Difficulty: 0) (Auras: 114371 - Permanent Feign Death)
(@CGUID+105, 130441, 1642, 8499, 8921, '0', '0', 0, 0, 0, -435.8844, 398.002, 177.9288, 0.6429319, 120, 0, 0, 0, 0, 0, 0, 0, 0, 28153), -- -Unknown- (Area: Tal'gurub - Difficulty: 0)
(@CGUID+106, 125455, 1642, 8499, 8921, '0', '0', 0, 0, 0, -474.9139, 348.597, 190.551, 5.831134, 120, 0, 0, 0, 0, 0, 0, 0, 0, 28153), -- -Unknown- (Area: Tal'gurub - Difficulty: 0)
(@CGUID+107, 130451, 1642, 8499, 8921, '0', '0', 0, 0, 0, -456.0625, 386.276, 177.5369, 1.527095, 120, 0, 0, 0, 0, 0, 0, 0, 0, 28153), -- -Unknown- (Area: Tal'gurub - Difficulty: 0) (Auras: 114371 - Permanent Feign Death)
(@CGUID+108, 130344, 1642, 8499, 8921, '0', '0', 0, 0, 0, -450.0451, 384.6996, 181.8118, 2.310824, 120, 0, 0, 0, 0, 0, 0, 0, 0, 28153), -- -Unknown- (Area: Tal'gurub - Difficulty: 0)
(@CGUID+109, 130451, 1642, 8499, 8921, '0', '0', 0, 0, 0, -472.6823, 418.5799, 168.4952, 5.152312, 120, 0, 0, 0, 0, 0, 0, 0, 0, 28153), -- -Unknown- (Area: Tal'gurub - Difficulty: 0) (Auras: 114371 - Permanent Feign Death)
(@CGUID+110, 130441, 1642, 8499, 8921, '0', '0', 0, 0, 0, -467.4293, 422.5367, 168.5565, 1.514666, 120, 0, 0, 0, 0, 0, 0, 0, 0, 28153), -- -Unknown- (Area: Tal'gurub - Difficulty: 0)
(@CGUID+111, 130451, 1642, 8499, 8921, '0', '0', 0, 0, 0, -476.4445, 407.1754, 168.4899, 5.602275, 120, 0, 0, 0, 0, 0, 0, 0, 0, 28153), -- -Unknown- (Area: Tal'gurub - Difficulty: 0) (Auras: 114371 - Permanent Feign Death)
(@CGUID+112, 125455, 1642, 8499, 8921, '0', '0', 0, 0, 0, -460.7111, 297.1996, 219.0538, 0.801928, 120, 0, 0, 0, 0, 0, 0, 0, 0, 28153), -- -Unknown- (Area: Tal'gurub - Difficulty: 0)
(@CGUID+113, 133420, 1642, 8499, 8921, '0', '0', 0, 0, 0, -484.0897, 327.9729, 185.4638, 1.371066, 120, 10, 0, 0, 0, 1, 0, 0, 0, 28153), -- -Unknown- (Area: Tal'gurub - Difficulty: 0) (possible waypoints or random movement)
(@CGUID+114, 130035, 1642, 8499, 8921, '0', '0', 0, 0, 0, -463.3976, 294.6597, 214.7652, 0.6460285, 120, 0, 0, 0, 0, 0, 0, 0, 0, 28153), -- -Unknown- (Area: Tal'gurub - Difficulty: 0) (Auras: 35356 - Spawn Feign Death)
(@CGUID+115, 129487, 1642, 8499, 8921, '0', '0', 0, 0, 0, -467.8041, 284.4219, 214.7999, 0.7890524, 120, 10, 0, 0, 0, 1, 0, 0, 0, 28153), -- Jambani Crusher (Area: Tal'gurub - Difficulty: 0) (possible waypoints or random movement)
(@CGUID+116, 130866, 1642, 8499, 8921, '0', '0', 0, 0, 0, -220.809, 397.8333, 198.2257, 2.697294, 120, 0, 0, 0, 0, 0, 0, 0, 0, 28153), -- Gurubashi Spirit (Area: Tal'gurub - Difficulty: 0)
(@CGUID+117, 130866, 1642, 8499, 8921, '0', '0', 0, 0, 0, -225.1788, 396.651, 197.2485, 2.153661, 120, 0, 0, 0, 0, 0, 0, 0, 0, 28153), -- Gurubashi Spirit (Area: Tal'gurub - Difficulty: 0)
(@CGUID+118, 130866, 1642, 8499, 8921, '0', '0', 0, 0, 0, -220.7865, 402.4392, 198.2406, 3.327139, 120, 0, 0, 0, 0, 0, 0, 0, 0, 28153), -- Gurubashi Spirit (Area: Tal'gurub - Difficulty: 0)
(@CGUID+119, 130866, 1642, 8499, 8921, '0', '0', 0, 0, 0, -222.6233, 404.4132, 196.9275, 3.701853, 120, 0, 0, 0, 0, 0, 0, 0, 0, 28153), -- Gurubashi Spirit (Area: Tal'gurub - Difficulty: 0)
(@CGUID+120, 130706, 1642, 8499, 8921, '0', '0', 0, 0, 0, -225.5694, 402.3663, 195.7615, 3.439701, 120, 0, 0, 0, 0, 0, 0, 0, 0, 28153), -- -Unknown- (Area: Tal'gurub - Difficulty: 0)
(@CGUID+121, 130344, 1642, 8499, 8921, '0', '0', 0, 0, 0, -221.6215, 282.5556, 242.9091, 1.327008, 120, 0, 0, 0, 0, 0, 0, 0, 0, 28153), -- -Unknown- (Area: Tal'gurub - Difficulty: 0)
(@CGUID+122, 125455, 1642, 8499, 8921, '0', '0', 0, 0, 0, -211.9861, 268.6229, 246.1431, 2.244774, 120, 0, 0, 0, 0, 0, 0, 0, 0, 28153), -- -Unknown- (Area: Tal'gurub - Difficulty: 0)
(@CGUID+123, 130197, 1642, 8499, 8921, '0', '0', 0, 0, 0, -221.658, 282.5278, 239.8695, 1.055541, 120, 0, 0, 0, 0, 0, 0, 0, 0, 28153), -- Spite of Vol'jamba (Area: Tal'gurub - Difficulty: 0) (Auras: 257957 - Tiki Mask (Zandalari))
(@CGUID+124, 130441, 1642, 8499, 8921, '0', '0', 0, 0, 0, -244.629, 267.3589, 239.6938, 1.928208, 120, 0, 0, 0, 0, 0, 0, 0, 0, 28153), -- -Unknown- (Area: Tal'gurub - Difficulty: 0)
(@CGUID+125, 138399, 1642, 8499, 8921, '0', '0', 0, 0, 0, -236.441, 237.0069, 220.9159, 5.078938, 120, 0, 0, 0, 0, 0, 0, 0, 0, 28153), -- Jambani stockpiles burned (Area: Tal'gurub - Difficulty: 0)
(@CGUID+126, 130441, 1642, 8499, 8921, '0', '0', 0, 0, 0, -284.375, 258.334, 230.0599, 2.324297, 120, 0, 0, 0, 0, 0, 0, 0, 0, 28153), -- -Unknown- (Area: Tal'gurub - Difficulty: 0)
(@CGUID+127, 129752, 1642, 8499, 8921, '0', '0', 0, 0, 0, -231.0799, 231.7847, 220.912, 1.323869, 120, 0, 0, 0, 0, 0, 0, 0, 0, 28153), -- Mindslaved Gurubashi (Area: Tal'gurub - Difficulty: 0) (Auras: 257998 - Zuvembi Haze)
(@CGUID+128, 125455, 1642, 8499, 8921, '0', '0', 0, 0, 0, -201.9511, 229.312, 227.08, 0.06987288, 120, 0, 0, 0, 0, 0, 0, 0, 0, 28153), -- -Unknown- (Area: Tal'gurub - Difficulty: 0)
(@CGUID+129, 130441, 1642, 8499, 8921, '0', '0', 0, 0, 0, -208.754, 232.5781, 221.1027, 0.3488415, 120, 0, 0, 0, 0, 0, 0, 0, 0, 28153), -- -Unknown- (Area: Tal'gurub - Difficulty: 0)
(@CGUID+130, 131044, 1642, 8499, 8921, '0', '0', 0, 0, 0, -240.5729, 233.5, 220.9159, 3.914758, 120, 0, 0, 0, 0, 0, 0, 0, 0, 28153), -- Gurubashi Sacrifice (Area: Tal'gurub - Difficulty: 0)
(@CGUID+131, 131044, 1642, 8499, 8921, '0', '0', 0, 0, 0, -232.0365, 237.1059, 220.9367, 1.382396, 120, 0, 0, 0, 0, 0, 0, 0, 0, 28153), -- Gurubashi Sacrifice (Area: Tal'gurub - Difficulty: 0)
(@CGUID+132, 131044, 1642, 8499, 8921, '0', '0', 0, 0, 0, -239.6736, 232.4132, 220.9159, 5.443851, 120, 0, 0, 0, 0, 0, 0, 0, 0, 28153), -- Gurubashi Sacrifice (Area: Tal'gurub - Difficulty: 0)
(@CGUID+133, 131044, 1642, 8499, 8921, '0', '0', 0, 0, 0, -232.2847, 235.4149, 220.9254, 4.750674, 120, 0, 0, 0, 0, 0, 0, 0, 0, 28153), -- Gurubashi Sacrifice (Area: Tal'gurub - Difficulty: 0)
(@CGUID+134, 130221, 1642, 8499, 8921, '0', '0', 0, 0, 0, -235.1267, 231.6302, 220.9159, 4.957071, 120, 0, 0, 0, 0, 0, 0, 0, 0, 28153), -- Jambani Chosen (Area: Tal'gurub - Difficulty: 0)
(@CGUID+135, 129752, 1642, 8499, 8921, '0', '0', 0, 0, 0, -222.4983, 213.5087, 221.2342, 0.3881887, 120, 0, 0, 0, 0, 0, 0, 0, 0, 28153), -- Mindslaved Gurubashi (Area: Tal'gurub - Difficulty: 0) (Auras: 257998 - Zuvembi Haze)
(@CGUID+136, 138399, 1642, 8499, 8921, '0', '0', 0, 0, 0, -220.474, 215.0017, 221.2342, 5.493229, 120, 0, 0, 0, 0, 0, 0, 0, 0, 28153), -- Jambani stockpiles burned (Area: Tal'gurub - Difficulty: 0)
(@CGUID+137, 132213, 1642, 8499, 8921, '0', '0', 0, 0, 0, -156.7049, 228.9497, 231.814, 5.984453, 120, 0, 0, 0, 0, 0, 0, 0, 0, 28153), -- Weakened Sacrifice (Area: Tal'gurub - Difficulty: 0)
(@CGUID+138, 130441, 1642, 8499, 8921, '0', '0', 0, 0, 0, -248.9501, 224.2944, 220.9971, 4.80583, 120, 0, 0, 0, 0, 0, 0, 0, 0, 28153), -- -Unknown- (Area: Tal'gurub - Difficulty: 0)
(@CGUID+139, 132213, 1642, 8499, 8921, '0', '0', 0, 0, 0, -154.1146, 230.8038, 231.8711, 5.656673, 120, 0, 0, 0, 0, 0, 0, 0, 0, 28153), -- Weakened Sacrifice (Area: Tal'gurub - Difficulty: 0)
(@CGUID+140, 132213, 1642, 8499, 8921, '0', '0', 0, 0, 0, -151.0208, 231.2205, 231.8711, 5.615805, 120, 0, 0, 0, 0, 0, 0, 0, 0, 28153), -- Weakened Sacrifice (Area: Tal'gurub - Difficulty: 0)
(@CGUID+141, 129752, 1642, 8499, 8921, '0', '0', 0, 0, 0, -220.4323, 211.9427, 221.2342, 3.522395, 120, 0, 0, 0, 0, 0, 0, 0, 0, 28153), -- Mindslaved Gurubashi (Area: Tal'gurub - Difficulty: 0) (Auras: 257998 - Zuvembi Haze, 259046 - Carry Crate (Troll Male))
(@CGUID+142, 132213, 1642, 8499, 8921, '0', '0', 0, 0, 0, -159.1406, 226.125, 231.7585, 6.24392, 120, 0, 0, 0, 0, 0, 0, 0, 0, 28153), -- Weakened Sacrifice (Area: Tal'gurub - Difficulty: 0)
(@CGUID+143, 138399, 1642, 8499, 8921, '0', '0', 0, 0, 0, -219.6441, 208.5486, 221.2342, 4.9941, 120, 0, 0, 0, 0, 0, 0, 0, 0, 28153), -- Jambani stockpiles burned (Area: Tal'gurub - Difficulty: 0)
(@CGUID+144, 130221, 1642, 8499, 8921, '0', '0', 0, 0, 0, -286.3698, 228.3333, 221.251, 5.008568, 120, 0, 0, 0, 0, 0, 0, 0, 0, 28153), -- Jambani Chosen (Area: Tal'gurub - Difficulty: 0)
(@CGUID+145, 130221, 1642, 8499, 8921, '0', '0', 0, 0, 0, -169.8004, 210.3229, 231.9135, 3.440225, 120, 0, 0, 0, 0, 0, 0, 0, 0, 28153), -- Jambani Chosen (Area: Tal'gurub - Difficulty: 0)
(@CGUID+146, 130441, 1642, 8499, 8921, '0', '0', 0, 0, 0, -144.9452, 226.7244, 231.8307, 4.236465, 120, 0, 0, 0, 0, 0, 0, 0, 0, 28153), -- -Unknown- (Area: Tal'gurub - Difficulty: 0)
(@CGUID+147, 138399, 1642, 8499, 8921, '0', '0', 0, 0, 0, -303.0816, 241.191, 221.2394, 5.078938, 120, 0, 0, 0, 0, 0, 0, 0, 0, 28153), -- Jambani stockpiles burned (Area: Tal'gurub - Difficulty: 0)
(@CGUID+148, 125455, 1642, 8499, 8921, '0', '0', 0, 0, 0, -173.585, 201.8807, 236.0968, 5.83182, 120, 0, 0, 0, 0, 0, 0, 0, 0, 28153), -- -Unknown- (Area: Tal'gurub - Difficulty: 0)
(@CGUID+149, 130441, 1642, 8499, 8921, '0', '0', 0, 0, 0, -272.1633, 202.4532, 221.2025, 5.763619, 120, 0, 0, 0, 0, 0, 0, 0, 0, 28153), -- -Unknown- (Area: Tal'gurub - Difficulty: 0)
(@CGUID+150, 138399, 1642, 8499, 8921, '0', '0', 0, 0, 0, -292.2517, 206.4948, 221.2342, 5.078938, 120, 0, 0, 0, 0, 0, 0, 0, 0, 28153), -- Jambani stockpiles burned (Area: Tal'gurub - Difficulty: 0)
(@CGUID+151, 129752, 1642, 8499, 8921, '0', '0', 0, 0, 0, -284.7231, 201.7784, 221.2025, 5.885233, 120, 10, 0, 0, 0, 1, 0, 0, 0, 28153), -- Mindslaved Gurubashi (Area: Tal'gurub - Difficulty: 0) (Auras: 257998 - Zuvembi Haze) (possible waypoints or random movement)
(@CGUID+152, 130219, 1642, 8499, 8921, '0', '0', 0, 0, 0, -307.5243, 234.9097, 221.2356, 5.524923, 120, 0, 0, 0, 0, 0, 0, 0, 0, 28153), -- Mindslaved Berserker (Area: Tal'gurub - Difficulty: 0) (Auras: 257998 - Zuvembi Haze)
(@CGUID+153, 129752, 1642, 8499, 8921, '0', '0', 0, 0, 0, -279.8108, 198.8906, 221.2342, 6.13565, 120, 0, 0, 0, 0, 0, 0, 0, 0, 28153), -- Mindslaved Gurubashi (Area: Tal'gurub - Difficulty: 0) (Auras: 257998 - Zuvembi Haze, 259051 - Sharpen Weapon (Troll Male))
(@CGUID+154, 125455, 1642, 8499, 8921, '0', '0', 0, 0, 0, -290.4942, 208.1388, 226.6191, 1.610986, 120, 0, 0, 0, 0, 0, 0, 0, 0, 28153), -- -Unknown- (Area: Tal'gurub - Difficulty: 0)
(@CGUID+155, 125455, 1642, 8499, 8921, '0', '0', 0, 0, 0, -201.3267, 185.9392, 226.2305, 1.367377, 120, 0, 0, 0, 0, 0, 0, 0, 0, 28153), -- -Unknown- (Area: Tal'gurub - Difficulty: 0)
(@CGUID+156, 129752, 1642, 8499, 8921, '0', '0', 0, 0, 0, -210.6875, 181.5365, 221.2342, 3.398551, 120, 0, 0, 0, 0, 0, 0, 0, 0, 28153), -- Mindslaved Gurubashi (Area: Tal'gurub - Difficulty: 0) (Auras: 257998 - Zuvembi Haze, 259046 - Carry Crate (Troll Male))
(@CGUID+157, 130441, 1642, 8499, 8921, '0', '0', 0, 0, 0, -218.8519, 177.3392, 221.2234, 6.188285, 120, 0, 0, 0, 0, 0, 0, 0, 0, 28153), -- -Unknown- (Area: Tal'gurub - Difficulty: 0)
(@CGUID+158, 130441, 1642, 8499, 8921, '0', '0', 0, 0, 0, -254.9688, 178.4204, 221.1997, 5.488073, 120, 0, 0, 0, 0, 0, 0, 0, 0, 28153), -- -Unknown- (Area: Tal'gurub - Difficulty: 0)
(@CGUID+159, 130221, 1642, 8499, 8921, '0', '0', 0, 0, 0, -250.8056, 169.3351, 221.2067, 0.3059115, 120, 0, 0, 0, 0, 0, 0, 0, 0, 28153), -- Jambani Chosen (Area: Tal'gurub - Difficulty: 0)
(@CGUID+160, 130441, 1642, 8499, 8921, '0', '0', 0, 0, 0, -294.7522, 183.5027, 239.9296, 5.627882, 120, 0, 0, 0, 0, 0, 0, 0, 0, 28153), -- -Unknown- (Area: Tal'gurub - Difficulty: 0)
(@CGUID+161, 130441, 1642, 8499, 8921, '0', '0', 0, 0, 0, -337.4699, 186.7812, 257.4187, 1.832528, 120, 0, 0, 0, 0, 0, 0, 0, 0, 28153), -- -Unknown- (Area: Tal'gurub - Difficulty: 0)
(@CGUID+162, 138399, 1642, 8499, 8921, '0', '0', 0, 0, 0, -264.7795, 158.8264, 221.0659, 4.129476, 120, 0, 0, 0, 0, 0, 0, 0, 0, 28153), -- Jambani stockpiles burned (Area: Tal'gurub - Difficulty: 0)
(@CGUID+163, 125455, 1642, 8499, 8921, '0', '0', 0, 0, 0, -366.3719, 197.0858, 265.5198, 4.921773, 120, 0, 0, 0, 0, 0, 0, 0, 0, 28153), -- -Unknown- (Area: Tal'gurub - Difficulty: 0)
(@CGUID+164, 130441, 1642, 8499, 8921, '0', '0', 0, 0, 0, -371.0641, 224.6921, 258.8584, 3.883727, 120, 0, 0, 0, 0, 0, 0, 0, 0, 28153), -- -Unknown- (Area: Tal'gurub - Difficulty: 0)
(@CGUID+165, 125455, 1642, 8499, 8921, '0', '0', 0, 0, 0, -399.4858, 210.5486, 266.0305, 3.543097, 120, 0, 0, 0, 0, 0, 0, 0, 0, 28153), -- -Unknown- (Area: Tal'gurub - Difficulty: 0)
(@CGUID+166, 129752, 1642, 8499, 8921, '0', '0', 0, 0, 0, -269.0573, 146.7309, 221.1375, 3.174192, 120, 0, 0, 0, 0, 0, 0, 0, 0, 28153), -- Mindslaved Gurubashi (Area: Tal'gurub - Difficulty: 0) (Auras: 257998 - Zuvembi Haze)
(@CGUID+167, 129752, 1642, 8499, 8921, '0', '0', 0, 0, 0, -272.382, 144.2413, 221.1801, 1.008536, 120, 0, 0, 0, 0, 0, 0, 0, 0, 28153), -- Mindslaved Gurubashi (Area: Tal'gurub - Difficulty: 0) (Auras: 257998 - Zuvembi Haze)
(@CGUID+168, 130441, 1642, 8499, 8921, '0', '0', 0, 0, 0, -266.1731, 147.8041, 221.0457, 1.469313, 120, 0, 0, 0, 0, 0, 0, 0, 0, 28153), -- -Unknown- (Area: Tal'gurub - Difficulty: 0)
(@CGUID+169, 125455, 1642, 8499, 8921, '0', '0', 0, 0, 0, -323.4418, 142.0803, 262.083, 2.276131, 120, 0, 0, 0, 0, 0, 0, 0, 0, 28153), -- -Unknown- (Area: Tal'gurub - Difficulty: 0)
(@CGUID+170, 130221, 1642, 8499, 8921, '0', '0', 0, 0, 0, -266.4931, 142.6966, 221.0636, 1.684256, 120, 0, 0, 0, 0, 0, 0, 0, 0, 28153), -- Jambani Chosen (Area: Tal'gurub - Difficulty: 0)
(@CGUID+171, 125455, 1642, 8499, 8921, '0', '0', 0, 0, 0, -266.984, 128.4417, 225.5754, 4.482195, 120, 0, 0, 0, 0, 0, 0, 0, 0, 28153), -- -Unknown- (Area: Tal'gurub - Difficulty: 0)
(@CGUID+172, 130441, 1642, 8499, 8921, '0', '0', 0, 0, 0, -229.7987, 140.7541, 221.2698, 3.077222, 120, 0, 0, 0, 0, 0, 0, 0, 0, 28153), -- -Unknown- (Area: Tal'gurub - Difficulty: 0)
(@CGUID+173, 138399, 1642, 8499, 8921, '0', '0', 0, 0, 0, -272.1076, 122.7188, 221.2339, 4.129476, 120, 0, 0, 0, 0, 0, 0, 0, 0, 28153), -- Jambani stockpiles burned (Area: Tal'gurub - Difficulty: 0)
(@CGUID+174, 129752, 1642, 8499, 8921, '0', '0', 0, 0, 0, -200.3715, 171.1302, 221.2234, 0.04969688, 120, 10, 0, 0, 0, 1, 0, 0, 0, 28153), -- Mindslaved Gurubashi (Area: Tal'gurub - Difficulty: 0) (Auras: 257998 - Zuvembi Haze, 259046 - Carry Crate (Troll Male)) (possible waypoints or random movement)
(@CGUID+175, 129752, 1642, 8499, 8921, '0', '0', 0, 0, 0, -270.2101, 121.4844, 221.2342, 5.756403, 120, 0, 0, 0, 0, 0, 0, 0, 0, 28153), -- Mindslaved Gurubashi (Area: Tal'gurub - Difficulty: 0) (Auras: 257998 - Zuvembi Haze, 259046 - Carry Crate (Troll Male))
(@CGUID+176, 138399, 1642, 8499, 8921, '0', '0', 0, 0, 0, -192.7778, 175.4983, 221.2348, 4.9941, 120, 0, 0, 0, 0, 0, 0, 0, 0, 28153), -- Jambani stockpiles burned (Area: Tal'gurub - Difficulty: 0)
(@CGUID+177, 125455, 1642, 8499, 8921, '0', '0', 0, 0, 0, -227.7626, 136.3882, 226.2171, 2.635898, 120, 0, 0, 0, 0, 0, 0, 0, 0, 28153), -- -Unknown- (Area: Tal'gurub - Difficulty: 0)
(@CGUID+178, 131044, 1642, 8499, 8921, '0', '0', 0, 0, 0, -211.5382, 133.8681, 221.2342, 2.202511, 120, 0, 0, 0, 0, 0, 0, 0, 0, 28153), -- Gurubashi Sacrifice (Area: Tal'gurub - Difficulty: 0)
(@CGUID+179, 138399, 1642, 8499, 8921, '0', '0', 0, 0, 0, -212.9983, 128.5417, 221.2342, 4.129476, 120, 0, 0, 0, 0, 0, 0, 0, 0, 28153), -- Jambani stockpiles burned (Area: Tal'gurub - Difficulty: 0)
(@CGUID+180, 131044, 1642, 8499, 8921, '0', '0', 0, 0, 0, -203.6406, 137.2517, 221.2342, 1.598907, 120, 0, 0, 0, 0, 0, 0, 0, 0, 28153), -- Gurubashi Sacrifice (Area: Tal'gurub - Difficulty: 0)
(@CGUID+181, 130441, 1642, 8499, 8921, '0', '0', 0, 0, 0, -230.269, 120.6252, 221.2068, 3.182314, 120, 0, 0, 0, 0, 0, 0, 0, 0, 28153), -- -Unknown- (Area: Tal'gurub - Difficulty: 0)
(@CGUID+182, 131044, 1642, 8499, 8921, '0', '0', 0, 0, 0, -203.9774, 135.6771, 221.2342, 4.136718, 120, 0, 0, 0, 0, 0, 0, 0, 0, 28153), -- Gurubashi Sacrifice (Area: Tal'gurub - Difficulty: 0)
(@CGUID+183, 130221, 1642, 8499, 8921, '0', '0', 0, 0, 0, -178.4826, 168.5313, 221.214, 1.806791, 120, 0, 0, 0, 0, 0, 0, 0, 0, 28153), -- Jambani Chosen (Area: Tal'gurub - Difficulty: 0)
(@CGUID+184, 129752, 1642, 8499, 8921, '0', '0', 0, 0, 0, -194.3646, 141.7622, 221.2221, 4.556278, 120, 0, 0, 0, 0, 0, 0, 0, 0, 28153), -- Mindslaved Gurubashi (Area: Tal'gurub - Difficulty: 0) (Auras: 257998 - Zuvembi Haze)
(@CGUID+185, 131044, 1642, 8499, 8921, '0', '0', 0, 0, 0, -196.401, 137.5885, 221.2342, 1.371792, 120, 0, 0, 0, 0, 0, 0, 0, 0, 28153), -- Gurubashi Sacrifice (Area: Tal'gurub - Difficulty: 0)
(@CGUID+186, 130219, 1642, 8499, 8921, '0', '0', 0, 0, 0, -287.691, 94.83854, 221.0132, 1.925573, 120, 0, 0, 0, 0, 0, 0, 0, 0, 28153), -- Mindslaved Berserker (Area: Tal'gurub - Difficulty: 0) (Auras: 257998 - Zuvembi Haze)
(@CGUID+187, 138399, 1642, 8499, 8921, '0', '0', 0, 0, 0, -235.8281, 107.0955, 221.2632, 4.453853, 120, 0, 0, 0, 0, 0, 0, 0, 0, 28153), -- Jambani stockpiles burned (Area: Tal'gurub - Difficulty: 0)
(@CGUID+188, 131218, 1642, 8499, 8921, '0', '0', 0, 0, 0, -350.3316, 135.0538, 257.1925, 5.866636, 120, 0, 0, 0, 0, 0, 0, 0, 0, 28153), -- Urn of Voices (Area: Tal'gurub - Difficulty: 0)
(@CGUID+189, 131217, 1642, 8499, 8921, '0', '0', 0, 0, 0, -347.6406, 127.783, 257.4542, 0, 120, 0, 0, 0, 0, 0, 0, 0, 0, 28153), -- Urn of Voices (Area: Tal'gurub - Difficulty: 0)
(@CGUID+190, 131044, 1642, 8499, 8921, '0', '0', 0, 0, 0, -196.0556, 135.5469, 221.2342, 2.199328, 120, 0, 0, 0, 0, 0, 0, 0, 0, 28153), -- Gurubashi Sacrifice (Area: Tal'gurub - Difficulty: 0)
(@CGUID+191, 130308, 1642, 8499, 8921, '0', '0', 0, 0, 0, -350.3212, 135.8993, 257.1915, 6.053593, 120, 0, 0, 0, 0, 0, 0, 0, 0, 28153), -- FX STalker (Area: Tal'gurub - Difficulty: 0)
(@CGUID+192, 138399, 1642, 8499, 8921, '0', '0', 0, 0, 0, -295.592, 91.65972, 221.0132, 4.59421, 120, 0, 0, 0, 0, 0, 0, 0, 0, 28153), -- Jambani stockpiles burned (Area: Tal'gurub - Difficulty: 0)
(@CGUID+193, 130441, 1642, 8499, 8921, '0', '0', 0, 0, 0, -184.4667, 149.3005, 220.9974, 0.772455, 120, 0, 0, 0, 0, 0, 0, 0, 0, 28153), -- -Unknown- (Area: Tal'gurub - Difficulty: 0)
(@CGUID+194, 130441, 1642, 8499, 8921, '0', '0', 0, 0, 0, -236.009, 94.82179, 221.1158, 2.599493, 120, 0, 0, 0, 0, 0, 0, 0, 0, 28153), -- -Unknown- (Area: Tal'gurub - Difficulty: 0)
(@CGUID+195, 130441, 1642, 8499, 8921, '0', '0', 0, 0, 0, -293.797, 97.97102, 220.9605, 3.339552, 120, 0, 0, 0, 0, 0, 0, 0, 0, 28153), -- -Unknown- (Area: Tal'gurub - Difficulty: 0)
(@CGUID+196, 129752, 1642, 8499, 8921, '0', '0', 0, 0, 0, -283.1667, 88.2934, 221.1875, 5.561802, 120, 0, 0, 0, 0, 0, 0, 0, 0, 28153), -- Mindslaved Gurubashi (Area: Tal'gurub - Difficulty: 0) (Auras: 257998 - Zuvembi Haze, 259051 - Sharpen Weapon (Troll Male))
(@CGUID+197, 138399, 1642, 8499, 8921, '0', '0', 0, 0, 0, -191.8698, 136.4792, 221.2342, 4.712567, 120, 0, 0, 0, 0, 0, 0, 0, 0, 28153), -- Jambani stockpiles burned (Area: Tal'gurub - Difficulty: 0)
(@CGUID+198, 131219, 1642, 8499, 8921, '0', '0', 0, 0, 0, -374.5139, 132.2188, 257.2858, 0.02156841, 120, 0, 0, 0, 0, 0, 0, 0, 0, 28153), -- Gong (Area: Tal'gurub - Difficulty: 0)
(@CGUID+199, 130441, 1642, 8499, 8921, '0', '0', 0, 0, 0, -370.6686, 128.5087, 257.3234, 2.089642, 120, 0, 0, 0, 0, 0, 0, 0, 0, 28153), -- -Unknown- (Area: Tal'gurub - Difficulty: 0)
(@CGUID+200, 130308, 1642, 8499, 8921, '0', '0', 0, 0, 0, -386.5868, 161.3316, 258.4938, 0.2947523, 120, 0, 0, 0, 0, 0, 0, 0, 0, 28153), -- FX STalker (Area: Tal'gurub - Difficulty: 0)
(@CGUID+201, 130308, 1642, 8499, 8921, '0', '0', 0, 0, 0, -375.1632, 132.717, 257.2864, 0.2947523, 120, 0, 0, 0, 0, 0, 0, 0, 0, 28153), -- FX STalker (Area: Tal'gurub - Difficulty: 0)
(@CGUID+202, 130441, 1642, 8499, 8921, '0', '0', 0, 0, 0, -385.2802, 172.3003, 257.4834, 4.846087, 120, 0, 0, 0, 0, 0, 0, 0, 0, 28153), -- -Unknown- (Area: Tal'gurub - Difficulty: 0)
(@CGUID+203, 138399, 1642, 8499, 8921, '0', '0', 0, 0, 0, -292.2083, 81.25347, 221.1343, 4.59421, 120, 0, 0, 0, 0, 0, 0, 0, 0, 28153), -- Jambani stockpiles burned (Area: Tal'gurub - Difficulty: 0)
(@CGUID+204, 129752, 1642, 8499, 8921, '0', '0', 0, 0, 0, -285.0451, 85.46354, 221.0855, 5.307928, 120, 0, 0, 0, 0, 0, 0, 0, 0, 28153), -- Mindslaved Gurubashi (Area: Tal'gurub - Difficulty: 0) (Auras: 257998 - Zuvembi Haze)
(@CGUID+205, 130441, 1642, 8499, 9406, '0', '0', 0, 0, 0, -431.8096, 194.3082, 261.8123, 1.087047, 120, 0, 0, 0, 0, 0, 0, 0, 0, 28153), -- -Unknown- (Area: Speakers' Step - Difficulty: 0)
(@CGUID+206, 125455, 1642, 8499, 9406, '0', '0', 0, 0, 0, -437.3872, 185.4151, 271.7309, 1.525312, 120, 0, 0, 0, 0, 0, 0, 0, 0, 28153), -- -Unknown- (Area: Speakers' Step - Difficulty: 0)
(@CGUID+207, 122223, 1642, 8499, 9406, '0', '0', 0, 0, 0, -485.3212, 37.90972, 253.8351, 2.419591, 120, 0, 0, 0, 0, 0, 0, 0, 0, 28153), -- Direhorn Cow (Area: Speakers' Step - Difficulty: 0) (Auras: 35356 - Spawn Feign Death)
(@CGUID+208, 125455, 1642, 8499, 9406, '0', '0', 0, 0, 0, -420.5132, 220.6748, 266.9163, 5.210274, 120, 0, 0, 0, 0, 0, 0, 0, 0, 28153), -- -Unknown- (Area: Speakers' Step - Difficulty: 0)
(@CGUID+209, 130441, 1642, 8499, 9406, '0', '0', 0, 0, 0, -362.3833, 91.67316, 257.1325, 4.787189, 120, 0, 0, 0, 0, 0, 0, 0, 0, 28153), -- -Unknown- (Area: Speakers' Step - Difficulty: 0)
(@CGUID+210, 130441, 1642, 8499, 9406, '0', '0', 0, 0, 0, -361.4913, 68.15625, 257.2575, 4.309842, 120, 0, 0, 0, 0, 0, 0, 0, 0, 28153), -- -Unknown- (Area: Speakers' Step - Difficulty: 0)
(@CGUID+211, 125455, 1642, 8499, 9406, '0', '0', 0, 0, 0, -448.1338, 216.9614, 269.4286, 5.819978, 120, 0, 0, 0, 0, 0, 0, 0, 0, 28153), -- -Unknown- (Area: Speakers' Step - Difficulty: 0)
(@CGUID+212, 130029, 1642, 8499, 9406, '0', '0', 0, 0, 0, -475.6615, 210.2153, 216.1683, 3.806522, 120, 0, 0, 0, 0, 0, 0, 0, 0, 28153), -- -Unknown- (Area: Speakers' Step - Difficulty: 0) (Auras: 35356 - Spawn Feign Death)
(@CGUID+213, 129513, 1642, 8499, 9406, '0', '0', 0, 0, 0, -485.7031, 237.9653, 214.8046, 0.9898053, 120, 0, 0, 0, 0, 0, 0, 0, 0, 28153), -- -Unknown- (Area: Speakers' Step - Difficulty: 0) (Auras: )
(@CGUID+214, 130029, 1642, 8499, 9406, '0', '0', 0, 0, 0, -487.5695, 240.4531, 214.8046, 5.463931, 120, 0, 0, 0, 0, 0, 0, 0, 0, 28153), -- -Unknown- (Area: Speakers' Step - Difficulty: 0) (Auras: 35356 - Spawn Feign Death)
(@CGUID+215, 130034, 1642, 8499, 9406, '0', '0', 0, 0, 0, -487.3038, 201.3194, 216.1683, 5.889419, 120, 0, 0, 0, 0, 0, 0, 0, 0, 28153), -- -Unknown- (Area: Speakers' Step - Difficulty: 0) (Auras: 35356 - Spawn Feign Death)
(@CGUID+216, 130441, 1642, 8499, 9406, '0', '0', 0, 0, 0, -483.7772, 166.1823, 267.5169, 0.4055284, 120, 0, 0, 0, 0, 0, 0, 0, 0, 28153), -- -Unknown- (Area: Speakers' Step - Difficulty: 0)
(@CGUID+217, 130029, 1642, 8499, 9406, '0', '0', 0, 0, 0, -483.2517, 234.1198, 214.8046, 2.180848, 120, 0, 0, 0, 0, 0, 0, 0, 0, 28153), -- -Unknown- (Area: Speakers' Step - Difficulty: 0) (Auras: 35356 - Spawn Feign Death)
(@CGUID+218, 130034, 1642, 8499, 9406, '0', '0', 0, 0, 0, -483.3455, 199.3125, 216.1683, 4.708977, 120, 0, 0, 0, 0, 0, 0, 0, 0, 28153), -- -Unknown- (Area: Speakers' Step - Difficulty: 0) (Auras: 35356 - Spawn Feign Death)
(@CGUID+219, 130029, 1642, 8499, 9406, '0', '0', 0, 0, 0, -483.408, 240.9844, 214.8046, 4.589438, 120, 0, 0, 0, 0, 0, 0, 0, 0, 28153), -- -Unknown- (Area: Speakers' Step - Difficulty: 0) (Auras: 35356 - Spawn Feign Death)
(@CGUID+220, 130034, 1642, 8499, 9406, '0', '0', 0, 0, 0, -480.8698, 212.4826, 216.1649, 5.06375, 120, 0, 0, 0, 0, 0, 0, 0, 0, 28153), -- -Unknown- (Area: Speakers' Step - Difficulty: 0) (Auras: 35356 - Spawn Feign Death)
(@CGUID+221, 125455, 1642, 8499, 9406, '0', '0', 0, 0, 0, -483.7254, 258.2587, 220.2725, 0.9050182, 120, 0, 0, 0, 0, 0, 0, 0, 0, 28153), -- -Unknown- (Area: Speakers' Step - Difficulty: 0)
(@CGUID+222, 129954, 1642, 8499, 9406, '0', '0', 0, 0, 0, -475.9851, 263.339, 179.4755, 1.16943, 120, 0, 0, 0, 0, 0, 0, 0, 0, 28153), -- Gahz'ralka (Area: Speakers' Step - Difficulty: 0) (Auras: 162908 - Vile Blood)
(@CGUID+223, 125455, 1642, 8499, 9406, '0', '0', 0, 0, 0, -502.8956, 210.1963, 219.7052, 6.045367, 120, 0, 0, 0, 0, 0, 0, 0, 0, 28153), -- -Unknown- (Area: Speakers' Step - Difficulty: 0)
(@CGUID+224, 130035, 1642, 8499, 8921, '0', '0', 0, 0, 0, -497.026, 221.7865, 214.8046, 2.503167, 120, 0, 0, 0, 0, 0, 0, 0, 0, 28153), -- -Unknown- (Area: Tal'gurub - Difficulty: 0) (Auras: 35356 - Spawn Feign Death)
(@CGUID+225, 130031, 1642, 8499, 8921, '0', '0', 0, 0, 0, -509.2083, 240.9184, 214.8046, 3.330702, 120, 0, 0, 0, 0, 0, 0, 0, 0, 28153), -- -Unknown- (Area: Tal'gurub - Difficulty: 0) (Auras: 35356 - Spawn Feign Death)
(@CGUID+226, 129513, 1642, 8499, 8921, '0', '0', 0, 0, 0, -507.2737, 244.269, 214.7557, 5.830216, 120, 0, 0, 0, 0, 0, 0, 0, 0, 28153), -- -Unknown- (Area: Tal'gurub - Difficulty: 0) (Auras: )
(@CGUID+227, 130929, 1642, 8499, 8921, '0', '0', 0, 0, 0, -616.6979, 281.974, 169.2862, 1.406007, 120, 0, 0, 0, 0, 0, 0, 0, 0, 28153), -- -Unknown- (Area: Tal'gurub - Difficulty: 0)
(@CGUID+228, 122113, 1642, 8499, 8921, '0', '0', 0, 0, 0, -476.408, 122.3472, 261.7349, 5.662907, 120, 0, 0, 0, 0, 0, 0, 0, 0, 28153), -- Pterrordax Skyrender (Area: Tal'gurub - Difficulty: 0) (Auras: 8876 - Thrash, 145953 - Cosmetic - Sleep Zzz)
(@CGUID+229, 130308, 1642, 8499, 8921, '0', '0', 0, 0, 0, -479.5156, 204.2344, 218.8635, 2.42167, 120, 0, 0, 0, 0, 0, 0, 0, 0, 28153), -- FX STalker (Area: Tal'gurub - Difficulty: 0)
(@CGUID+230, 125455, 1642, 8499, 8921, '0', '0', 0, 0, 0, -509.803, 152.0478, 274.6127, 0.1759892, 120, 0, 0, 0, 0, 0, 0, 0, 0, 28153), -- -Unknown- (Area: Tal'gurub - Difficulty: 0)
(@CGUID+231, 130035, 1642, 8499, 8921, '0', '0', 0, 0, 0, -490.6771, 267.1285, 214.7652, 5.594819, 120, 0, 0, 0, 0, 0, 0, 0, 0, 28153), -- -Unknown- (Area: Tal'gurub - Difficulty: 0) (Auras: 35356 - Spawn Feign Death)
(@CGUID+232, 122113, 1642, 8499, 8921, '0', '0', 0, 0, 0, -469.1754, 116.9566, 268.7, 2.552767, 120, 0, 0, 0, 0, 0, 0, 0, 0, 28153), -- Pterrordax Skyrender (Area: Tal'gurub - Difficulty: 0) (Auras: 8876 - Thrash)
(@CGUID+233, 129720, 1642, 8499, 8921, '0', '0', 0, 0, 0, -481.533, 205.9219, 218.5878, 5.379242, 120, 0, 0, 0, 0, 0, 0, 0, 0, 28153), -- Atal'jamba Ungo (Area: Tal'gurub - Difficulty: 0) (Auras: 257808 - Stirring)
(@CGUID+234, 130029, 1642, 8499, 8921, '0', '0', 0, 0, 0, -528.1667, 239.9149, 214.8046, 1.157728, 120, 0, 0, 0, 0, 0, 0, 0, 0, 28153), -- -Unknown- (Area: Tal'gurub - Difficulty: 0) (Auras: 35356 - Spawn Feign Death)
(@CGUID+235, 129513, 1642, 8499, 8921, '0', '0', 0, 0, 0, -519.0555, 225.6007, 214.8046, 4.179133, 120, 0, 0, 0, 0, 0, 0, 0, 0, 28153), -- -Unknown- (Area: Tal'gurub - Difficulty: 0) (Auras: )
(@CGUID+236, 130441, 1642, 8499, 8921, '0', '0', 0, 0, 0, -528.4402, 233.2574, 214.8316, 3.164154, 120, 0, 0, 0, 0, 0, 0, 0, 0, 28153), -- -Unknown- (Area: Tal'gurub - Difficulty: 0)
(@CGUID+237, 130035, 1642, 8499, 8921, '0', '0', 0, 0, 0, -471.5556, 276.7604, 214.7774, 0.8718806, 120, 0, 0, 0, 0, 0, 0, 0, 0, 28153), -- -Unknown- (Area: Tal'gurub - Difficulty: 0) (Auras: 35356 - Spawn Feign Death)
(@CGUID+238, 129487, 1642, 8499, 8921, '0', '0', 0, 0, 0, -521.9496, 222.6667, 214.8046, 0.7579128, 120, 0, 0, 0, 0, 0, 0, 0, 0, 28153), -- Jambani Crusher (Area: Tal'gurub - Difficulty: 0) (Auras: )
(@CGUID+239, 128933, 1642, 8499, 8921, '0', '0', 0, 0, 0, -547.6746, 261.3218, 214.7871, 4.785073, 120, 0, 0, 0, 0, 0, 0, 0, 0, 28153), -- -Unknown- (Area: Tal'gurub - Difficulty: 0) (Auras: )
(@CGUID+240, 128933, 1642, 8499, 8921, '0', '0', 0, 0, 0, -545.3665, 264.9689, 214.8068, 0.3191378, 120, 0, 0, 0, 0, 0, 0, 0, 0, 28153), -- -Unknown- (Area: Tal'gurub - Difficulty: 0) (Auras: )
(@CGUID+241, 125455, 1642, 8499, 8921, '0', '0', 0, 0, 0, -549.3102, 262.8008, 219.2914, 6.05165, 120, 0, 0, 0, 0, 0, 0, 0, 0, 28153), -- -Unknown- (Area: Tal'gurub - Difficulty: 0)
(@CGUID+242, 128933, 1642, 8499, 8921, '0', '0', 0, 0, 0, -552.7294, 263.7184, 214.5489, 1.169255, 120, 0, 0, 0, 0, 0, 0, 0, 0, 28153), -- -Unknown- (Area: Tal'gurub - Difficulty: 0) (Auras: )
(@CGUID+243, 128933, 1642, 8499, 8921, '0', '0', 0, 0, 0, -519.1054, 267.4036, 214.8403, 0.9765545, 120, 0, 0, 0, 0, 0, 0, 0, 0, 28153), -- -Unknown- (Area: Tal'gurub - Difficulty: 0)
(@CGUID+244, 130029, 1642, 8499, 8921, '0', '0', 0, 0, 0, -535.1684, 261.1024, 214.8289, 5.443048, 120, 0, 0, 0, 0, 0, 0, 0, 0, 28153), -- -Unknown- (Area: Tal'gurub - Difficulty: 0) (Auras: 35356 - Spawn Feign Death)
(@CGUID+245, 129513, 1642, 8499, 8921, '0', '0', 0, 0, 0, -548.1858, 264.7656, 214.7626, 5.198023, 120, 0, 0, 0, 0, 0, 0, 0, 0, 28153), -- -Unknown- (Area: Tal'gurub - Difficulty: 0)
(@CGUID+246, 130031, 1642, 8499, 8921, '0', '0', 0, 0, 0, -536.0208, 261.7396, 214.8289, 0.2386693, 120, 0, 0, 0, 0, 0, 0, 0, 0, 28153), -- -Unknown- (Area: Tal'gurub - Difficulty: 0) (Auras: 35356 - Spawn Feign Death)
(@CGUID+247, 130905, 1642, 8499, 8921, '0', '0', 0, 0, 0, -621.7205, 287.1285, 169.176, 5.67261, 120, 0, 0, 0, 0, 0, 0, 0, 0, 28153), -- -Unknown- (Area: Tal'gurub - Difficulty: 0)
(@CGUID+248, 129487, 1642, 8499, 8921, '0', '0', 0, 0, 0, -551.5868, 239.9132, 214.8625, 3.85097, 120, 0, 0, 0, 0, 0, 0, 0, 0, 28153), -- Jambani Crusher (Area: Tal'gurub - Difficulty: 0)
(@CGUID+249, 125455, 1642, 8499, 8921, '0', '0', 0, 0, 0, -543.0306, 179.8627, 271.1867, 1.945001, 120, 0, 0, 0, 0, 0, 0, 0, 0, 28153); -- -Unknown- (Area: Tal'gurub - Difficulty: 0)

INSERT INTO `creature` (`guid`, `id`, `map`, `zoneId`, `areaId`, `spawnDifficulties`, `PhaseId`, `PhaseGroup`, `modelid`, `equipment_id`, `position_x`, `position_y`, `position_z`, `orientation`, `spawntimesecs`, `spawndist`, `currentwaypoint`, `curhealth`, `curmana`, `MovementType`, `npcflag`, `unit_flags`, `dynamicflags`, `VerifiedBuild`) VALUES
(@CGUID+250, 130441, 1642, 8499, 8921, '0', '0', 0, 0, 0, -534.9207, 177.6537, 267.3971, 5.724314, 120, 0, 0, 0, 0, 0, 0, 0, 0, 28153), -- -Unknown- (Area: Tal'gurub - Difficulty: 0)
(@CGUID+251, 130441, 1642, 8499, 8921, '0', '0', 0, 0, 0, -564.9813, 271.6634, 188.6286, 0.6686444, 120, 0, 0, 0, 0, 0, 0, 0, 0, 28153), -- -Unknown- (Area: Tal'gurub - Difficulty: 0)
(@CGUID+252, 125455, 1642, 8499, 8921, '0', '0', 0, 0, 0, -585.6255, 246.145, 216.7331, 1.925444, 120, 0, 0, 0, 0, 0, 0, 0, 0, 28153), -- -Unknown- (Area: Tal'gurub - Difficulty: 0)
(@CGUID+253, 130441, 1642, 8499, 8921, '0', '0', 0, 0, 0, -577.7734, 209.7506, 212.7703, 2.42617, 120, 0, 0, 0, 0, 0, 0, 0, 0, 28153), -- -Unknown- (Area: Tal'gurub - Difficulty: 0)
(@CGUID+254, 125414, 1642, 8499, 8921, '0', '0', 0, 0, 0, -595.2934, 250.4635, 208.9265, 0, 120, 0, 0, 0, 0, 0, 0, 0, 0, 28153), -- -Unknown- (Area: Tal'gurub - Difficulty: 0) (Auras: 250946 - Advert: I'm a Critter)
(@CGUID+255, 125455, 1642, 8499, 8921, '0', '0', 0, 0, 0, -580.4026, 310.2272, 175.4, 5.22613, 120, 0, 0, 0, 0, 0, 0, 0, 0, 28153), -- -Unknown- (Area: Tal'gurub - Difficulty: 0)
(@CGUID+256, 125417, 1642, 8499, 8921, '0', '0', 0, 0, 0, -500.0161, 117.9831, 256.9561, 3.076199, 120, 0, 0, 0, 0, 0, 0, 0, 0, 28153), -- Pygmy Anaconda (Area: Tal'gurub - Difficulty: 0)
(@CGUID+257, 133857, 1642, 8499, 8921, '0', '0', 0, 0, 0, -504.5219, 113.7398, 257.5738, 4.579322, 120, 0, 0, 0, 0, 0, 0, 0, 0, 28153), -- Shadraspawn Lurker (Area: Tal'gurub - Difficulty: 0)
(@CGUID+258, 130308, 1642, 8499, 8921, '0', '0', 0, 0, 0, -479.4219, 204.2101, 218.7624, 2.42167, 120, 0, 0, 0, 0, 0, 0, 0, 0, 28153), -- FX STalker (Area: Tal'gurub - Difficulty: 0) (Auras: 258844 - Ruined Cauldron)
(@CGUID+259, 129954, 1642, 8499, 8921, '0', '0', 0, 0, 0, -465.0417, 270.2448, 179.5495, 2.20695, 120, 0, 0, 0, 0, 0, 0, 0, 0, 28153), -- Gahz'ralka (Area: Tal'gurub - Difficulty: 0) (Auras: 162908 - Vile Blood)
(@CGUID+260, 125455, 1642, 8499, 8921, '0', '0', 0, 0, 0, -599.5942, 280.4849, 175.8836, 5.56768, 120, 0, 0, 0, 0, 0, 0, 0, 0, 28153), -- -Unknown- (Area: Tal'gurub - Difficulty: 0)
(@CGUID+261, 133420, 1642, 8499, 8921, '0', '0', 0, 0, 0, -502.114, 363.2104, 168.9319, 5.158939, 120, 0, 0, 0, 0, 0, 0, 0, 0, 28153), -- -Unknown- (Area: Tal'gurub - Difficulty: 0)
(@CGUID+262, 129513, 1642, 8499, 8921, '0', '0', 0, 0, 0, -245.7222, 416.1545, 195.5425, 3.29673, 120, 0, 0, 0, 0, 0, 0, 0, 0, 28153), -- -Unknown- (Area: Tal'gurub - Difficulty: 0)
(@CGUID+263, 130441, 1642, 8499, 8921, '0', '0', 0, 0, 0, -237.125, 429.1094, 195.5425, 0.837805, 120, 0, 0, 0, 0, 0, 0, 0, 0, 28153), -- -Unknown- (Area: Tal'gurub - Difficulty: 0)
(@CGUID+264, 129487, 1642, 8499, 8921, '0', '0', 0, 0, 0, -249.8177, 416.0365, 195.5029, 0.05256441, 120, 0, 0, 0, 0, 0, 0, 0, 0, 28153), -- Jambani Crusher (Area: Tal'gurub - Difficulty: 0)
(@CGUID+265, 130219, 1642, 8499, 8921, '0', '0', 0, 0, 0, -206.4879, 239.026, 221.1498, 3.388656, 120, 0, 0, 0, 0, 0, 0, 0, 0, 28153), -- Mindslaved Berserker (Area: Tal'gurub - Difficulty: 0) (Auras: 257998 - Zuvembi Haze)
(@CGUID+266, 130221, 1642, 8499, 8921, '0', '0', 0, 0, 0, -201.5799, 201.1163, 228.8667, 3.353868, 120, 0, 0, 0, 0, 0, 0, 0, 0, 28153), -- Jambani Chosen (Area: Tal'gurub - Difficulty: 0)
(@CGUID+267, 130260, 1642, 8499, 8921, '0', '0', 0, 0, 0, -143.9931, 218.283, 231.7152, 0.3945058, 120, 0, 0, 0, 0, 0, 0, 0, 0, 28153), -- Zuvembi Brewer Zekal (Area: Tal'gurub - Difficulty: 0)
(@CGUID+268, 129907, 1642, 8499, 8921, '0', '0', 0, 0, 0, -210.3095, 308.1486, 230.216, 4.724944, 120, 0, 0, 0, 0, 0, 0, 0, 0, 28153), -- Zul the Prophet (Area: Tal'gurub - Difficulty: 0) (Auras: 277739 - Urn of Voices)
(@CGUID+269, 129907, 1642, 8499, 8921, '0', '0', 0, 0, 0, -231.5469, 261.1059, 239.7145, 4.717059, 120, 0, 0, 0, 0, 0, 0, 0, 0, 28153), -- Zul the Prophet (Area: Tal'gurub - Difficulty: 0) (Auras: 277739 - Urn of Voices)
(@CGUID+270, 129907, 1642, 8499, 8921, '0', '0', 0, 0, 0, -231.5469, 261.1059, 239.7978, 4.717059, 120, 0, 0, 0, 0, 0, 0, 0, 0, 28153); -- Zul the Prophet (Area: Tal'gurub - Difficulty: 0) (Auras: 277739 - Urn of Voices)
DELETE FROM `creature_addon` WHERE `guid` BETWEEN @CGUID+0 AND @CGUID+270;
INSERT INTO `creature_addon` (`guid`, `path_id`, `mount`, `bytes1`, `bytes2`, `emote`, `aiAnimKit`, `movementAnimKit`, `meleeAnimKit`, `auras`) VALUES
(@CGUID+0, 0, 0, 0, 1, 0, 0, 0, 0, ''), -- -Unknown-
(@CGUID+1, 0, 0, 0, 1, 0, 0, 0, 0, ''), -- Jambani Crusher
(@CGUID+2, 0, 0, 0, 1, 0, 0, 0, 0, '260188'), -- -Unknown- - 260188 - Jambani Empowerment
(@CGUID+3, 0, 0, 50331648, 1, 0, 0, 0, 0, ''), -- -Unknown-
(@CGUID+4, 0, 0, 0, 1, 0, 0, 0, 0, ''), -- -Unknown-
(@CGUID+5, 0, 0, 0, 1, 0, 0, 0, 0, '35356'), -- -Unknown- - 35356 - Spawn Feign Death
(@CGUID+6, 0, 0, 0, 1, 0, 0, 0, 0, ''), -- -Unknown-
(@CGUID+7, 0, 0, 0, 1, 0, 0, 0, 0, '35356'), -- -Unknown- - 35356 - Spawn Feign Death
(@CGUID+8, 0, 0, 0, 1, 0, 0, 0, 0, ''), -- -Unknown-
(@CGUID+9, 0, 0, 0, 1, 0, 0, 0, 0, '35356'), -- -Unknown- - 35356 - Spawn Feign Death
(@CGUID+10, 0, 0, 0, 1, 0, 0, 0, 0, ''), -- Voice of Vol'jamba
(@CGUID+11, 0, 0, 0, 1, 0, 0, 0, 0, '35356'), -- -Unknown- - 35356 - Spawn Feign Death
(@CGUID+12, 0, 0, 0, 1, 0, 0, 0, 0, '35356'), -- -Unknown- - 35356 - Spawn Feign Death
(@CGUID+13, 0, 0, 0, 1, 0, 0, 0, 0, '35356'), -- -Unknown- - 35356 - Spawn Feign Death
(@CGUID+14, 0, 0, 0, 1, 0, 0, 0, 0, ''), -- -Unknown-
(@CGUID+15, 0, 0, 0, 1, 0, 0, 0, 0, ''), -- Jambani Crusher
(@CGUID+16, 0, 0, 50331648, 1, 0, 0, 0, 0, ''), -- -Unknown-
(@CGUID+17, 0, 0, 0, 1, 0, 0, 0, 0, ''), -- Zul the Prophet
(@CGUID+18, 0, 0, 0, 1, 0, 0, 0, 0, ''), -- -Unknown-
(@CGUID+19, 0, 0, 0, 1, 0, 0, 0, 0, ''), -- -Unknown-
(@CGUID+20, 0, 0, 0, 1, 0, 0, 0, 0, '35356'), -- -Unknown- - 35356 - Spawn Feign Death
(@CGUID+21, 0, 0, 0, 1, 0, 0, 0, 0, '35356'), -- -Unknown- - 35356 - Spawn Feign Death
(@CGUID+22, 0, 0, 50331648, 1, 0, 0, 0, 0, ''), -- -Unknown-
(@CGUID+23, 0, 0, 50331648, 1, 0, 0, 0, 0, '258097'), -- -Unknown- - 258097 - Eyes of Vol'jamba
(@CGUID+24, 0, 0, 0, 1, 0, 0, 0, 0, '35356'), -- -Unknown- - 35356 - Spawn Feign Death
(@CGUID+25, 0, 0, 50331648, 1, 0, 0, 0, 0, '258844'), -- FX STalker - 258844 - Ruined Cauldron
(@CGUID+26, 0, 0, 0, 1, 0, 0, 0, 0, ''), -- -Unknown-
(@CGUID+27, 0, 0, 0, 1, 0, 0, 0, 0, ''), -- -Unknown-
(@CGUID+28, 0, 0, 50331648, 1, 0, 0, 0, 0, ''), -- -Unknown-
(@CGUID+29, 0, 0, 0, 1, 0, 0, 0, 0, ''), -- Eyes of Vol'jamba
(@CGUID+30, 0, 0, 0, 1, 0, 0, 0, 0, ''), -- -Unknown-
(@CGUID+31, 0, 0, 0, 1, 0, 0, 0, 0, '260322'), -- Nol'ixwan - 260322 - Thrash
(@CGUID+32, 0, 0, 0, 1, 0, 0, 0, 0, ''), -- -Unknown-
(@CGUID+33, 0, 0, 0, 1, 0, 0, 0, 0, '151597 260355'), -- Ten'gor - 151597 - No NPC Damage Below 45-90%, 260355 - Enrage
(@CGUID+34, 0, 0, 0, 1, 0, 0, 0, 0, ''), -- -Unknown-
(@CGUID+35, 0, 0, 0, 1, 0, 0, 0, 0, ''), -- -Unknown-
(@CGUID+36, 0, 0, 0, 1, 0, 0, 0, 0, ''), -- -Unknown-
(@CGUID+37, 0, 0, 50331648, 1, 0, 0, 0, 0, '258109'), -- FX STalker - 258109 - Eye of Vol'jamba
(@CGUID+38, 0, 0, 0, 1, 0, 0, 0, 0, ''), -- Eyes of Vol'jamba
(@CGUID+39, 0, 0, 0, 1, 0, 0, 0, 0, '35356'), -- -Unknown- - 35356 - Spawn Feign Death
(@CGUID+40, 0, 0, 0, 1, 0, 0, 0, 0, ''), -- -Unknown-
(@CGUID+41, 0, 0, 50331648, 1, 0, 0, 0, 0, ''), -- -Unknown-
(@CGUID+42, 0, 0, 50331648, 1, 0, 0, 0, 0, '258109'), -- FX STalker - 258109 - Eye of Vol'jamba
(@CGUID+43, 0, 0, 0, 1, 0, 0, 0, 0, '35356'), -- -Unknown- - 35356 - Spawn Feign Death
(@CGUID+44, 0, 0, 0, 1, 0, 0, 0, 0, ''), -- -Unknown-
(@CGUID+45, 0, 0, 0, 1, 0, 0, 0, 0, '35356'), -- -Unknown- - 35356 - Spawn Feign Death
(@CGUID+46, 0, 0, 0, 1, 0, 0, 0, 0, '35356'), -- -Unknown- - 35356 - Spawn Feign Death
(@CGUID+47, 0, 0, 50331648, 1, 0, 0, 0, 0, ''), -- -Unknown-
(@CGUID+48, 0, 0, 50331648, 1, 0, 0, 0, 0, ''), -- -Unknown-
(@CGUID+49, 0, 0, 0, 1, 0, 0, 0, 0, ''), -- -Unknown-
(@CGUID+50, 0, 0, 0, 1, 0, 0, 0, 0, ''), -- -Unknown-
(@CGUID+51, 0, 0, 0, 1, 0, 0, 0, 0, ''), -- Adolescent Direhorn
(@CGUID+52, 0, 0, 0, 1, 0, 0, 0, 0, ''), -- Crested Gekkota
(@CGUID+53, 0, 0, 0, 1, 0, 0, 0, 0, ''), -- Jambani Crusher
(@CGUID+54, 0, 0, 0, 1, 0, 0, 0, 0, ''), -- -Unknown-
(@CGUID+55, 0, 0, 0, 1, 0, 0, 0, 0, '35356'), -- -Unknown- - 35356 - Spawn Feign Death
(@CGUID+56, 0, 0, 50331648, 1, 0, 0, 0, 0, ''), -- -Unknown-
(@CGUID+57, 0, 0, 0, 1, 0, 0, 0, 0, '35356'), -- -Unknown- - 35356 - Spawn Feign Death
(@CGUID+58, 0, 0, 50331648, 1, 0, 0, 0, 0, ''), -- -Unknown-
(@CGUID+59, 0, 0, 0, 1, 0, 0, 0, 0, '35356'), -- -Unknown- - 35356 - Spawn Feign Death
(@CGUID+60, 0, 0, 0, 1, 0, 0, 0, 0, ''), -- -Unknown-
(@CGUID+61, 0, 0, 0, 1, 0, 0, 0, 0, ''), -- -Unknown-
(@CGUID+62, 0, 0, 0, 1, 0, 0, 0, 0, '35356'), -- -Unknown- - 35356 - Spawn Feign Death
(@CGUID+63, 0, 0, 0, 1, 0, 0, 0, 0, ''), -- -Unknown-
(@CGUID+64, 0, 0, 0, 1, 0, 0, 0, 0, '35356'), -- -Unknown- - 35356 - Spawn Feign Death
(@CGUID+65, 0, 0, 50331648, 1, 0, 0, 0, 0, ''), -- -Unknown-
(@CGUID+66, 0, 0, 0, 1, 0, 0, 0, 0, '35356'), -- -Unknown- - 35356 - Spawn Feign Death
(@CGUID+67, 0, 0, 0, 1, 0, 0, 0, 0, '35356'), -- -Unknown- - 35356 - Spawn Feign Death
(@CGUID+68, 0, 0, 0, 1, 0, 0, 0, 0, ''), -- -Unknown-
(@CGUID+69, 0, 0, 0, 1, 0, 0, 0, 0, '35356'), -- -Unknown- - 35356 - Spawn Feign Death
(@CGUID+70, 0, 0, 0, 1, 0, 0, 0, 0, ''), -- -Unknown-
(@CGUID+71, 0, 0, 0, 1, 0, 0, 0, 0, ''), -- -Unknown-
(@CGUID+72, 0, 0, 50331648, 1, 0, 0, 0, 0, ''), -- -Unknown-
(@CGUID+73, 0, 0, 0, 1, 0, 0, 0, 0, '35356'), -- -Unknown- - 35356 - Spawn Feign Death
(@CGUID+74, 0, 0, 0, 1, 0, 0, 0, 0, '260188'), -- -Unknown- - 260188 - Jambani Empowerment
(@CGUID+75, 0, 0, 0, 1, 0, 0, 0, 0, '35356'), -- -Unknown- - 35356 - Spawn Feign Death
(@CGUID+76, 0, 0, 0, 1, 0, 0, 0, 0, '35356'), -- -Unknown- - 35356 - Spawn Feign Death
(@CGUID+77, 0, 0, 0, 1, 0, 0, 0, 0, '35356'), -- -Unknown- - 35356 - Spawn Feign Death
(@CGUID+78, 0, 0, 0, 1, 0, 0, 0, 0, ''), -- -Unknown-
(@CGUID+79, 0, 0, 0, 1, 0, 0, 0, 0, ''), -- Jambani Crusher
(@CGUID+80, 0, 0, 0, 1, 0, 0, 0, 0, '35356'), -- -Unknown- - 35356 - Spawn Feign Death
(@CGUID+81, 0, 0, 0, 1, 0, 0, 0, 0, '35356'), -- -Unknown- - 35356 - Spawn Feign Death
(@CGUID+82, 0, 0, 0, 1, 0, 0, 0, 0, '260188'), -- -Unknown- - 260188 - Jambani Empowerment
(@CGUID+83, 0, 0, 0, 1, 0, 0, 0, 0, ''), -- -Unknown-
(@CGUID+84, 0, 0, 0, 1, 0, 0, 0, 0, ''), -- -Unknown-
(@CGUID+85, 0, 0, 0, 1, 0, 0, 0, 0, ''), -- -Unknown-
(@CGUID+86, 0, 0, 0, 1, 0, 0, 0, 0, '35356'), -- -Unknown- - 35356 - Spawn Feign Death
(@CGUID+87, 0, 0, 0, 1, 0, 0, 0, 0, '35356'), -- -Unknown- - 35356 - Spawn Feign Death
(@CGUID+88, 0, 0, 0, 1, 0, 0, 0, 0, ''), -- -Unknown-
(@CGUID+89, 0, 0, 0, 1, 0, 0, 0, 0, '35356'), -- -Unknown- - 35356 - Spawn Feign Death
(@CGUID+90, 0, 0, 0, 1, 0, 0, 0, 0, '35356'), -- -Unknown- - 35356 - Spawn Feign Death
(@CGUID+91, 0, 0, 0, 1, 0, 0, 0, 0, '260188'), -- -Unknown- - 260188 - Jambani Empowerment
(@CGUID+92, 0, 0, 0, 1, 0, 0, 0, 0, ''), -- -Unknown-
(@CGUID+93, 0, 0, 0, 1, 0, 0, 0, 0, ''), -- Jambani Crusher
(@CGUID+94, 0, 0, 0, 1, 0, 0, 0, 0, '35356'), -- -Unknown- - 35356 - Spawn Feign Death
(@CGUID+95, 0, 0, 0, 1, 0, 0, 0, 0, '35356'), -- -Unknown- - 35356 - Spawn Feign Death
(@CGUID+96, 0, 0, 0, 1, 0, 0, 0, 0, ''), -- -Unknown-
(@CGUID+97, 0, 0, 0, 1, 0, 0, 0, 0, ''), -- -Unknown-
(@CGUID+98, 0, 0, 0, 1, 0, 0, 0, 0, ''), -- -Unknown-
(@CGUID+99, 0, 0, 0, 1, 0, 0, 0, 0, '35356'), -- -Unknown- - 35356 - Spawn Feign Death
(@CGUID+100, 0, 0, 0, 1, 0, 0, 0, 0, ''), -- -Unknown-
(@CGUID+101, 0, 0, 0, 1, 0, 0, 0, 0, ''), -- Jambani Crusher
(@CGUID+102, 0, 0, 0, 1, 0, 0, 0, 0, ''), -- -Unknown-
(@CGUID+103, 0, 0, 0, 1, 0, 0, 0, 0, '35356'), -- -Unknown- - 35356 - Spawn Feign Death
(@CGUID+104, 0, 0, 0, 1, 0, 0, 0, 0, '114371'), -- -Unknown- - 114371 - Permanent Feign Death
(@CGUID+105, 0, 0, 0, 1, 0, 0, 0, 0, ''), -- -Unknown-
(@CGUID+106, 0, 0, 50331648, 1, 0, 0, 0, 0, ''), -- -Unknown-
(@CGUID+107, 0, 0, 0, 1, 0, 0, 0, 0, '114371'), -- -Unknown- - 114371 - Permanent Feign Death
(@CGUID+108, 0, 0, 50331648, 1, 0, 0, 0, 0, ''), -- -Unknown-
(@CGUID+109, 0, 0, 0, 1, 0, 0, 0, 0, '114371'), -- -Unknown- - 114371 - Permanent Feign Death
(@CGUID+110, 0, 0, 0, 1, 0, 0, 0, 0, ''), -- -Unknown-
(@CGUID+111, 0, 0, 0, 1, 0, 0, 0, 0, '114371'), -- -Unknown- - 114371 - Permanent Feign Death
(@CGUID+112, 0, 0, 50331648, 1, 0, 0, 0, 0, ''), -- -Unknown-
(@CGUID+113, 0, 0, 0, 1, 0, 0, 0, 0, ''), -- -Unknown-
(@CGUID+114, 0, 0, 0, 1, 0, 0, 0, 0, '35356'), -- -Unknown- - 35356 - Spawn Feign Death
(@CGUID+115, 0, 0, 0, 1, 0, 0, 0, 0, ''), -- Jambani Crusher
(@CGUID+116, 0, 0, 50331648, 1, 0, 2230, 0, 0, ''), -- Gurubashi Spirit
(@CGUID+117, 0, 0, 50331648, 1, 0, 2230, 0, 0, ''), -- Gurubashi Spirit
(@CGUID+118, 0, 0, 50331648, 1, 0, 2230, 0, 0, ''), -- Gurubashi Spirit
(@CGUID+119, 0, 0, 50331648, 1, 0, 2230, 0, 0, ''), -- Gurubashi Spirit
(@CGUID+120, 0, 0, 50331648, 1, 0, 2230, 0, 0, ''), -- -Unknown-
(@CGUID+121, 0, 0, 50331648, 1, 0, 0, 0, 0, ''), -- -Unknown-
(@CGUID+122, 0, 0, 50331648, 1, 0, 0, 0, 0, ''), -- -Unknown-
(@CGUID+123, 0, 0, 0, 1, 0, 0, 0, 0, '257957'), -- Spite of Vol'jamba - 257957 - Tiki Mask (Zandalari)
(@CGUID+124, 0, 0, 0, 1, 0, 0, 0, 0, ''), -- -Unknown-
(@CGUID+125, 0, 0, 0, 1, 0, 0, 0, 0, ''), -- Jambani stockpiles burned
(@CGUID+126, 0, 0, 0, 1, 0, 0, 0, 0, ''), -- -Unknown-
(@CGUID+127, 0, 0, 0, 1, 0, 0, 0, 0, '257998'), -- Mindslaved Gurubashi - 257998 - Zuvembi Haze
(@CGUID+128, 0, 0, 50331648, 1, 0, 0, 0, 0, ''), -- -Unknown-
(@CGUID+129, 0, 0, 0, 1, 0, 0, 0, 0, ''), -- -Unknown-
(@CGUID+130, 0, 0, 0, 1, 0, 0, 0, 0, ''), -- Gurubashi Sacrifice
(@CGUID+131, 0, 0, 1, 1, 0, 0, 0, 0, ''), -- Gurubashi Sacrifice
(@CGUID+132, 0, 0, 1, 1, 0, 0, 0, 0, ''), -- Gurubashi Sacrifice
(@CGUID+133, 0, 0, 0, 1, 0, 0, 0, 0, ''), -- Gurubashi Sacrifice
(@CGUID+134, 0, 0, 0, 2, 0, 0, 0, 0, ''), -- Jambani Chosen
(@CGUID+135, 0, 0, 0, 1, 0, 0, 0, 0, '257998'), -- Mindslaved Gurubashi - 257998 - Zuvembi Haze
(@CGUID+136, 0, 0, 0, 1, 0, 0, 0, 0, ''), -- Jambani stockpiles burned
(@CGUID+137, 0, 0, 0, 1, 0, 0, 0, 0, ''), -- Weakened Sacrifice
(@CGUID+138, 0, 0, 0, 1, 0, 0, 0, 0, ''), -- -Unknown-
(@CGUID+139, 0, 0, 0, 1, 0, 0, 0, 0, ''), -- Weakened Sacrifice
(@CGUID+140, 0, 0, 0, 1, 0, 0, 0, 0, ''), -- Weakened Sacrifice
(@CGUID+141, 0, 0, 0, 1, 0, 0, 0, 0, '257998 259046'), -- Mindslaved Gurubashi - 257998 - Zuvembi Haze, 259046 - Carry Crate (Troll Male)
(@CGUID+142, 0, 0, 0, 1, 0, 0, 0, 0, ''), -- Weakened Sacrifice
(@CGUID+143, 0, 0, 0, 1, 0, 0, 0, 0, ''), -- Jambani stockpiles burned
(@CGUID+144, 0, 0, 0, 2, 0, 0, 0, 0, ''), -- Jambani Chosen
(@CGUID+145, 0, 0, 0, 2, 0, 0, 0, 0, ''), -- Jambani Chosen
(@CGUID+146, 0, 0, 0, 1, 0, 0, 0, 0, ''), -- -Unknown-
(@CGUID+147, 0, 0, 0, 1, 0, 0, 0, 0, ''), -- Jambani stockpiles burned
(@CGUID+148, 0, 0, 50331648, 1, 0, 0, 0, 0, ''), -- -Unknown-
(@CGUID+149, 0, 0, 0, 1, 0, 0, 0, 0, ''), -- -Unknown-
(@CGUID+150, 0, 0, 0, 1, 0, 0, 0, 0, ''), -- Jambani stockpiles burned
(@CGUID+151, 0, 0, 0, 1, 0, 0, 0, 0, '257998'), -- Mindslaved Gurubashi - 257998 - Zuvembi Haze
(@CGUID+152, 0, 0, 0, 1, 0, 0, 0, 0, '257998'), -- Mindslaved Berserker - 257998 - Zuvembi Haze
(@CGUID+153, 0, 0, 0, 1, 0, 0, 0, 0, '257998 259051'), -- Mindslaved Gurubashi - 257998 - Zuvembi Haze, 259051 - Sharpen Weapon (Troll Male)
(@CGUID+154, 0, 0, 50331648, 1, 0, 0, 0, 0, ''), -- -Unknown-
(@CGUID+155, 0, 0, 50331648, 1, 0, 0, 0, 0, ''), -- -Unknown-
(@CGUID+156, 0, 0, 0, 1, 0, 0, 0, 0, '257998 259046'), -- Mindslaved Gurubashi - 257998 - Zuvembi Haze, 259046 - Carry Crate (Troll Male)
(@CGUID+157, 0, 0, 0, 1, 0, 0, 0, 0, ''), -- -Unknown-
(@CGUID+158, 0, 0, 0, 1, 0, 0, 0, 0, ''), -- -Unknown-
(@CGUID+159, 0, 0, 0, 2, 0, 0, 0, 0, ''), -- Jambani Chosen
(@CGUID+160, 0, 0, 0, 1, 0, 0, 0, 0, ''), -- -Unknown-
(@CGUID+161, 0, 0, 0, 1, 0, 0, 0, 0, ''), -- -Unknown-
(@CGUID+162, 0, 0, 0, 1, 0, 0, 0, 0, ''), -- Jambani stockpiles burned
(@CGUID+163, 0, 0, 50331648, 1, 0, 0, 0, 0, ''), -- -Unknown-
(@CGUID+164, 0, 0, 0, 1, 0, 0, 0, 0, ''), -- -Unknown-
(@CGUID+165, 0, 0, 50331648, 1, 0, 0, 0, 0, ''), -- -Unknown-
(@CGUID+166, 0, 0, 0, 1, 0, 0, 0, 0, '257998'), -- Mindslaved Gurubashi - 257998 - Zuvembi Haze
(@CGUID+167, 0, 0, 0, 1, 0, 0, 0, 0, '257998'), -- Mindslaved Gurubashi - 257998 - Zuvembi Haze
(@CGUID+168, 0, 0, 0, 1, 0, 0, 0, 0, ''), -- -Unknown-
(@CGUID+169, 0, 0, 50331648, 1, 0, 0, 0, 0, ''), -- -Unknown-
(@CGUID+170, 0, 0, 0, 1, 0, 0, 0, 0, ''), -- Jambani Chosen
(@CGUID+171, 0, 0, 50331648, 1, 0, 0, 0, 0, ''), -- -Unknown-
(@CGUID+172, 0, 0, 0, 1, 0, 0, 0, 0, ''), -- -Unknown-
(@CGUID+173, 0, 0, 0, 1, 0, 0, 0, 0, ''), -- Jambani stockpiles burned
(@CGUID+174, 0, 0, 0, 1, 0, 0, 0, 0, '257998 259046'), -- Mindslaved Gurubashi - 257998 - Zuvembi Haze, 259046 - Carry Crate (Troll Male)
(@CGUID+175, 0, 0, 0, 1, 0, 0, 0, 0, '257998 259046'), -- Mindslaved Gurubashi - 257998 - Zuvembi Haze, 259046 - Carry Crate (Troll Male)
(@CGUID+176, 0, 0, 0, 1, 0, 0, 0, 0, ''), -- Jambani stockpiles burned
(@CGUID+177, 0, 0, 50331648, 1, 0, 0, 0, 0, ''), -- -Unknown-
(@CGUID+178, 0, 0, 0, 1, 0, 0, 0, 0, ''), -- Gurubashi Sacrifice
(@CGUID+179, 0, 0, 0, 1, 0, 0, 0, 0, ''), -- Jambani stockpiles burned
(@CGUID+180, 0, 0, 1, 1, 0, 0, 0, 0, ''), -- Gurubashi Sacrifice
(@CGUID+181, 0, 0, 0, 1, 0, 0, 0, 0, ''), -- -Unknown-
(@CGUID+182, 0, 0, 0, 1, 0, 0, 0, 0, ''), -- Gurubashi Sacrifice
(@CGUID+183, 0, 0, 0, 1, 0, 0, 0, 0, ''), -- Jambani Chosen
(@CGUID+184, 0, 0, 0, 1, 0, 0, 0, 0, '257998'), -- Mindslaved Gurubashi - 257998 - Zuvembi Haze
(@CGUID+185, 0, 0, 0, 1, 0, 0, 0, 0, ''), -- Gurubashi Sacrifice
(@CGUID+186, 0, 0, 0, 1, 0, 0, 0, 0, '257998'), -- Mindslaved Berserker - 257998 - Zuvembi Haze
(@CGUID+187, 0, 0, 0, 1, 0, 0, 0, 0, ''), -- Jambani stockpiles burned
(@CGUID+188, 0, 0, 0, 1, 0, 0, 0, 0, ''), -- Urn of Voices
(@CGUID+189, 0, 0, 0, 1, 0, 0, 0, 0, ''), -- Urn of Voices
(@CGUID+190, 0, 0, 1, 1, 0, 0, 0, 0, ''), -- Gurubashi Sacrifice
(@CGUID+191, 0, 0, 50331648, 1, 0, 0, 0, 0, ''), -- FX STalker
(@CGUID+192, 0, 0, 0, 1, 0, 0, 0, 0, ''), -- Jambani stockpiles burned
(@CGUID+193, 0, 0, 0, 1, 0, 0, 0, 0, ''), -- -Unknown-
(@CGUID+194, 0, 0, 0, 1, 0, 0, 0, 0, ''), -- -Unknown-
(@CGUID+195, 0, 0, 0, 1, 0, 0, 0, 0, ''), -- -Unknown-
(@CGUID+196, 0, 0, 0, 1, 0, 0, 0, 0, '257998 259051'), -- Mindslaved Gurubashi - 257998 - Zuvembi Haze, 259051 - Sharpen Weapon (Troll Male)
(@CGUID+197, 0, 0, 0, 1, 0, 0, 0, 0, ''), -- Jambani stockpiles burned
(@CGUID+198, 0, 0, 0, 1, 0, 0, 0, 0, ''), -- Gong
(@CGUID+199, 0, 0, 0, 1, 0, 0, 0, 0, ''), -- -Unknown-
(@CGUID+200, 0, 0, 50331648, 1, 0, 0, 0, 0, ''), -- FX STalker
(@CGUID+201, 0, 0, 50331648, 1, 0, 0, 0, 0, ''), -- FX STalker
(@CGUID+202, 0, 0, 0, 1, 0, 0, 0, 0, ''), -- -Unknown-
(@CGUID+203, 0, 0, 0, 1, 0, 0, 0, 0, ''), -- Jambani stockpiles burned
(@CGUID+204, 0, 0, 0, 1, 0, 0, 0, 0, '257998'), -- Mindslaved Gurubashi - 257998 - Zuvembi Haze
(@CGUID+205, 0, 0, 0, 1, 0, 0, 0, 0, ''), -- -Unknown-
(@CGUID+206, 0, 0, 50331648, 1, 0, 0, 0, 0, ''), -- -Unknown-
(@CGUID+207, 0, 0, 0, 1, 0, 0, 0, 0, '35356'), -- Direhorn Cow - 35356 - Spawn Feign Death
(@CGUID+208, 0, 0, 50331648, 1, 0, 0, 0, 0, ''), -- -Unknown-
(@CGUID+209, 0, 0, 0, 1, 0, 0, 0, 0, ''), -- -Unknown-
(@CGUID+210, 0, 0, 0, 1, 0, 0, 0, 0, ''), -- -Unknown-
(@CGUID+211, 0, 0, 50331648, 1, 0, 0, 0, 0, ''), -- -Unknown-
(@CGUID+212, 0, 0, 0, 1, 0, 0, 0, 0, '35356'), -- -Unknown- - 35356 - Spawn Feign Death
(@CGUID+213, 0, 0, 0, 1, 0, 0, 0, 0, ''), -- -Unknown-
(@CGUID+214, 0, 0, 0, 1, 0, 0, 0, 0, '35356'), -- -Unknown- - 35356 - Spawn Feign Death
(@CGUID+215, 0, 0, 0, 1, 0, 0, 0, 0, '35356'), -- -Unknown- - 35356 - Spawn Feign Death
(@CGUID+216, 0, 0, 0, 1, 0, 0, 0, 0, ''), -- -Unknown-
(@CGUID+217, 0, 0, 0, 1, 0, 0, 0, 0, '35356'), -- -Unknown- - 35356 - Spawn Feign Death
(@CGUID+218, 0, 0, 0, 1, 0, 0, 0, 0, '35356'), -- -Unknown- - 35356 - Spawn Feign Death
(@CGUID+219, 0, 0, 0, 1, 0, 0, 0, 0, '35356'), -- -Unknown- - 35356 - Spawn Feign Death
(@CGUID+220, 0, 0, 0, 1, 0, 0, 0, 0, '35356'), -- -Unknown- - 35356 - Spawn Feign Death
(@CGUID+221, 0, 0, 50331648, 1, 0, 0, 0, 0, ''), -- -Unknown-
(@CGUID+222, 0, 0, 0, 1, 0, 0, 0, 0, '162908'), -- Gahz'ralka - 162908 - Vile Blood
(@CGUID+223, 0, 0, 50331648, 1, 0, 0, 0, 0, ''), -- -Unknown-
(@CGUID+224, 0, 0, 0, 1, 0, 0, 0, 0, '35356'), -- -Unknown- - 35356 - Spawn Feign Death
(@CGUID+225, 0, 0, 0, 1, 0, 0, 0, 0, '35356'), -- -Unknown- - 35356 - Spawn Feign Death
(@CGUID+226, 0, 0, 0, 1, 0, 0, 0, 0, ''), -- -Unknown-
(@CGUID+227, 0, 0, 0, 1, 0, 0, 0, 0, ''), -- -Unknown-
(@CGUID+228, 0, 0, 0, 1, 0, 0, 0, 0, '8876 145953'), -- Pterrordax Skyrender - 8876 - Thrash, 145953 - Cosmetic - Sleep Zzz
(@CGUID+229, 0, 0, 50331648, 1, 0, 0, 0, 0, ''), -- FX STalker
(@CGUID+230, 0, 0, 50331648, 1, 0, 0, 0, 0, ''), -- -Unknown-
(@CGUID+231, 0, 0, 0, 1, 0, 0, 0, 0, '35356'), -- -Unknown- - 35356 - Spawn Feign Death
(@CGUID+232, 0, 0, 0, 1, 0, 0, 0, 0, '8876'), -- Pterrordax Skyrender - 8876 - Thrash
(@CGUID+233, 0, 0, 50331648, 1, 0, 0, 0, 0, '257808'), -- Atal'jamba Ungo - 257808 - Stirring
(@CGUID+234, 0, 0, 0, 1, 0, 0, 0, 0, '35356'), -- -Unknown- - 35356 - Spawn Feign Death
(@CGUID+235, 0, 0, 0, 1, 0, 0, 0, 0, ''), -- -Unknown-
(@CGUID+236, 0, 0, 0, 1, 0, 0, 0, 0, ''), -- -Unknown-
(@CGUID+237, 0, 0, 0, 1, 0, 0, 0, 0, '35356'), -- -Unknown- - 35356 - Spawn Feign Death
(@CGUID+238, 0, 0, 0, 1, 0, 0, 0, 0, ''), -- Jambani Crusher
(@CGUID+239, 0, 0, 0, 1, 0, 0, 0, 0, ''), -- -Unknown-
(@CGUID+240, 0, 0, 0, 1, 0, 0, 0, 0, ''), -- -Unknown-
(@CGUID+241, 0, 0, 50331648, 1, 0, 0, 0, 0, ''), -- -Unknown-
(@CGUID+242, 0, 0, 0, 1, 0, 0, 0, 0, ''), -- -Unknown-
(@CGUID+243, 0, 0, 0, 1, 0, 0, 0, 0, ''), -- -Unknown-
(@CGUID+244, 0, 0, 0, 1, 0, 0, 0, 0, '35356'), -- -Unknown- - 35356 - Spawn Feign Death
(@CGUID+245, 0, 0, 0, 1, 0, 0, 0, 0, ''), -- -Unknown-
(@CGUID+246, 0, 0, 0, 1, 0, 0, 0, 0, '35356'), -- -Unknown- - 35356 - Spawn Feign Death
(@CGUID+247, 0, 0, 0, 1, 0, 0, 0, 0, ''), -- -Unknown-
(@CGUID+248, 0, 0, 0, 1, 0, 0, 0, 0, ''), -- Jambani Crusher
(@CGUID+249, 0, 0, 50331648, 1, 0, 0, 0, 0, ''); -- -Unknown-

INSERT INTO `creature_addon` (`guid`, `path_id`, `mount`, `bytes1`, `bytes2`, `emote`, `aiAnimKit`, `movementAnimKit`, `meleeAnimKit`, `auras`) VALUES
(@CGUID+250, 0, 0, 0, 1, 0, 0, 0, 0, ''), -- -Unknown-
(@CGUID+251, 0, 0, 0, 1, 0, 0, 0, 0, ''), -- -Unknown-
(@CGUID+252, 0, 0, 50331648, 1, 0, 0, 0, 0, ''), -- -Unknown-
(@CGUID+253, 0, 0, 0, 1, 0, 0, 0, 0, ''), -- -Unknown-
(@CGUID+254, 0, 0, 0, 1, 0, 0, 0, 0, '250946'), -- -Unknown- - 250946 - Advert: I'm a Critter
(@CGUID+255, 0, 0, 50331648, 1, 0, 0, 0, 0, ''), -- -Unknown-
(@CGUID+256, 0, 0, 0, 1, 0, 0, 0, 0, ''), -- Pygmy Anaconda
(@CGUID+257, 0, 0, 0, 1, 0, 0, 0, 0, ''), -- Shadraspawn Lurker
(@CGUID+258, 0, 0, 50331648, 1, 0, 0, 0, 0, '258844'), -- FX STalker - 258844 - Ruined Cauldron
(@CGUID+259, 0, 0, 0, 1, 0, 0, 0, 0, '162908'), -- Gahz'ralka - 162908 - Vile Blood
(@CGUID+260, 0, 0, 50331648, 1, 0, 0, 0, 0, ''), -- -Unknown-
(@CGUID+261, 0, 0, 0, 1, 0, 0, 0, 0, ''), -- -Unknown-
(@CGUID+262, 0, 0, 0, 1, 0, 0, 0, 0, ''), -- -Unknown-
(@CGUID+263, 0, 0, 0, 1, 0, 0, 0, 0, ''), -- -Unknown-
(@CGUID+264, 0, 0, 0, 1, 0, 0, 0, 0, ''), -- Jambani Crusher
(@CGUID+265, 0, 0, 0, 1, 0, 0, 0, 0, '257998'), -- Mindslaved Berserker - 257998 - Zuvembi Haze
(@CGUID+266, 0, 0, 0, 2, 0, 0, 0, 0, ''), -- Jambani Chosen
(@CGUID+267, 0, 0, 0, 1, 0, 0, 0, 0, ''), -- Zuvembi Brewer Zekal
(@CGUID+268, 0, 0, 0, 0, 0, 0, 0, 0, '277739'), -- Zul the Prophet - 277739 - Urn of Voices
(@CGUID+269, 0, 0, 0, 0, 0, 0, 0, 0, '277739'), -- Zul the Prophet - 277739 - Urn of Voices
(@CGUID+270, 0, 0, 0, 0, 0, 0, 0, 0, '277739'); -- Zul the Prophet - 277739 - Urn of Voices

DELETE FROM `gameobject` WHERE `guid` BETWEEN @OGUID+0 AND @OGUID+59;
INSERT INTO `gameobject` (`guid`, `id`, `map`, `zoneId`, `areaId`, `spawnDifficulties`, `PhaseId`, `PhaseGroup`, `position_x`, `position_y`, `position_z`, `orientation`, `rotation0`, `rotation1`, `rotation2`, `rotation3`, `spawntimesecs`, `animprogress`, `state`, `VerifiedBuild`) VALUES
(@OGUID+0, 281867, 1642, 8499, 8921, '0', '0', 0, -245.9549, 372.0504, 199.8275, 1.682291, 0, 0, 0.7454071, 0.6666095, 120, 255, 1, 28153), -- Star Moss (Area: Tal'gurub - Difficulty: 0)
(@OGUID+1, 278536, 1642, 8499, 8921, '0', '0', 0, -200.4792, 386.0434, 206.3508, 3.120019, 0, 0, 0.9999418, 0.01078648, 120, 255, 1, 28153), -- Voice of Vol'jamba (Area: Tal'gurub - Difficulty: 0)
(@OGUID+2, 278452, 1642, 8499, 8921, '0', '0', 0, -224.7639, 400.092, 195.6252, 0, 0, 0, 0, 1, 120, 255, 1, 28153), -- Brazier (Area: Tal'gurub - Difficulty: 0)
(@OGUID+3, 278453, 1642, 8499, 8921, '0', '0', 0, -227.375, 422.9358, 195.4592, 0, 0, 0, 0, 1, 120, 255, 1, 28153), -- Voodoo Totem (Area: Tal'gurub - Difficulty: 0)
(@OGUID+4, 278537, 1642, 8499, 8921, '0', '0', 0, -204.6615, 330.8177, 222.2293, 3.174276, 0, 0, -0.9998665, 0.01634102, 120, 255, 1, 28153), -- Eyes of Vol'jamba (Area: Tal'gurub - Difficulty: 0)
(@OGUID+5, 278315, 1642, 8499, 8921, '0', '0', 0, -260.1649, 356.8177, 196.9116, 1.591814, 0, 0, 0.7144985, 0.6996369, 120, 255, 1, 28153), -- Witch Doctor's Cauldron (Area: Tal'gurub - Difficulty: 0)
(@OGUID+6, 290750, 1642, 8499, 8921, '0', '0', 0, -211.6806, 184.1354, 221.1525, 0, 0, 0, 0, 1, 120, 255, 1, 28153), -- Jambani Stockpile (Area: Tal'gurub - Difficulty: 0)
(@OGUID+7, 278211, 1642, 8499, 8921, '0', '0', 0, -1126.504, 757.6019, 487.8682, 3.141593, 0, 0, -1, 0, 120, 255, 24, 28153), -- 0 (Area: Tal'gurub - Difficulty: 0)
(@OGUID+8, 278212, 1642, 8499, 8921, '0', '0', 0, -1126.504, 851.7959, 487.8682, 3.141593, 0, 0, -1, 0, 120, 255, 24, 28153), -- 0 (Area: Tal'gurub - Difficulty: 0)
(@OGUID+9, 295687, 1642, 8499, 8921, '0', '0', 0, -344.9831, 272.8144, 196.7297, 2.373644, 0, 0, 0.9271832, 0.3746083, 120, 255, 1, 28153), -- Bench (Area: Tal'gurub - Difficulty: 0)
(@OGUID+10, 295686, 1642, 8499, 8921, '0', '0', 0, -340.7847, 276.949, 196.7297, 2.382372, 0, 0, 0.9288092, 0.3705584, 120, 255, 1, 28153), -- Bench (Area: Tal'gurub - Difficulty: 0)
(@OGUID+11, 278453, 1642, 8499, 8921, '0', '0', 0, -386.5486, 368.9201, 195.2845, 0, 0, 0, 0, 1, 120, 255, 1, 28153), -- Voodoo Totem (Area: Tal'gurub - Difficulty: 0)
(@OGUID+12, 295689, 1642, 8499, 8921, '0', '0', 0, -342.4604, 306.0669, 195.6829, 5.454155, 0, 0, -0.4027462, 0.9153117, 120, 255, 1, 28153), -- Bench (Area: Tal'gurub - Difficulty: 0)
(@OGUID+13, 295688, 1642, 8499, 8921, '0', '0', 0, -349.9102, 298.7742, 195.6811, 5.506516, 0, 0, -0.3786478, 0.9255409, 120, 255, 1, 28153), -- Bench (Area: Tal'gurub - Difficulty: 0)
(@OGUID+14, 278453, 1642, 8499, 8921, '0', '0', 0, -375.1806, 263.3264, 201.1292, 0, 0, 0, 0, 1, 120, 255, 1, 28153), -- Voodoo Totem (Area: Tal'gurub - Difficulty: 0)
(@OGUID+15, 278453, 1642, 8499, 8921, '0', '0', 0, -421.6493, 300.6701, 200.5796, 0, 0, 0, 0, 1, 120, 255, 1, 28153), -- Voodoo Totem (Area: Tal'gurub - Difficulty: 0)
(@OGUID+16, 295630, 1642, 8499, 8921, '0', '0', 0, -370.9529, 266.2765, 201.3483, 3.918267, 0, 0, -0.92554, 0.3786499, 120, 255, 1, 28153), -- Bench (Area: Tal'gurub - Difficulty: 0)
(@OGUID+17, 295629, 1642, 8499, 8921, '0', '0', 0, -388.2128, 249.51, 201.3388, 0.7592169, 0, 0, 0.3705568, 0.9288098, 120, 255, 1, 28153), -- Bench (Area: Tal'gurub - Difficulty: 0)
(@OGUID+18, 297904, 1642, 8499, 8921, '0', '0', 0, -214.6997, 388.6215, 201.4263, 5.766636, 0, 0, -0.2554131, 0.966832, 120, 255, 1, 28153), -- Urn of Voices (Area: Tal'gurub - Difficulty: 0)
(@OGUID+19, 290748, 1642, 8499, 8921, '0', '0', 0, -236.441, 237.0069, 220.8326, 5.078938, 0, 0, -0.5663939, 0.8241347, 120, 255, 1, 28153), -- Jambani Stockpile (Area: Tal'gurub - Difficulty: 0)
(@OGUID+20, 279240, 1642, 8499, 8921, '0', '0', 0, -170.059, 224.625, 231.436, 5.842678, 0, 0, -0.2184772, 0.9758421, 120, 255, 1, 28153), -- [DNT] Drum (Area: Tal'gurub - Difficulty: 0)
(@OGUID+21, 290748, 1642, 8499, 8921, '0', '0', 0, -220.474, 215.0017, 221.1509, 5.49323, 0, 0, -0.3847876, 0.9230052, 120, 255, 1, 28153), -- Jambani Stockpile (Area: Tal'gurub - Difficulty: 0)
(@OGUID+22, 279240, 1642, 8499, 8921, '0', '0', 0, -149.283, 235.2135, 231.7878, 4.249329, 0, 0, -0.8504963, 0.525981, 120, 255, 1, 28153), -- [DNT] Drum (Area: Tal'gurub - Difficulty: 0)
(@OGUID+23, 279232, 1642, 8499, 8921, '0', '0', 0, -143.0799, 232.4514, 231.7878, 0, 0, 0, 0, 1, 120, 255, 1, 28153), -- [DNT] Skull Pile (Area: Tal'gurub - Difficulty: 0)
(@OGUID+24, 290747, 1642, 8499, 8921, '0', '0', 0, -219.6441, 208.5486, 221.1509, 4.994102, 0, 0, -0.600832, 0.7993753, 120, 255, 1, 28153), -- Jambani Stockpile (Area: Tal'gurub - Difficulty: 0)
(@OGUID+25, 290747, 1642, 8499, 8921, '0', '0', 0, -303.0816, 241.191, 221.1561, 5.078938, 0, 0, -0.5663939, 0.8241347, 120, 255, 1, 28153), -- Jambani Stockpile (Area: Tal'gurub - Difficulty: 0)
(@OGUID+26, 290748, 1642, 8499, 8921, '0', '0', 0, -292.2517, 206.4948, 221.1509, 5.078938, 0, 0, -0.5663939, 0.8241347, 120, 255, 1, 28153), -- Jambani Stockpile (Area: Tal'gurub - Difficulty: 0)
(@OGUID+27, 279251, 1642, 8499, 8921, '0', '0', 0, -304.8438, 231.0486, 222.6784, 0.9976163, 0, 0, 0.4783792, 0.8781534, 120, 255, 1, 28153), -- [DNT] Weapon (Area: Tal'gurub - Difficulty: 0)
(@OGUID+28, 296467, 1642, 8499, 8921, '0', '0', 0, -312.276, 234.4063, 221.1515, 2.652894, 0, 0, 0.970295, 0.241925, 120, 255, 1, 28153), -- Forge (Area: Tal'gurub - Difficulty: 0)
(@OGUID+29, 296469, 1642, 8499, 8921, '0', '0', 0, -304.941, 230.9392, 221.1509, 4.206246, 0, 0, -0.8616285, 0.5075394, 120, 255, 1, 28153), -- Anvil (Area: Tal'gurub - Difficulty: 0)
(@OGUID+30, 290747, 1642, 8499, 8921, '0', '0', 0, -264.7795, 158.8264, 220.9826, 4.129479, 0, 0, -0.8804703, 0.4741014, 120, 255, 1, 28153), -- Jambani Stockpile (Area: Tal'gurub - Difficulty: 0)
(@OGUID+31, 290678, 1642, 8499, 8921, '0', '0', 0, -345.8715, 186.3611, 253.5296, 0.2929779, 0, 0, 0.1459656, 0.9892897, 120, 255, 1, 28153), -- Altar of Gonk (Area: Tal'gurub - Difficulty: 0)
(@OGUID+32, 290678, 1642, 8499, 8921, '0', '0', 0, -331.7274, 132.158, 257.3847, 0.2929779, 0, 0, 0.1459656, 0.9892897, 120, 255, 1, 28153), -- Altar of Gonk (Area: Tal'gurub - Difficulty: 0)
(@OGUID+33, 290747, 1642, 8499, 8921, '0', '0', 0, -272.1076, 122.7188, 221.1505, 4.129479, 0, 0, -0.8804703, 0.4741014, 120, 255, 1, 28153), -- Jambani Stockpile (Area: Tal'gurub - Difficulty: 0)
(@OGUID+34, 281868, 1642, 8499, 8921, '0', '0', 0, -289.2153, 116.2552, 223.399, 5.742168, 0, 0, -0.2672215, 0.9636351, 120, 255, 1, 28153), -- Star Moss (Area: Tal'gurub - Difficulty: 0)
(@OGUID+35, 290749, 1642, 8499, 8921, '0', '0', 0, -192.7778, 175.4983, 221.1515, 4.994102, 0, 0, -0.600832, 0.7993753, 120, 255, 1, 28153), -- Jambani Stockpile (Area: Tal'gurub - Difficulty: 0)
(@OGUID+36, 290747, 1642, 8499, 8921, '0', '0', 0, -212.9983, 128.5417, 221.1509, 4.129479, 0, 0, -0.8804703, 0.4741014, 120, 255, 1, 28153), -- Jambani Stockpile (Area: Tal'gurub - Difficulty: 0)
(@OGUID+37, 290749, 1642, 8499, 8921, '0', '0', 0, -295.592, 91.65972, 220.9299, 4.594213, 0, 0, -0.7476301, 0.6641154, 120, 255, 1, 28153), -- Jambani Stockpile (Area: Tal'gurub - Difficulty: 0)
(@OGUID+38, 290749, 1642, 8499, 8921, '0', '0', 0, -191.8698, 136.4792, 221.1509, 4.712568, 0, 0, -0.7070436, 0.7071699, 120, 255, 1, 28153), -- Jambani Stockpile (Area: Tal'gurub - Difficulty: 0)
(@OGUID+39, 279234, 1642, 8499, 8921, '0', '0', 0, -289.4861, 98.15278, 220.9299, 0.3152303, 0, 0, 0.1569633, 0.9876044, 120, 255, 1, 28153), -- [DNT] Anvil (Area: Tal'gurub - Difficulty: 0)
(@OGUID+40, 279242, 1642, 8499, 8921, '0', '0', 0, -282.6146, 88.47916, 220.9521, 5.159399, 0, 0, -0.5327892, 0.846248, 120, 255, 1, 28153), -- [DNT] Whetstone (Area: Tal'gurub - Difficulty: 0)
(@OGUID+41, 279251, 1642, 8499, 8921, '0', '0', 0, -289.5417, 97.94271, 222.3736, 0.2670607, 0, 0, 0.1331339, 0.991098, 120, 255, 1, 28153), -- [DNT] Weapon (Area: Tal'gurub - Difficulty: 0)
(@OGUID+42, 290747, 1642, 8499, 8921, '0', '0', 0, -235.8281, 107.0955, 221.1799, 4.453855, 0, 0, -0.7923584, 0.6100559, 120, 255, 1, 28153), -- Jambani Stockpile (Area: Tal'gurub - Difficulty: 0)
(@OGUID+43, 296473, 1642, 8499, 8921, '0', '0', 0, -288.6198, 89.84549, 221.0193, 3.141593, 0, 0, -1, 0, 120, 255, 1, 28153), -- Campfire (Area: Tal'gurub - Difficulty: 0)
(@OGUID+44, 290747, 1642, 8499, 8921, '0', '0', 0, -292.2083, 81.25347, 221.0509, 4.594213, 0, 0, -0.7476301, 0.6641154, 120, 255, 1, 28153), -- Jambani Stockpile (Area: Tal'gurub - Difficulty: 0)
(@OGUID+45, 279363, 1642, 8499, 8921, '0', '0', 0, -386.3507, 162.1754, 258.3741, 5.634066, 0, 0, -0.3188915, 0.9477912, 120, 255, 1, 28153), -- [DNT] Bottle (Area: Tal'gurub - Difficulty: 0)
(@OGUID+46, 279362, 1642, 8499, 8921, '0', '0', 0, -385.8507, 161.5, 258.3232, 0.8127658, 0, 0, 0.3952894, 0.9185566, 120, 255, 1, 28153), -- [DNT] Bottle (Area: Tal'gurub - Difficulty: 0)
(@OGUID+47, 279361, 1642, 8499, 8921, '0', '0', 0, -386.0521, 160.9583, 258.3592, 0.4757905, 0, 0, 0.2356577, 0.9718361, 120, 255, 1, 28153), -- [DNT] Bottle (Area: Tal'gurub - Difficulty: 0)
(@OGUID+48, 279351, 1642, 8499, 8921, '0', '0', 0, -386.2465, 161.526, 257.3468, 3.424729, 0, 0, -0.989996, 0.1410958, 120, 255, 1, 28153), -- [DNT] Table (Area: Tal'gurub - Difficulty: 0)
(@OGUID+49, 279349, 1642, 8499, 8921, '0', '0', 0, -375.1632, 132.717, 257.2031, 0.2947521, 0.001542091, 0.0002288818, 0.146843, 0.9891586, 120, 255, 1, 28153), -- Gong of Command (Area: Tal'gurub - Difficulty: 0)
(@OGUID+50, 279241, 1642, 8499, 8921, '0', '0', 0, -294.1337, 86.81077, 220.9436, 0.3658542, 0, 0, 0.1819086, 0.9833155, 120, 255, 1, 28153), -- [DNT] Weaponrack 01 (Area: Tal'gurub - Difficulty: 0)
(@OGUID+51, 279354, 1642, 8499, 8921, '0', '0', 0, -386.5938, 161.2778, 258.3294, 0.2749782, 0, 0, 0.1370564, 0.9905632, 120, 255, 1, 28153), -- Mysterious Brew (Area: Tal'gurub - Difficulty: 0)
(@OGUID+52, 278811, 1642, 8499, 9406, '0', '0', 0, -392.3455, 117.1024, 268.8953, 1.901128, 0, 0, 0.8137436, 0.581224, 120, 255, 1, 28153), -- [DNT] Zanda Mask 02 (Area: Speakers' Step - Difficulty: 0)
(@OGUID+53, 278812, 1642, 8499, 9406, '0', '0', 0, -405.6389, 124.9149, 271.0714, 0.3305258, 0, 0, 0.1645117, 0.9863752, 120, 255, 1, 28153), -- [DNT] Zanda Mask 01 (Area: Speakers' Step - Difficulty: 0)
(@OGUID+54, 278811, 1642, 8499, 9406, '0', '0', 0, -409.5191, 138.8663, 270.9887, 0.3113123, 0, 0, 0.1550283, 0.98791, 120, 255, 1, 28153), -- [DNT] Zanda Mask 02 (Area: Speakers' Step - Difficulty: 0)
(@OGUID+55, 278811, 1642, 8499, 9406, '0', '0', 0, -408.1927, 165.9792, 268.9255, 5.013161, 0, 0, -0.5931873, 0.8050644, 120, 255, 1, 28153), -- [DNT] Zanda Mask 02 (Area: Speakers' Step - Difficulty: 0)
(@OGUID+56, 278812, 1642, 8499, 9406, '0', '0', 0, -414.4688, 151.7639, 270.9825, 0.3305258, 0, 0, 0.1645117, 0.9863752, 120, 255, 1, 28153), -- [DNT] Zanda Mask 01 (Area: Speakers' Step - Difficulty: 0)
(@OGUID+57, 278315, 1642, 8499, 9406, '0', '0', 0, -479.4566, 204.1424, 216.0849, 2.34736, 0, 0, 0.9221802, 0.3867605, 120, 255, 1, 28153), -- Witch Doctor's Cauldron (Area: Speakers' Step - Difficulty: 0)
(@OGUID+58, 270040, 1642, 8499, 9406, '0', '0', 0, -458.8871, 112.2674, 267.3361, 0, 0, 0, 0, 1, 120, 255, 1, 28153), -- Nearly-hatching Pterrordax Egg (Area: Speakers' Step - Difficulty: 0)
(@OGUID+59, 279240, 1642, 8499, 8921, '0', '0', 0, -162.2344, 197.691, 231.2057, 0.9988176, 0, 0, 0.4789066, 0.8778659, 120, 255, 1, 28153); -- [DNT] Drum (Area: Tal'gurub - Difficulty: 0)
DELETE FROM `gameobject_addon` WHERE `guid` BETWEEN @OGUID+0 AND @OGUID+59;
INSERT INTO `gameobject_addon` (`guid`, `parent_rotation0`, `parent_rotation1`, `parent_rotation2`, `parent_rotation3`) VALUES
(@OGUID+7, 0, 0, 1, -0.00000004371139), -- 0
(@OGUID+8, 0, 0, 1, -0.00000004371139), -- 0
(@OGUID+9, 0, 0, 0.9238795, -0.3826835), -- Bench
(@OGUID+10, 0, 0, 0.9238795, -0.3826835), -- Bench
(@OGUID+12, 0, 0, 0.9238795, -0.3826835), -- Bench
(@OGUID+13, 0, 0, 0.9238795, -0.3826835), -- Bench
(@OGUID+16, 0, 0, 0.9255406, -0.3786484), -- Bench
(@OGUID+17, 0, 0, 0.9255406, -0.3786484); -- Bench

