DELETE FROM `quest_poi` WHERE (`QuestID`=51044 AND `BlobIndex`=1 AND `Idx1`=2) OR (`QuestID`=51044 AND `BlobIndex`=0 AND `Idx1`=1) OR (`QuestID`=51044 AND `BlobIndex`=0 AND `Idx1`=0);
INSERT INTO `quest_poi` (`QuestID`, `BlobIndex`, `Idx1`, `ObjectiveIndex`, `QuestObjectiveID`, `QuestObjectID`, `MapID`, `UiMapID`, `Priority`, `Flags`, `WorldEffectID`, `PlayerConditionID`, `SpawnTrackingID`, `AlwaysAllowMergingBlobs`, `VerifiedBuild`) VALUES
(51044, 1, 2, 32, 0, 0, 1642, 862, 0, 0, 0, 0, 1585382, 0, 29139), -- -0-
(51044, 0, 1, 32, 0, 0, 1642, 1165, 0, 0, 0, 0, 1585382, 0, 29139), -- -0-
(51044, 0, 0, -1, 0, 0, 1642, 1165, 0, 0, 0, 0, 1585382, 0, 29139); -- -0-

DELETE FROM `quest_poi_points` WHERE (`QuestID`=51044 AND `Idx1`=2 AND `Idx2`=0) OR (`QuestID`=51044 AND `Idx1`=1 AND `Idx2`=0) OR (`QuestID`=51044 AND `Idx1`=0 AND `Idx2`=0);
INSERT INTO `quest_poi_points` (`QuestID`, `Idx1`, `Idx2`, `X`, `Y`, `VerifiedBuild`) VALUES
(51044, 2, 0, -868, 965, 29139), -- -0-
(51044, 1, 0, -867, 965, 29139), -- -0-
(51044, 0, 0, -867, 965, 29139); -- -0-


DELETE FROM `quest_details` WHERE `ID`=51465;
INSERT INTO `quest_details` (`ID`, `Emote1`, `Emote2`, `Emote3`, `Emote4`, `EmoteDelay1`, `EmoteDelay2`, `EmoteDelay3`, `EmoteDelay4`, `VerifiedBuild`) VALUES
(51465, 1, 1, 0, 0, 0, 0, 0, 0, 29139); -- -0-


DELETE FROM `trainer` WHERE `Id` IN (864, 827, 852, 822, 832, 847, 874, 842, 817);
INSERT INTO `trainer` (`Id`, `Type`, `Greeting`, `VerifiedBuild`) VALUES
(864, 2, 'Greetings!  Can I teach you how to', 29139),
(827, 2, 'Greetings!  Can I teach you how', 29139),
(852, 2, 'Searching for herbs requires', 29139),
(822, 2, 'Greetings!  Can I teach you how to ', 29139),
(832, 2, 'Enchanting is the art of improvi', 29139),
(847, 2, 'The herbs of this land can be', 29139),
(874, 2, 'Engineering is very simple', 29139),
(842, 2, 'You have not lived until you ', 29139),
(817, 2, 'Care to learn how to turn the ore that', 29139);

UPDATE `trainer` SET `Greeting`='It requires a steady hand to remo', `VerifiedBuild`=29139 WHERE `Id`=869;
UPDATE `trainer` SET `Greeting`='Would you like to learn the', `VerifiedBuild`=29139 WHERE `Id`=837;
UPDATE `trainer` SET `Greeting`='Would you like to learn the', `VerifiedBuild`=29139 WHERE `Id`=837;

DELETE FROM `trainer_spell` WHERE (`TrainerId`=864 AND `SpellId`=282204) OR (`TrainerId`=864 AND `SpellId`=282191) OR (`TrainerId`=864 AND `SpellId`=285078) OR (`TrainerId`=864 AND `SpellId`=287274) OR (`TrainerId`=864 AND `SpellId`=286654) OR (`TrainerId`=864 AND `SpellId`=282164) OR (`TrainerId`=864 AND `SpellId`=282175) OR (`TrainerId`=864 AND `SpellId`=282194) OR (`TrainerId`=864 AND `SpellId`=282168) OR (`TrainerId`=864 AND `SpellId`=285077) OR (`TrainerId`=864 AND `SpellId`=279183) OR (`TrainerId`=864 AND `SpellId`=279182) OR (`TrainerId`=864 AND `SpellId`=279184) OR (`TrainerId`=864 AND `SpellId`=278414) OR (`TrainerId`=864 AND `SpellId`=272440) OR (`TrainerId`=864 AND `SpellId`=269605) OR (`TrainerId`=864 AND `SpellId`=269599) OR (`TrainerId`=864 AND `SpellId`=269608) OR (`TrainerId`=864 AND `SpellId`=269596) OR (`TrainerId`=864 AND `SpellId`=269602) OR (`TrainerId`=864 AND `SpellId`=269611) OR (`TrainerId`=864 AND `SpellId`=268983) OR (`TrainerId`=864 AND `SpellId`=268982) OR (`TrainerId`=864 AND `SpellId`=257135) OR (`TrainerId`=864 AND `SpellId`=257107) OR (`TrainerId`=864 AND `SpellId`=267202) OR (`TrainerId`=864 AND `SpellId`=257138) OR (`TrainerId`=864 AND `SpellId`=267201) OR (`TrainerId`=864 AND `SpellId`=257132) OR (`TrainerId`=864 AND `SpellId`=257137) OR (`TrainerId`=864 AND `SpellId`=257122) OR (`TrainerId`=864 AND `SpellId`=257118) OR (`TrainerId`=864 AND `SpellId`=257102) OR (`TrainerId`=864 AND `SpellId`=257131) OR (`TrainerId`=864 AND `SpellId`=257115) OR (`TrainerId`=864 AND `SpellId`=257099) OR (`TrainerId`=864 AND `SpellId`=257114) OR (`TrainerId`=864 AND `SpellId`=257134) OR (`TrainerId`=864 AND `SpellId`=257125) OR (`TrainerId`=864 AND `SpellId`=257101) OR (`TrainerId`=864 AND `SpellId`=257126) OR (`TrainerId`=864 AND `SpellId`=257097) OR (`TrainerId`=864 AND `SpellId`=257104) OR (`TrainerId`=864 AND `SpellId`=257095) OR (`TrainerId`=864 AND `SpellId`=265816) OR (`TrainerId`=864 AND `SpellId`=264617) OR (`TrainerId`=827 AND `SpellId`=285079) OR (`TrainerId`=827 AND `SpellId`=285084) OR (`TrainerId`=827 AND `SpellId`=285080) OR (`TrainerId`=827 AND `SpellId`=285083) OR (`TrainerId`=827 AND `SpellId`=286019) OR (`TrainerId`=827 AND `SpellId`=286652) OR (`TrainerId`=827 AND `SpellId`=282321) OR (`TrainerId`=827 AND `SpellId`=287273) OR (`TrainerId`=827 AND `SpellId`=282312) OR (`TrainerId`=827 AND `SpellId`=285895) OR (`TrainerId`=827 AND `SpellId`=282287) OR (`TrainerId`=827 AND `SpellId`=282290) OR (`TrainerId`=827 AND `SpellId`=282324) OR (`TrainerId`=827 AND `SpellId`=282327) OR (`TrainerId`=827 AND `SpellId`=282309) OR (`TrainerId`=827 AND `SpellId`=282302) OR (`TrainerId`=827 AND `SpellId`=282306) OR (`TrainerId`=827 AND `SpellId`=282318) OR (`TrainerId`=827 AND `SpellId`=282277) OR (`TrainerId`=827 AND `SpellId`=276256) OR (`TrainerId`=827 AND `SpellId`=278423) OR (`TrainerId`=827 AND `SpellId`=272278) OR (`TrainerId`=827 AND `SpellId`=269531) OR (`TrainerId`=827 AND `SpellId`=269552) OR (`TrainerId`=827 AND `SpellId`=269516) OR (`TrainerId`=827 AND `SpellId`=269528) OR (`TrainerId`=827 AND `SpellId`=269519) OR (`TrainerId`=827 AND `SpellId`=269522) OR (`TrainerId`=827 AND `SpellId`=269525) OR (`TrainerId`=827 AND `SpellId`=269543) OR (`TrainerId`=827 AND `SpellId`=269534) OR (`TrainerId`=827 AND `SpellId`=269537) OR (`TrainerId`=827 AND `SpellId`=269540) OR (`TrainerId`=827 AND `SpellId`=256749) OR (`TrainerId`=827 AND `SpellId`=256748) OR (`TrainerId`=827 AND `SpellId`=256763) OR (`TrainerId`=827 AND `SpellId`=256780) OR (`TrainerId`=827 AND `SpellId`=256754) OR (`TrainerId`=827 AND `SpellId`=256760) OR (`TrainerId`=827 AND `SpellId`=256758) OR (`TrainerId`=827 AND `SpellId`=256759) OR (`TrainerId`=827 AND `SpellId`=256793) OR (`TrainerId`=827 AND `SpellId`=256752) OR (`TrainerId`=827 AND `SpellId`=256761) OR (`TrainerId`=827 AND `SpellId`=256791) OR (`TrainerId`=827 AND `SpellId`=256755) OR (`TrainerId`=827 AND `SpellId`=256765) OR (`TrainerId`=827 AND `SpellId`=256779) OR (`TrainerId`=827 AND `SpellId`=256774) OR (`TrainerId`=827 AND `SpellId`=256790) OR (`TrainerId`=827 AND `SpellId`=256771) OR (`TrainerId`=827 AND `SpellId`=256768) OR (`TrainerId`=827 AND `SpellId`=256777) OR (`TrainerId`=827 AND `SpellId`=256782) OR (`TrainerId`=827 AND `SpellId`=256792) OR (`TrainerId`=827 AND `SpellId`=256783) OR (`TrainerId`=827 AND `SpellId`=256788) OR (`TrainerId`=827 AND `SpellId`=256751) OR (`TrainerId`=827 AND `SpellId`=256778) OR (`TrainerId`=827 AND `SpellId`=256787) OR (`TrainerId`=827 AND `SpellId`=256764) OR (`TrainerId`=827 AND `SpellId`=265814) OR (`TrainerId`=827 AND `SpellId`=264578) OR (`TrainerId`=852 AND `SpellId`=252411) OR (`TrainerId`=852 AND `SpellId`=252408) OR (`TrainerId`=852 AND `SpellId`=252421) OR (`TrainerId`=852 AND `SpellId`=252424) OR (`TrainerId`=852 AND `SpellId`=252418) OR (`TrainerId`=852 AND `SpellId`=265836) OR (`TrainerId`=852 AND `SpellId`=252405) OR (`TrainerId`=852 AND `SpellId`=252415) OR (`TrainerId`=852 AND `SpellId`=265820) OR (`TrainerId`=822 AND `SpellId`=256622) OR (`TrainerId`=822 AND `SpellId`=256611) OR (`TrainerId`=822 AND `SpellId`=256613) OR (`TrainerId`=822 AND `SpellId`=289179) OR (`TrainerId`=822 AND `SpellId`=289105) OR (`TrainerId`=822 AND `SpellId`=286651) OR (`TrainerId`=822 AND `SpellId`=287272) OR (`TrainerId`=822 AND `SpellId`=282343) OR (`TrainerId`=822 AND `SpellId`=278419) OR (`TrainerId`=822 AND `SpellId`=272230) OR (`TrainerId`=822 AND `SpellId`=272227) OR (`TrainerId`=822 AND `SpellId`=272228) OR (`TrainerId`=822 AND `SpellId`=272226) OR (`TrainerId`=822 AND `SpellId`=256253) OR (`TrainerId`=822 AND `SpellId`=256254) OR (`TrainerId`=822 AND `SpellId`=256696) OR (`TrainerId`=822 AND `SpellId`=256700) OR (`TrainerId`=822 AND `SpellId`=256695) OR (`TrainerId`=822 AND `SpellId`=256702) OR (`TrainerId`=822 AND `SpellId`=269734) OR (`TrainerId`=822 AND `SpellId`=256698) OR (`TrainerId`=822 AND `SpellId`=256701) OR (`TrainerId`=822 AND `SpellId`=256692) OR (`TrainerId`=822 AND `SpellId`=256694) OR (`TrainerId`=822 AND `SpellId`=256690) OR (`TrainerId`=822 AND `SpellId`=256699) OR (`TrainerId`=822 AND `SpellId`=256516) OR (`TrainerId`=822 AND `SpellId`=256258) OR (`TrainerId`=822 AND `SpellId`=256514) OR (`TrainerId`=822 AND `SpellId`=256520) OR (`TrainerId`=822 AND `SpellId`=256259) OR (`TrainerId`=822 AND `SpellId`=256518) OR (`TrainerId`=822 AND `SpellId`=256689) OR (`TrainerId`=822 AND `SpellId`=256256) OR (`TrainerId`=822 AND `SpellId`=256512) OR (`TrainerId`=822 AND `SpellId`=256513) OR (`TrainerId`=822 AND `SpellId`=256510) OR (`TrainerId`=822 AND `SpellId`=256511) OR (`TrainerId`=822 AND `SpellId`=256255) OR (`TrainerId`=822 AND `SpellId`=264533) OR (`TrainerId`=822 AND `SpellId`=265812) OR (`TrainerId`=832 AND `SpellId`=290360) OR (`TrainerId`=832 AND `SpellId`=290361) OR (`TrainerId`=832 AND `SpellId`=286644) OR (`TrainerId`=832 AND `SpellId`=287270) OR (`TrainerId`=832 AND `SpellId`=282851) OR (`TrainerId`=832 AND `SpellId`=286665) OR (`TrainerId`=832 AND `SpellId`=278418) OR (`TrainerId`=832 AND `SpellId`=269715) OR (`TrainerId`=832 AND `SpellId`=271366) OR (`TrainerId`=832 AND `SpellId`=271433) OR (`TrainerId`=832 AND `SpellId`=268913) OR (`TrainerId`=832 AND `SpellId`=268907) OR (`TrainerId`=832 AND `SpellId`=268894) OR (`TrainerId`=832 AND `SpellId`=268895) OR (`TrainerId`=832 AND `SpellId`=268908) OR (`TrainerId`=832 AND `SpellId`=268852) OR (`TrainerId`=832 AND `SpellId`=268901) OR (`TrainerId`=832 AND `SpellId`=268878) OR (`TrainerId`=832 AND `SpellId`=268914) OR (`TrainerId`=832 AND `SpellId`=268902) OR (`TrainerId`=832 AND `SpellId`=255092) OR (`TrainerId`=832 AND `SpellId`=255075) OR (`TrainerId`=832 AND `SpellId`=255077) OR (`TrainerId`=832 AND `SpellId`=255129) OR (`TrainerId`=832 AND `SpellId`=255087) OR (`TrainerId`=832 AND `SpellId`=255091) OR (`TrainerId`=832 AND `SpellId`=255142) OR (`TrainerId`=832 AND `SpellId`=255078) OR (`TrainerId`=832 AND `SpellId`=255141) OR (`TrainerId`=832 AND `SpellId`=255103) OR (`TrainerId`=832 AND `SpellId`=255093) OR (`TrainerId`=832 AND `SpellId`=255073) OR (`TrainerId`=832 AND `SpellId`=255076) OR (`TrainerId`=832 AND `SpellId`=255130) OR (`TrainerId`=832 AND `SpellId`=255072) OR (`TrainerId`=832 AND `SpellId`=255111) OR (`TrainerId`=832 AND `SpellId`=265110) OR (`TrainerId`=832 AND `SpellId`=255110) OR (`TrainerId`=832 AND `SpellId`=255090) OR (`TrainerId`=832 AND `SpellId`=255104) OR (`TrainerId`=832 AND `SpellId`=255088) OR (`TrainerId`=832 AND `SpellId`=255086) OR (`TrainerId`=832 AND `SpellId`=265106) OR (`TrainerId`=832 AND `SpellId`=255089) OR (`TrainerId`=832 AND `SpellId`=255071) OR (`TrainerId`=832 AND `SpellId`=265111) OR (`TrainerId`=832 AND `SpellId`=267458) OR (`TrainerId`=832 AND `SpellId`=267486) OR (`TrainerId`=832 AND `SpellId`=267482) OR (`TrainerId`=832 AND `SpellId`=267490) OR (`TrainerId`=832 AND `SpellId`=267495) OR (`TrainerId`=832 AND `SpellId`=265806) OR (`TrainerId`=832 AND `SpellId`=264457) OR (`TrainerId`=847 AND `SpellId`=291084) OR (`TrainerId`=847 AND `SpellId`=287447) OR (`TrainerId`=847 AND `SpellId`=286921) OR (`TrainerId`=847 AND `SpellId`=287288) OR (`TrainerId`=847 AND `SpellId`=286547) OR (`TrainerId`=847 AND `SpellId`=287234) OR (`TrainerId`=847 AND `SpellId`=286630) OR (`TrainerId`=847 AND `SpellId`=279166) OR (`TrainerId`=847 AND `SpellId`=279163) OR (`TrainerId`=847 AND `SpellId`=279159) OR (`TrainerId`=847 AND `SpellId`=279160) OR (`TrainerId`=847 AND `SpellId`=279162) OR (`TrainerId`=847 AND `SpellId`=279168) OR (`TrainerId`=847 AND `SpellId`=279169) OR (`TrainerId`=847 AND `SpellId`=279165) OR (`TrainerId`=847 AND `SpellId`=278420) OR (`TrainerId`=847 AND `SpellId`=276975) OR (`TrainerId`=847 AND `SpellId`=251832) OR (`TrainerId`=847 AND `SpellId`=252344) OR (`TrainerId`=847 AND `SpellId`=252345) OR (`TrainerId`=847 AND `SpellId`=252392) OR (`TrainerId`=847 AND `SpellId`=252391) OR (`TrainerId`=847 AND `SpellId`=252376) OR (`TrainerId`=847 AND `SpellId`=251314) OR (`TrainerId`=847 AND `SpellId`=252401) OR (`TrainerId`=847 AND `SpellId`=252397) OR (`TrainerId`=847 AND `SpellId`=252377) OR (`TrainerId`=847 AND `SpellId`=252337) OR (`TrainerId`=847 AND `SpellId`=252389) OR (`TrainerId`=847 AND `SpellId`=252334) OR (`TrainerId`=847 AND `SpellId`=251309) OR (`TrainerId`=847 AND `SpellId`=252354) OR (`TrainerId`=847 AND `SpellId`=251822) OR (`TrainerId`=847 AND `SpellId`=252341) OR (`TrainerId`=847 AND `SpellId`=251305) OR (`TrainerId`=847 AND `SpellId`=252369) OR (`TrainerId`=847 AND `SpellId`=252339) OR (`TrainerId`=847 AND `SpellId`=252355) OR (`TrainerId`=847 AND `SpellId`=252352) OR (`TrainerId`=847 AND `SpellId`=252348) OR (`TrainerId`=847 AND `SpellId`=252368) OR (`TrainerId`=847 AND `SpellId`=252379) OR (`TrainerId`=847 AND `SpellId`=252358) OR (`TrainerId`=847 AND `SpellId`=251311) OR (`TrainerId`=847 AND `SpellId`=251310) OR (`TrainerId`=847 AND `SpellId`=252388) OR (`TrainerId`=847 AND `SpellId`=252357) OR (`TrainerId`=847 AND `SpellId`=252335) OR (`TrainerId`=847 AND `SpellId`=252342) OR (`TrainerId`=847 AND `SpellId`=252362) OR (`TrainerId`=847 AND `SpellId`=252400) OR (`TrainerId`=847 AND `SpellId`=252386) OR (`TrainerId`=847 AND `SpellId`=252349) OR (`TrainerId`=847 AND `SpellId`=252394) OR (`TrainerId`=847 AND `SpellId`=252383) OR (`TrainerId`=847 AND `SpellId`=252380) OR (`TrainerId`=847 AND `SpellId`=251306) OR (`TrainerId`=847 AND `SpellId`=252351) OR (`TrainerId`=847 AND `SpellId`=252398) OR (`TrainerId`=847 AND `SpellId`=252361) OR (`TrainerId`=847 AND `SpellId`=251808) OR (`TrainerId`=847 AND `SpellId`=252395) OR (`TrainerId`=847 AND `SpellId`=264212) OR (`TrainerId`=847 AND `SpellId`=265788) OR (`TrainerId`=837 AND `SpellId`=282803) OR (`TrainerId`=837 AND `SpellId`=286649) OR (`TrainerId`=837 AND `SpellId`=287271) OR (`TrainerId`=837 AND `SpellId`=284295) OR (`TrainerId`=874 AND `SpellId`=291093) OR (`TrainerId`=874 AND `SpellId`=291089) OR (`TrainerId`=874 AND `SpellId`=291091) OR (`TrainerId`=874 AND `SpellId`=291095) OR (`TrainerId`=874 AND `SpellId`=282809) OR (`TrainerId`=874 AND `SpellId`=282806) OR (`TrainerId`=874 AND `SpellId`=286870) OR (`TrainerId`=874 AND `SpellId`=286873) OR (`TrainerId`=874 AND `SpellId`=283914) OR (`TrainerId`=874 AND `SpellId`=286864) OR (`TrainerId`=874 AND `SpellId`=287279) OR (`TrainerId`=874 AND `SpellId`=286867) OR (`TrainerId`=874 AND `SpellId`=286647) OR (`TrainerId`=874 AND `SpellId`=280732) OR (`TrainerId`=874 AND `SpellId`=280733) OR (`TrainerId`=874 AND `SpellId`=280734) OR (`TrainerId`=874 AND `SpellId`=278413) OR (`TrainerId`=874 AND `SpellId`=269123) OR (`TrainerId`=874 AND `SpellId`=255936) OR (`TrainerId`=874 AND `SpellId`=255940) OR (`TrainerId`=874 AND `SpellId`=269724) OR (`TrainerId`=874 AND `SpellId`=269727) OR (`TrainerId`=874 AND `SpellId`=272056) OR (`TrainerId`=874 AND `SpellId`=272065) OR (`TrainerId`=874 AND `SpellId`=272062) OR (`TrainerId`=874 AND `SpellId`=272059) OR (`TrainerId`=874 AND `SpellId`=255393) OR (`TrainerId`=874 AND `SpellId`=253151) OR (`TrainerId`=874 AND `SpellId`=265100) OR (`TrainerId`=874 AND `SpellId`=256070) OR (`TrainerId`=874 AND `SpellId`=255407) OR (`TrainerId`=874 AND `SpellId`=255408) OR (`TrainerId`=874 AND `SpellId`=255458) OR (`TrainerId`=874 AND `SpellId`=256071) OR (`TrainerId`=874 AND `SpellId`=255457) OR (`TrainerId`=874 AND `SpellId`=264961) OR (`TrainerId`=874 AND `SpellId`=264964) OR (`TrainerId`=874 AND `SpellId`=264966) OR (`TrainerId`=874 AND `SpellId`=256080) OR (`TrainerId`=874 AND `SpellId`=255396) OR (`TrainerId`=874 AND `SpellId`=256082) OR (`TrainerId`=874 AND `SpellId`=265097) OR (`TrainerId`=874 AND `SpellId`=265098) OR (`TrainerId`=874 AND `SpellId`=256155) OR (`TrainerId`=874 AND `SpellId`=265101) OR (`TrainerId`=874 AND `SpellId`=255395) OR (`TrainerId`=874 AND `SpellId`=256073) OR (`TrainerId`=874 AND `SpellId`=256154) OR (`TrainerId`=874 AND `SpellId`=253150) OR (`TrainerId`=874 AND `SpellId`=264960) OR (`TrainerId`=874 AND `SpellId`=256074) OR (`TrainerId`=874 AND `SpellId`=265808) OR (`TrainerId`=874 AND `SpellId`=264478) OR (`TrainerId`=842 AND `SpellId`=265838) OR (`TrainerId`=842 AND `SpellId`=253336) OR (`TrainerId`=842 AND `SpellId`=253342) OR (`TrainerId`=842 AND `SpellId`=253345) OR (`TrainerId`=842 AND `SpellId`=253339) OR (`TrainerId`=842 AND `SpellId`=253333) OR (`TrainerId`=842 AND `SpellId`=265854) OR (`TrainerId`=817 AND `SpellId`=282871) OR (`TrainerId`=817 AND `SpellId`=283245) OR (`TrainerId`=817 AND `SpellId`=287235) OR (`TrainerId`=817 AND `SpellId`=283242) OR (`TrainerId`=817 AND `SpellId`=282862) OR (`TrainerId`=817 AND `SpellId`=285082) OR (`TrainerId`=817 AND `SpellId`=282865) OR (`TrainerId`=817 AND `SpellId`=282876) OR (`TrainerId`=817 AND `SpellId`=283239) OR (`TrainerId`=817 AND `SpellId`=283249) OR (`TrainerId`=817 AND `SpellId`=282868) OR (`TrainerId`=817 AND `SpellId`=286015) OR (`TrainerId`=817 AND `SpellId`=286631) OR (`TrainerId`=817 AND `SpellId`=282859) OR (`TrainerId`=817 AND `SpellId`=285081) OR (`TrainerId`=817 AND `SpellId`=282889) OR (`TrainerId`=817 AND `SpellId`=278416) OR (`TrainerId`=817 AND `SpellId`=278417) OR (`TrainerId`=817 AND `SpellId`=278415) OR (`TrainerId`=817 AND `SpellId`=256786) OR (`TrainerId`=817 AND `SpellId`=278131) OR (`TrainerId`=817 AND `SpellId`=278132) OR (`TrainerId`=817 AND `SpellId`=269464) OR (`TrainerId`=817 AND `SpellId`=269448) OR (`TrainerId`=817 AND `SpellId`=269424) OR (`TrainerId`=817 AND `SpellId`=269479) OR (`TrainerId`=817 AND `SpellId`=269470) OR (`TrainerId`=817 AND `SpellId`=269421) OR (`TrainerId`=817 AND `SpellId`=269451) OR (`TrainerId`=817 AND `SpellId`=269444) OR (`TrainerId`=817 AND `SpellId`=269476) OR (`TrainerId`=817 AND `SpellId`=269458) OR (`TrainerId`=817 AND `SpellId`=269064) OR (`TrainerId`=817 AND `SpellId`=253125) OR (`TrainerId`=817 AND `SpellId`=253174) OR (`TrainerId`=817 AND `SpellId`=253132) OR (`TrainerId`=817 AND `SpellId`=253165) OR (`TrainerId`=817 AND `SpellId`=253177) OR (`TrainerId`=817 AND `SpellId`=253156) OR (`TrainerId`=817 AND `SpellId`=253186) OR (`TrainerId`=817 AND `SpellId`=253138) OR (`TrainerId`=817 AND `SpellId`=253112) OR (`TrainerId`=817 AND `SpellId`=253113) OR (`TrainerId`=817 AND `SpellId`=253135) OR (`TrainerId`=817 AND `SpellId`=253171) OR (`TrainerId`=817 AND `SpellId`=253190) OR (`TrainerId`=817 AND `SpellId`=253117) OR (`TrainerId`=817 AND `SpellId`=253141) OR (`TrainerId`=817 AND `SpellId`=253110) OR (`TrainerId`=817 AND `SpellId`=253160) OR (`TrainerId`=817 AND `SpellId`=253157) OR (`TrainerId`=817 AND `SpellId`=253180) OR (`TrainerId`=817 AND `SpellId`=253159) OR (`TrainerId`=817 AND `SpellId`=253116) OR (`TrainerId`=817 AND `SpellId`=253162) OR (`TrainerId`=817 AND `SpellId`=264435) OR (`TrainerId`=817 AND `SpellId`=265804);
INSERT INTO `trainer_spell` (`TrainerId`, `SpellId`, `MoneyCost`, `ReqSkillLine`, `ReqSkillRank`, `ReqAbility1`, `ReqAbility2`, `ReqAbility3`, `ReqLevel`, `VerifiedBuild`) VALUES
(864, 282204, 617500, 2533, 115, 0, 0, 0, 0, 29139),
(864, 282191, 617500, 2533, 115, 0, 0, 0, 0, 29139),
(864, 285078, 617500, 2533, 115, 0, 0, 0, 0, 29139),
(864, 287274, 237500, 2533, 1, 0, 0, 0, 0, 29139),
(864, 286654, 237500, 2533, 1, 0, 0, 0, 0, 29139),
(864, 282164, 617500, 2533, 115, 0, 0, 0, 0, 29139),
(864, 282175, 617500, 2533, 115, 0, 0, 0, 0, 29139),
(864, 282194, 617500, 2533, 115, 0, 0, 0, 0, 29139),
(864, 282168, 617500, 2533, 115, 0, 0, 0, 0, 29139),
(864, 285077, 617500, 2533, 115, 0, 0, 0, 0, 29139),
(864, 279183, 332500, 2533, 75, 0, 0, 0, 0, 29139),
(864, 279182, 332500, 2533, 75, 0, 0, 0, 0, 29139),
(864, 279184, 332500, 2533, 75, 0, 0, 0, 0, 29139),
(864, 278414, 332500, 2533, 75, 0, 0, 0, 0, 29139),
(864, 272440, 332500, 2533, 75, 0, 0, 0, 0, 29139),
(864, 269605, 380000, 2533, 85, 0, 0, 0, 0, 29139),
(864, 269599, 380000, 2533, 85, 0, 0, 0, 0, 29139),
(864, 269608, 380000, 2533, 85, 0, 0, 0, 0, 29139),
(864, 269596, 380000, 2533, 85, 0, 0, 0, 0, 29139),
(864, 269602, 380000, 2533, 85, 0, 0, 0, 0, 29139),
(864, 269611, 380000, 2533, 85, 0, 0, 0, 0, 29139),
(864, 268983, 285000, 2533, 50, 0, 0, 0, 0, 29139),
(864, 268982, 237500, 2533, 1, 0, 0, 0, 0, 29139),
(864, 257135, 427500, 2533, 100, 257134, 0, 0, 0, 29139),
(864, 257107, 266000, 2533, 25, 0, 0, 0, 0, 29139),
(864, 267202, 285000, 2533, 50, 0, 0, 0, 0, 29139),
(864, 257138, 427500, 2533, 100, 257137, 0, 0, 0, 29139),
(864, 267201, 237500, 2533, 1, 0, 0, 0, 0, 29139),
(864, 257132, 427500, 2533, 100, 257131, 0, 0, 0, 29139),
(864, 257137, 332500, 2533, 75, 0, 0, 0, 0, 29139),
(864, 257122, 475000, 2533, 110, 0, 0, 0, 0, 29139),
(864, 257118, 475000, 2533, 110, 0, 0, 0, 0, 29139),
(864, 257102, 237500, 2533, 1, 0, 0, 0, 0, 29139),
(864, 257131, 332500, 2533, 75, 0, 0, 0, 0, 29139),
(864, 257115, 617500, 2533, 110, 257114, 0, 0, 0, 29139),
(864, 257099, 237500, 2533, 1, 0, 0, 0, 0, 29139),
(864, 257114, 380000, 2533, 85, 0, 0, 0, 0, 29139),
(864, 257134, 332500, 2533, 75, 0, 0, 0, 0, 29139),
(864, 257125, 285000, 2533, 50, 0, 0, 0, 0, 29139),
(864, 257101, 266000, 2533, 25, 0, 0, 0, 0, 29139),
(864, 257126, 403750, 2533, 85, 257125, 0, 0, 0, 29139),
(864, 257097, 266000, 2533, 25, 0, 0, 0, 0, 29139),
(864, 257104, 266000, 2533, 25, 0, 0, 0, 0, 29139),
(864, 257095, 237500, 2533, 1, 0, 0, 0, 0, 29139),
(864, 265816, 475000, 197, 1, 0, 0, 0, 110, 29139),
(864, 264617, 10, 0, 0, 0, 0, 0, 5, 29139),
(827, 285079, 427500, 2525, 120, 0, 0, 0, 0, 29139),
(827, 285084, 427500, 2525, 120, 0, 0, 0, 0, 29139),
(827, 285080, 427500, 2525, 120, 0, 0, 0, 0, 29139),
(827, 285083, 427500, 2525, 120, 0, 0, 0, 0, 29139),
(827, 286019, 332500, 2525, 85, 256790, 0, 0, 0, 29139),
(827, 286652, 237500, 2525, 1, 0, 0, 0, 0, 29139),
(827, 282321, 380000, 2525, 115, 0, 0, 0, 0, 29139),
(827, 287273, 237500, 2525, 1, 0, 0, 0, 0, 29139),
(827, 282312, 380000, 2525, 115, 0, 0, 0, 0, 29139),
(827, 285895, 332500, 2525, 85, 0, 0, 0, 0, 29139),
(827, 282287, 380000, 2525, 115, 0, 0, 0, 0, 29139),
(827, 282290, 380000, 2525, 115, 0, 0, 0, 0, 29139),
(827, 282324, 380000, 2525, 115, 0, 0, 0, 0, 29139),
(827, 282327, 380000, 2525, 115, 0, 0, 0, 0, 29139),
(827, 282309, 380000, 2525, 115, 0, 0, 0, 0, 29139),
(827, 282302, 380000, 2525, 115, 0, 0, 0, 0, 29139),
(827, 282306, 380000, 2525, 115, 0, 0, 0, 0, 29139),
(827, 282318, 380000, 2525, 115, 0, 0, 0, 0, 29139),
(827, 282277, 380000, 2525, 115, 0, 0, 0, 0, 29139),
(827, 276256, 308750, 2525, 75, 0, 0, 0, 0, 29139),
(827, 278423, 308750, 2525, 75, 0, 0, 0, 0, 29139),
(827, 272278, 285000, 2525, 50, 0, 0, 0, 0, 29139),
(827, 269531, 332500, 2525, 85, 0, 0, 0, 0, 29139),
(827, 269552, 332500, 2525, 85, 0, 0, 0, 0, 29139),
(827, 269516, 332500, 2525, 85, 0, 0, 0, 0, 29139),
(827, 269528, 332500, 2525, 85, 0, 0, 0, 0, 29139),
(827, 269519, 332500, 2525, 85, 0, 0, 0, 0, 29139),
(827, 269522, 332500, 2525, 85, 0, 0, 0, 0, 29139),
(827, 269525, 332500, 2525, 85, 0, 0, 0, 0, 29139),
(827, 269543, 332500, 2525, 85, 0, 0, 0, 0, 29139),
(827, 269534, 332500, 2525, 85, 0, 0, 0, 0, 29139),
(827, 269537, 332500, 2525, 85, 0, 0, 0, 0, 29139),
(827, 269540, 332500, 2525, 85, 0, 0, 0, 0, 29139),
(827, 256749, 266000, 2525, 25, 0, 0, 0, 0, 29139),
(827, 256748, 237500, 2525, 1, 0, 0, 0, 0, 29139),
(827, 256763, 266000, 2525, 25, 0, 0, 0, 0, 29139),
(827, 256780, 475000, 2525, 100, 256779, 0, 0, 0, 29139),
(827, 256754, 266000, 2525, 25, 0, 0, 0, 0, 29139),
(827, 256760, 237500, 2525, 1, 0, 0, 0, 0, 29139),
(827, 256758, 237500, 2525, 1, 0, 0, 0, 0, 29139),
(827, 256759, 266000, 2525, 25, 0, 0, 0, 0, 29139),
(827, 256793, 285000, 2525, 50, 0, 0, 0, 0, 29139),
(827, 256752, 237500, 2525, 1, 0, 0, 0, 0, 29139),
(827, 256761, 266000, 2525, 25, 0, 0, 0, 0, 29139),
(827, 256791, 308750, 2525, 75, 0, 0, 0, 0, 29139),
(827, 256755, 237500, 2525, 1, 0, 0, 0, 0, 29139),
(827, 256765, 380000, 2525, 115, 0, 0, 0, 0, 29139),
(827, 256779, 332500, 2525, 85, 0, 0, 0, 0, 29139),
(827, 256774, 380000, 2525, 115, 0, 0, 0, 0, 29139),
(827, 256790, 285000, 2525, 50, 0, 0, 0, 0, 29139),
(827, 256771, 380000, 2525, 115, 0, 0, 0, 0, 29139),
(827, 256768, 380000, 2525, 115, 0, 0, 0, 0, 29139),
(827, 256777, 237500, 2525, 1, 0, 0, 0, 0, 29139),
(827, 256782, 332500, 2525, 85, 0, 0, 0, 0, 29139),
(827, 256792, 285000, 2525, 50, 0, 0, 0, 0, 29139),
(827, 256783, 475000, 2525, 100, 256782, 0, 0, 0, 29139),
(827, 256788, 475000, 2525, 100, 256787, 0, 0, 0, 29139),
(827, 256751, 266000, 2525, 25, 0, 0, 0, 0, 29139),
(827, 256778, 237500, 2525, 1, 0, 0, 0, 0, 29139),
(827, 256787, 332500, 2525, 85, 0, 0, 0, 0, 29139),
(827, 256764, 237500, 2525, 1, 0, 0, 0, 0, 29139),
(827, 265814, 475000, 165, 1, 0, 0, 0, 110, 29139),
(827, 264578, 10, 0, 0, 0, 0, 0, 5, 29139),
(852, 252411, 332500, 2549, 1, 0, 0, 0, 0, 29139),
(852, 252408, 332500, 2549, 1, 0, 0, 0, 0, 29139),
(852, 252421, 332500, 2549, 1, 0, 0, 0, 0, 29139),
(852, 252424, 475000, 2549, 25, 0, 0, 0, 0, 29139),
(852, 252418, 332500, 2549, 1, 0, 0, 0, 0, 29139),
(852, 265836, 475000, 182, 1, 0, 0, 0, 110, 29139),
(852, 252405, 332500, 2549, 1, 0, 0, 0, 0, 29139),
(852, 252415, 332500, 2549, 1, 0, 0, 0, 0, 29139),
(852, 265820, 10, 0, 0, 0, 0, 0, 5, 29139),
(822, 256622, 332500, 2517, 75, 0, 0, 0, 0, 29139),
(822, 256611, 332500, 2517, 75, 0, 0, 0, 0, 29139),
(822, 256613, 332500, 2517, 75, 0, 0, 0, 0, 29139),
(822, 289179, 665000, 2517, 135, 0, 0, 0, 0, 29139),
(822, 289105, 617500, 2517, 130, 0, 0, 0, 0, 29139),
(822, 286651, 237500, 2517, 1, 0, 0, 0, 0, 29139),
(822, 287272, 237500, 2517, 1, 0, 0, 0, 0, 29139),
(822, 282343, 427500, 2517, 115, 0, 0, 0, 0, 29139),
(822, 278419, 332500, 2517, 75, 0, 0, 0, 0, 29139),
(822, 272230, 237500, 2517, 1, 0, 0, 0, 0, 29139),
(822, 272227, 237500, 2517, 1, 0, 0, 0, 0, 29139),
(822, 272228, 237500, 2517, 1, 0, 0, 0, 0, 29139),
(822, 272226, 237500, 2517, 1, 0, 0, 0, 0, 29139),
(822, 256253, 266000, 2517, 25, 0, 0, 0, 0, 29139),
(822, 256254, 266000, 2517, 25, 0, 0, 0, 0, 29139),
(822, 256696, 332500, 2517, 75, 0, 0, 0, 0, 29139),
(822, 256700, 475000, 2517, 125, 0, 0, 0, 0, 29139),
(822, 256695, 332500, 2517, 75, 0, 0, 0, 0, 29139),
(822, 256702, 475000, 2517, 125, 0, 0, 0, 0, 29139),
(822, 269734, 403750, 2517, 105, 0, 0, 0, 0, 29139),
(822, 256698, 332500, 2517, 75, 0, 0, 0, 0, 29139),
(822, 256701, 475000, 2517, 125, 0, 0, 0, 0, 29139),
(822, 256692, 237500, 2517, 1, 0, 0, 0, 0, 29139),
(822, 256694, 237500, 2517, 1, 0, 0, 0, 0, 29139),
(822, 256690, 237500, 2517, 1, 0, 0, 0, 0, 29139),
(822, 256699, 332500, 2517, 75, 0, 0, 0, 0, 29139),
(822, 256516, 380000, 2517, 85, 256511, 0, 0, 0, 29139),
(822, 256258, 403750, 2517, 105, 0, 0, 0, 0, 29139),
(822, 256514, 380000, 2517, 85, 256510, 0, 0, 0, 29139),
(822, 256520, 380000, 2517, 85, 256513, 0, 0, 0, 29139),
(822, 256259, 522500, 2517, 125, 256258, 0, 0, 0, 29139),
(822, 256518, 380000, 2517, 85, 256512, 0, 0, 0, 29139),
(822, 256689, 237500, 2517, 1, 0, 0, 0, 0, 29139),
(822, 256256, 522500, 2517, 125, 256255, 0, 0, 0, 29139),
(822, 256512, 285000, 2517, 50, 0, 0, 0, 0, 29139),
(822, 256513, 285000, 2517, 50, 0, 0, 0, 0, 29139),
(822, 256510, 285000, 2517, 50, 0, 0, 0, 0, 29139),
(822, 256511, 285000, 2517, 50, 0, 0, 0, 0, 29139),
(822, 256255, 403750, 2517, 105, 0, 0, 0, 0, 29139),
(822, 264533, 10, 0, 0, 0, 0, 0, 5, 29139),
(822, 265812, 475000, 755, 1, 0, 0, 0, 110, 29139),
(832, 290360, 325000, 2486, 40, 0, 0, 0, 0, 29139),
(832, 290361, 400000, 2486, 85, 0, 0, 0, 0, 29139),
(832, 286644, 250000, 2486, 1, 0, 0, 0, 0, 29139),
(832, 287270, 250000, 2486, 1, 0, 0, 0, 0, 29139),
(832, 282851, 800000, 2486, 130, 0, 0, 0, 0, 29139),
(832, 286665, 250000, 2486, 1, 0, 0, 0, 0, 29139),
(832, 278418, 500000, 2486, 60, 0, 0, 0, 0, 29139),
(832, 269715, 400000, 2486, 85, 0, 0, 0, 0, 29139),
(832, 271366, 280000, 2486, 10, 0, 0, 0, 0, 29139),
(832, 271433, 280000, 2486, 10, 0, 0, 0, 0, 29139),
(832, 268913, 350000, 2486, 60, 0, 0, 0, 0, 29139),
(832, 268907, 350000, 2486, 60, 0, 0, 0, 0, 29139),
(832, 268894, 350000, 2486, 60, 0, 0, 0, 0, 29139),
(832, 268895, 750000, 2486, 125, 268894, 0, 0, 0, 29139),
(832, 268908, 750000, 2486, 125, 268907, 0, 0, 0, 29139),
(832, 268852, 350000, 2486, 60, 0, 0, 0, 0, 29139),
(832, 268901, 350000, 2486, 60, 0, 0, 0, 0, 29139),
(832, 268878, 750000, 2486, 125, 268852, 0, 0, 0, 29139),
(832, 268914, 750000, 2486, 125, 268913, 0, 0, 0, 29139),
(832, 268902, 750000, 2486, 125, 268901, 0, 0, 0, 29139),
(832, 255092, 600000, 2486, 100, 255077, 0, 0, 0, 29139),
(832, 255075, 375000, 2486, 75, 0, 0, 0, 0, 29139),
(832, 255077, 375000, 2486, 75, 0, 0, 0, 0, 29139),
(832, 255129, 325000, 2486, 40, 0, 0, 0, 0, 29139),
(832, 255087, 300000, 2486, 35, 255072, 0, 0, 0, 29139),
(832, 255091, 600000, 2486, 100, 255076, 0, 0, 0, 29139),
(832, 255142, 500000, 2486, 95, 255141, 0, 0, 0, 29139),
(832, 255078, 375000, 2486, 75, 0, 0, 0, 0, 29139),
(832, 255141, 325000, 2486, 40, 0, 0, 0, 0, 29139),
(832, 255103, 325000, 2486, 40, 0, 0, 0, 0, 29139),
(832, 255093, 600000, 2486, 100, 255078, 0, 0, 0, 29139),
(832, 255073, 250000, 2486, 1, 0, 0, 0, 0, 29139),
(832, 255076, 375000, 2486, 75, 0, 0, 0, 0, 29139),
(832, 255130, 500000, 2486, 95, 255129, 0, 0, 0, 29139),
(832, 255072, 250000, 2486, 1, 0, 0, 0, 0, 29139),
(832, 255111, 500000, 2486, 95, 255110, 0, 0, 0, 29139),
(832, 265110, 400000, 2486, 85, 0, 0, 0, 0, 29139),
(832, 255110, 325000, 2486, 40, 0, 0, 0, 0, 29139),
(832, 255090, 600000, 2486, 100, 255075, 0, 0, 0, 29139),
(832, 255104, 500000, 2486, 95, 255103, 0, 0, 0, 29139),
(832, 255088, 300000, 2486, 35, 255073, 0, 0, 0, 29139),
(832, 255086, 300000, 2486, 35, 255071, 0, 0, 0, 29139),
(832, 265106, 280000, 2486, 10, 0, 0, 0, 0, 29139),
(832, 255089, 300000, 2486, 35, 255074, 0, 0, 0, 29139),
(832, 255071, 250000, 2486, 1, 0, 0, 0, 0, 29139),
(832, 265111, 600000, 2486, 100, 265110, 0, 0, 0, 29139),
(832, 267458, 250000, 2486, 1, 0, 0, 0, 0, 29139),
(832, 267486, 250000, 2486, 1, 0, 0, 0, 0, 29139),
(832, 267482, 250000, 2486, 1, 0, 0, 0, 0, 29139),
(832, 267490, 250000, 2486, 1, 0, 0, 0, 0, 29139),
(832, 267495, 280000, 2486, 10, 0, 0, 0, 0, 29139),
(832, 265806, 500000, 333, 1, 0, 0, 0, 110, 29139),
(832, 264457, 10, 0, 0, 0, 0, 0, 5, 29139),
(847, 291084, 617500, 2478, 100, 0, 0, 0, 0, 29139),
(847, 287447, 427500, 2478, 50, 0, 0, 0, 0, 29139),
(847, 286921, 760000, 2478, 130, 0, 0, 0, 0, 29139),
(847, 287288, 475000, 2478, 60, 0, 0, 0, 0, 29139),
(847, 286547, 332500, 2478, 50, 0, 0, 0, 0, 29139),
(847, 287234, 237500, 2478, 1, 0, 0, 0, 0, 29139),
(847, 286630, 237500, 2478, 1, 0, 0, 0, 0, 29139),
(847, 279166, 498750, 2478, 75, 279165, 0, 0, 0, 29139),
(847, 279163, 498750, 2478, 75, 279162, 0, 0, 0, 29139),
(847, 279159, 332500, 2478, 50, 0, 0, 0, 0, 29139),
(847, 279160, 498750, 2478, 75, 279159, 0, 0, 0, 29139),
(847, 279162, 332500, 2478, 50, 0, 0, 0, 0, 29139),
(847, 279168, 332500, 2478, 50, 0, 0, 0, 0, 29139),
(847, 279169, 498750, 2478, 75, 279168, 0, 0, 0, 29139),
(847, 279165, 332500, 2478, 50, 0, 0, 0, 0, 29139),
(847, 278420, 475000, 2478, 60, 252394, 0, 0, 0, 29139),
(847, 276975, 950000, 2478, 145, 0, 0, 0, 0, 29139),
(847, 251832, 665000, 2478, 110, 0, 0, 0, 0, 29139),
(847, 252344, 285000, 2478, 40, 0, 0, 0, 0, 29139),
(847, 252345, 475000, 2478, 60, 252344, 0, 0, 0, 29139),
(847, 252392, 427500, 2478, 50, 252391, 0, 0, 0, 29139),
(847, 252391, 266000, 2478, 25, 0, 0, 0, 0, 29139),
(847, 252376, 522500, 2478, 80, 0, 0, 0, 0, 29139),
(847, 251314, 332500, 2478, 50, 0, 0, 0, 0, 29139),
(847, 252401, 427500, 2478, 50, 252400, 0, 0, 0, 29139),
(847, 252397, 266000, 2478, 25, 0, 0, 0, 0, 29139),
(847, 252377, 617500, 2478, 100, 252376, 0, 0, 0, 29139),
(847, 252337, 285000, 2478, 40, 0, 0, 0, 0, 29139),
(847, 252389, 308750, 2478, 40, 252388, 0, 0, 0, 29139),
(847, 252334, 285000, 2478, 40, 0, 0, 0, 0, 29139),
(847, 251309, 332500, 2478, 50, 0, 0, 0, 0, 29139),
(847, 252354, 546250, 2478, 90, 0, 0, 0, 0, 29139),
(847, 251822, 332500, 2478, 50, 0, 0, 0, 0, 29139),
(847, 252341, 285000, 2478, 40, 0, 0, 0, 0, 29139),
(847, 251305, 332500, 2478, 50, 0, 0, 0, 0, 29139),
(847, 252369, 475000, 2478, 60, 252368, 0, 0, 0, 29139),
(847, 252339, 475000, 2478, 60, 252337, 0, 0, 0, 29139),
(847, 252355, 712500, 2478, 115, 252354, 0, 0, 0, 29139);

INSERT INTO `trainer_spell` (`TrainerId`, `SpellId`, `MoneyCost`, `ReqSkillLine`, `ReqSkillRank`, `ReqAbility1`, `ReqAbility2`, `ReqAbility3`, `ReqLevel`, `VerifiedBuild`) VALUES
(847, 252352, 712500, 2478, 115, 252351, 0, 0, 0, 29139),
(847, 252348, 546250, 2478, 90, 0, 0, 0, 0, 29139),
(847, 252368, 266000, 2478, 25, 0, 0, 0, 0, 29139),
(847, 252379, 522500, 2478, 80, 0, 0, 0, 0, 29139),
(847, 252358, 712500, 2478, 115, 252357, 0, 0, 0, 29139),
(847, 251311, 332500, 2478, 50, 0, 0, 0, 0, 29139),
(847, 251310, 332500, 2478, 50, 0, 0, 0, 0, 29139),
(847, 252388, 237500, 2478, 1, 0, 0, 0, 0, 29139),
(847, 252357, 546250, 2478, 90, 0, 0, 0, 0, 29139),
(847, 252335, 475000, 2478, 60, 252334, 0, 0, 0, 29139),
(847, 252342, 475000, 2478, 60, 252341, 0, 0, 0, 29139),
(847, 252362, 475000, 2478, 60, 252361, 0, 0, 0, 29139),
(847, 252400, 266000, 2478, 25, 0, 0, 0, 0, 29139),
(847, 252386, 308750, 2478, 40, 252385, 0, 0, 0, 29139),
(847, 252349, 712500, 2478, 115, 252348, 0, 0, 0, 29139),
(847, 252394, 266000, 2478, 25, 0, 0, 0, 0, 29139),
(847, 252383, 308750, 2478, 40, 252382, 0, 0, 0, 29139),
(847, 252380, 617500, 2478, 100, 252379, 0, 0, 0, 29139),
(847, 251306, 332500, 2478, 50, 0, 0, 0, 0, 29139),
(847, 252351, 546250, 2478, 90, 0, 0, 0, 0, 29139),
(847, 252398, 427500, 2478, 50, 252397, 0, 0, 0, 29139),
(847, 252361, 266000, 2478, 25, 0, 0, 0, 0, 29139),
(847, 251808, 332500, 2478, 50, 0, 0, 0, 0, 29139),
(847, 252395, 427500, 2478, 50, 252394, 0, 0, 0, 29139),
(847, 264212, 10, 0, 0, 0, 0, 0, 5, 29139),
(847, 265788, 475000, 171, 1, 0, 0, 0, 110, 29139),
(837, 282803, 760000, 2507, 115, 0, 0, 0, 0, 29139),
(837, 286649, 237500, 2507, 1, 0, 0, 0, 0, 29139),
(837, 287271, 237500, 2507, 1, 0, 0, 0, 0, 29139),
(837, 284295, 332500, 2507, 75, 0, 0, 0, 0, 29139),
(874, 291093, 1050000, 2499, 120, 0, 0, 0, 0, 29139),
(874, 291089, 1050000, 2499, 120, 0, 0, 0, 0, 29139),
(874, 291091, 1050000, 2499, 120, 0, 0, 0, 0, 29139),
(874, 291095, 1050000, 2499, 120, 0, 0, 0, 0, 29139),
(874, 282809, 400000, 2499, 100, 0, 0, 0, 0, 29139),
(874, 282806, 400000, 2499, 100, 0, 0, 0, 0, 29139),
(874, 286870, 1100000, 2499, 130, 0, 0, 0, 0, 29139),
(874, 286873, 1100000, 2499, 130, 0, 0, 0, 0, 29139),
(874, 283914, 650000, 2499, 85, 0, 0, 0, 0, 29139),
(874, 286864, 1100000, 2499, 130, 0, 0, 0, 0, 29139),
(874, 287279, 250000, 2499, 1, 0, 0, 0, 0, 29139),
(874, 286867, 1100000, 2499, 130, 0, 0, 0, 0, 29139),
(874, 286647, 250000, 2499, 1, 0, 0, 0, 0, 29139),
(874, 280732, 280000, 2499, 25, 0, 0, 0, 0, 29139),
(874, 280733, 500000, 2499, 50, 280732, 0, 0, 0, 29139),
(874, 280734, 650000, 2499, 85, 280733, 0, 0, 0, 29139),
(874, 278413, 500000, 2499, 50, 0, 0, 0, 0, 29139),
(874, 269123, 350000, 2499, 85, 0, 0, 0, 0, 29139),
(874, 255936, 350000, 2499, 85, 0, 0, 0, 0, 29139),
(874, 255940, 350000, 2499, 85, 0, 0, 0, 0, 29139),
(874, 269724, 400000, 2499, 100, 0, 0, 0, 0, 29139),
(874, 269727, 400000, 2499, 100, 0, 0, 0, 0, 29139),
(874, 272056, 1000000, 2499, 115, 0, 0, 0, 0, 29139),
(874, 272065, 1000000, 2499, 115, 0, 0, 0, 0, 29139),
(874, 272062, 1000000, 2499, 115, 0, 0, 0, 0, 29139),
(874, 272059, 1000000, 2499, 115, 0, 0, 0, 0, 29139),
(874, 255393, 400000, 2499, 35, 255392, 0, 0, 0, 29139),
(874, 253151, 650000, 2499, 110, 253150, 0, 0, 0, 29139),
(874, 265100, 300000, 2499, 35, 0, 0, 0, 0, 29139),
(874, 256070, 280000, 2499, 25, 0, 0, 0, 0, 29139),
(874, 255407, 250000, 2499, 1, 0, 0, 0, 0, 29139),
(874, 255408, 400000, 2499, 35, 255407, 0, 0, 0, 29139),
(874, 255458, 650000, 2499, 110, 255457, 0, 0, 0, 29139),
(874, 256071, 500000, 2499, 50, 256070, 0, 0, 0, 29139),
(874, 255457, 400000, 2499, 100, 0, 0, 0, 0, 29139),
(874, 264961, 650000, 2499, 85, 264960, 0, 0, 0, 29139),
(874, 264964, 300000, 2499, 35, 0, 0, 0, 0, 29139),
(874, 264966, 650000, 2499, 85, 264964, 0, 0, 0, 29139),
(874, 256080, 280000, 2499, 25, 0, 0, 0, 0, 29139),
(874, 255396, 400000, 2499, 35, 255395, 0, 0, 0, 29139),
(874, 256082, 500000, 2499, 50, 256080, 0, 0, 0, 29139),
(874, 265097, 300000, 2499, 35, 0, 0, 0, 0, 29139),
(874, 265098, 650000, 2499, 85, 265097, 0, 0, 0, 29139),
(874, 256155, 500000, 2499, 50, 256154, 0, 0, 0, 29139),
(874, 265101, 650000, 2499, 85, 265100, 0, 0, 0, 29139),
(874, 255395, 250000, 2499, 1, 0, 0, 0, 0, 29139),
(874, 256073, 280000, 2499, 25, 0, 0, 0, 0, 29139),
(874, 256154, 280000, 2499, 25, 0, 0, 0, 0, 29139),
(874, 253150, 400000, 2499, 100, 0, 0, 0, 0, 29139),
(874, 264960, 300000, 2499, 35, 0, 0, 0, 0, 29139),
(874, 256074, 500000, 2499, 50, 256073, 0, 0, 0, 29139),
(874, 265808, 500000, 202, 1, 0, 0, 0, 110, 29139),
(874, 264478, 10, 0, 0, 0, 0, 0, 5, 29139),
(842, 265838, 10, 0, 0, 0, 0, 0, 5, 29139),
(842, 253336, 332500, 2565, 1, 0, 0, 0, 0, 29139),
(842, 253342, 475000, 2565, 25, 0, 0, 0, 0, 29139),
(842, 253345, 475000, 2565, 25, 0, 0, 0, 0, 29139),
(842, 253339, 475000, 2565, 25, 0, 0, 0, 0, 29139),
(842, 253333, 332500, 2565, 1, 0, 0, 0, 0, 29139),
(842, 265854, 475000, 186, 1, 0, 0, 0, 110, 29139),
(817, 282871, 427500, 2437, 105, 0, 0, 0, 0, 29139),
(817, 283245, 427500, 2437, 105, 0, 0, 0, 0, 29139),
(817, 287235, 237500, 2437, 1, 0, 0, 0, 0, 29139),
(817, 283242, 427500, 2437, 105, 0, 0, 0, 0, 29139),
(817, 282862, 427500, 2437, 105, 0, 0, 0, 0, 29139),
(817, 285082, 665000, 2437, 140, 0, 0, 0, 0, 29139),
(817, 282865, 427500, 2437, 105, 0, 0, 0, 0, 29139),
(817, 282876, 427500, 2437, 105, 0, 0, 0, 0, 29139),
(817, 283239, 427500, 2437, 105, 0, 0, 0, 0, 29139),
(817, 283249, 427500, 2437, 105, 0, 0, 0, 0, 29139),
(817, 282868, 427500, 2437, 105, 0, 0, 0, 0, 29139),
(817, 286015, 403750, 2437, 95, 253110, 0, 0, 0, 29139),
(817, 286631, 237500, 2437, 1, 0, 0, 0, 0, 29139),
(817, 282859, 427500, 2437, 105, 0, 0, 0, 0, 29139),
(817, 285081, 665000, 2437, 140, 0, 0, 0, 0, 29139),
(817, 282889, 427500, 2437, 105, 0, 0, 0, 0, 29139),
(817, 278416, 356250, 2437, 65, 0, 0, 0, 0, 29139),
(817, 278417, 356250, 2437, 65, 0, 0, 0, 0, 29139),
(817, 278415, 356250, 2437, 65, 0, 0, 0, 0, 29139),
(817, 256786, 380000, 2437, 75, 0, 0, 0, 0, 29139),
(817, 278131, 403750, 2437, 95, 0, 0, 0, 0, 29139),
(817, 278132, 570000, 2437, 120, 278131, 0, 0, 0, 29139),
(817, 269464, 380000, 2437, 75, 0, 0, 0, 0, 29139),
(817, 269448, 403750, 2437, 95, 0, 0, 0, 0, 29139),
(817, 269424, 403750, 2437, 95, 0, 0, 0, 0, 29139),
(817, 269479, 427500, 2437, 105, 0, 0, 0, 0, 29139),
(817, 269470, 427500, 2437, 105, 0, 0, 0, 0, 29139),
(817, 269421, 380000, 2437, 75, 0, 0, 0, 0, 29139),
(817, 269451, 380000, 2437, 75, 0, 0, 0, 0, 29139),
(817, 269444, 427500, 2437, 105, 0, 0, 0, 0, 29139),
(817, 269476, 380000, 2437, 75, 0, 0, 0, 0, 29139),
(817, 269458, 403750, 2437, 95, 0, 0, 0, 0, 29139),
(817, 269064, 332500, 2437, 50, 0, 0, 0, 0, 29139),
(817, 253125, 237500, 2437, 1, 0, 0, 0, 0, 29139),
(817, 253174, 285000, 2437, 25, 0, 0, 0, 0, 29139),
(817, 253132, 285000, 2437, 25, 0, 0, 0, 0, 29139),
(817, 253165, 266000, 2437, 15, 0, 0, 0, 0, 29139),
(817, 253177, 308750, 2437, 35, 0, 0, 0, 0, 29139),
(817, 253156, 403750, 2437, 95, 0, 0, 0, 0, 29139),
(817, 253186, 570000, 2437, 120, 0, 0, 0, 0, 29139),
(817, 253138, 237500, 2437, 1, 0, 0, 0, 0, 29139),
(817, 253112, 332500, 2437, 50, 0, 0, 0, 0, 29139),
(817, 253113, 266000, 2437, 15, 0, 0, 0, 0, 29139),
(817, 253135, 285000, 2437, 25, 0, 0, 0, 0, 29139),
(817, 253171, 266000, 2437, 15, 0, 0, 0, 0, 29139),
(817, 253190, 570000, 2437, 120, 0, 0, 0, 0, 29139),
(817, 253117, 570000, 2437, 120, 253116, 0, 0, 0, 29139),
(817, 253141, 285000, 2437, 25, 0, 0, 0, 0, 29139),
(817, 253110, 332500, 2437, 50, 0, 0, 0, 0, 29139),
(817, 253160, 570000, 2437, 120, 253159, 0, 0, 0, 29139),
(817, 253157, 570000, 2437, 120, 253156, 0, 0, 0, 29139),
(817, 253180, 266000, 2437, 15, 0, 0, 0, 0, 29139),
(817, 253159, 403750, 2437, 95, 0, 0, 0, 0, 29139),
(817, 253116, 403750, 2437, 95, 0, 0, 0, 0, 29139),
(817, 253162, 308750, 2437, 35, 0, 0, 0, 0, 29139),
(817, 264435, 10, 0, 0, 0, 0, 0, 5, 29139),
(817, 265804, 475000, 164, 1, 0, 0, 0, 110, 29139);

UPDATE `trainer_spell` SET `MoneyCost`=332500, `VerifiedBuild`=29139 WHERE (`TrainerId`=869 AND `SpellId`=257149);
UPDATE `trainer_spell` SET `MoneyCost`=475000, `VerifiedBuild`=29139 WHERE (`TrainerId`=869 AND `SpellId`=265872);
UPDATE `trainer_spell` SET `MoneyCost`=332500, `VerifiedBuild`=29139 WHERE (`TrainerId`=869 AND `SpellId`=257152);
UPDATE `trainer_spell` SET `MoneyCost`=332500, `VerifiedBuild`=29139 WHERE (`TrainerId`=869 AND `SpellId`=257146);


DELETE FROM `npc_vendor` WHERE (`entry`=141936 AND `item`=163203 AND `ExtendedCost`=6426 AND `type`=1) OR (`entry`=141936 AND `item`=160298 AND `ExtendedCost`=0 AND `type`=1) OR (`entry`=141936 AND `item`=159959 AND `ExtendedCost`=0 AND `type`=1) OR (`entry`=141936 AND `item`=160059 AND `ExtendedCost`=0 AND `type`=1) OR (`entry`=141936 AND `item`=158205 AND `ExtendedCost`=0 AND `type`=1) OR (`entry`=141936 AND `item`=158186 AND `ExtendedCost`=0 AND `type`=1) OR (`entry`=141936 AND `item`=163569 AND `ExtendedCost`=0 AND `type`=1) OR (`entry`=141936 AND `item`=160502 AND `ExtendedCost`=0 AND `type`=1) OR (`entry`=141936 AND `item`=160712 AND `ExtendedCost`=0 AND `type`=1) OR (`entry`=141936 AND `item`=160710 AND `ExtendedCost`=0 AND `type`=1) OR (`entry`=141936 AND `item`=160709 AND `ExtendedCost`=0 AND `type`=1) OR (`entry`=141936 AND `item`=160400 AND `ExtendedCost`=0 AND `type`=1) OR (`entry`=141936 AND `item`=160399 AND `ExtendedCost`=0 AND `type`=1) OR (`entry`=141936 AND `item`=160398 AND `ExtendedCost`=0 AND `type`=1) OR (`entry`=141936 AND `item`=160705 AND `ExtendedCost`=0 AND `type`=1) OR (`entry`=141609 AND `item`=160059 AND `ExtendedCost`=0 AND `type`=1) OR (`entry`=141609 AND `item`=7005 AND `ExtendedCost`=0 AND `type`=1) OR (`entry`=141609 AND `item`=2324 AND `ExtendedCost`=0 AND `type`=1) OR (`entry`=141609 AND `item`=6260 AND `ExtendedCost`=0 AND `type`=1) OR (`entry`=141609 AND `item`=2604 AND `ExtendedCost`=0 AND `type`=1) OR (`entry`=141609 AND `item`=2605 AND `ExtendedCost`=0 AND `type`=1) OR (`entry`=141609 AND `item`=4340 AND `ExtendedCost`=0 AND `type`=1) OR (`entry`=141609 AND `item`=4341 AND `ExtendedCost`=0 AND `type`=1) OR (`entry`=141609 AND `item`=6261 AND `ExtendedCost`=0 AND `type`=1) OR (`entry`=141609 AND `item`=2325 AND `ExtendedCost`=0 AND `type`=1) OR (`entry`=141609 AND `item`=10290 AND `ExtendedCost`=0 AND `type`=1) OR (`entry`=141609 AND `item`=4342 AND `ExtendedCost`=0 AND `type`=1) OR (`entry`=141609 AND `item`=2320 AND `ExtendedCost`=0 AND `type`=1) OR (`entry`=141609 AND `item`=2321 AND `ExtendedCost`=0 AND `type`=1) OR (`entry`=141609 AND `item`=4291 AND `ExtendedCost`=0 AND `type`=1) OR (`entry`=141609 AND `item`=8343 AND `ExtendedCost`=0 AND `type`=1) OR (`entry`=141609 AND `item`=14341 AND `ExtendedCost`=0 AND `type`=1) OR (`entry`=141609 AND `item`=38426 AND `ExtendedCost`=0 AND `type`=1) OR (`entry`=141609 AND `item`=159959 AND `ExtendedCost`=0 AND `type`=1) OR (`entry`=122699 AND `item`=163839 AND `ExtendedCost`=6048 AND `type`=1) OR (`entry`=122699 AND `item`=4289 AND `ExtendedCost`=0 AND `type`=1) OR (`entry`=122699 AND `item`=7005 AND `ExtendedCost`=0 AND `type`=1) OR (`entry`=138065 AND `item`=163835 AND `ExtendedCost`=6048 AND `type`=1) OR (`entry`=138065 AND `item`=85663 AND `ExtendedCost`=0 AND `type`=1) OR (`entry`=138065 AND `item`=163135 AND `ExtendedCost`=0 AND `type`=1) OR (`entry`=138065 AND `item`=163134 AND `ExtendedCost`=0 AND `type`=1) OR (`entry`=132130 AND `item`=163835 AND `ExtendedCost`=6048 AND `type`=1) OR (`entry`=132130 AND `item`=163133 AND `ExtendedCost`=0 AND `type`=1) OR (`entry`=132130 AND `item`=162556 AND `ExtendedCost`=0 AND `type`=1) OR (`entry`=132130 AND `item`=162554 AND `ExtendedCost`=0 AND `type`=1) OR (`entry`=132130 AND `item`=3371 AND `ExtendedCost`=0 AND `type`=1) OR (`entry`=132130 AND `item`=22250 AND `ExtendedCost`=0 AND `type`=1) OR (`entry`=144187 AND `item`=52188 AND `ExtendedCost`=0 AND `type`=1) OR (`entry`=144187 AND `item`=20815 AND `ExtendedCost`=0 AND `type`=1) OR (`entry`=122702 AND `item`=11291 AND `ExtendedCost`=0 AND `type`=1) OR (`entry`=122702 AND `item`=4470 AND `ExtendedCost`=0 AND `type`=1) OR (`entry`=122702 AND `item`=10938 AND `ExtendedCost`=0 AND `type`=1) OR (`entry`=122702 AND `item`=10940 AND `ExtendedCost`=0 AND `type`=1) OR (`entry`=122702 AND `item`=6217 AND `ExtendedCost`=0 AND `type`=1) OR (`entry`=122702 AND `item`=38682 AND `ExtendedCost`=0 AND `type`=1) OR (`entry`=122703 AND `item`=3371 AND `ExtendedCost`=0 AND `type`=1) OR (`entry`=141914 AND `item`=3371 AND `ExtendedCost`=0 AND `type`=1) OR (`entry`=141914 AND `item`=158205 AND `ExtendedCost`=0 AND `type`=1) OR (`entry`=141914 AND `item`=158186 AND `ExtendedCost`=0 AND `type`=1) OR (`entry`=141914 AND `item`=64670 AND `ExtendedCost`=0 AND `type`=1) OR (`entry`=141914 AND `item`=39354 AND `ExtendedCost`=0 AND `type`=1) OR (`entry`=141914 AND `item`=39489 AND `ExtendedCost`=0 AND `type`=1) OR (`entry`=141914 AND `item`=39505 AND `ExtendedCost`=0 AND `type`=1) OR (`entry`=122693 AND `item`=163203 AND `ExtendedCost`=6426 AND `type`=1) OR (`entry`=122693 AND `item`=3857 AND `ExtendedCost`=0 AND `type`=1) OR (`entry`=122693 AND `item`=18567 AND `ExtendedCost`=0 AND `type`=1) OR (`entry`=122693 AND `item`=160298 AND `ExtendedCost`=0 AND `type`=1) OR (`entry`=122693 AND `item`=3466 AND `ExtendedCost`=0 AND `type`=1) OR (`entry`=122693 AND `item`=2880 AND `ExtendedCost`=0 AND `type`=1) OR (`entry`=122693 AND `item`=5956 AND `ExtendedCost`=0 AND `type`=1) OR (`entry`=122693 AND `item`=2901 AND `ExtendedCost`=0 AND `type`=1) OR (`entry`=122693 AND `item`=160502 AND `ExtendedCost`=0 AND `type`=1) OR (`entry`=122693 AND `item`=163569 AND `ExtendedCost`=0 AND `type`=1) OR (`entry`=122694 AND `item`=163837 AND `ExtendedCost`=6048 AND `type`=1) OR (`entry`=122694 AND `item`=20815 AND `ExtendedCost`=0 AND `type`=1) OR (`entry`=122694 AND `item`=3857 AND `ExtendedCost`=0 AND `type`=1) OR (`entry`=122694 AND `item`=3466 AND `ExtendedCost`=0 AND `type`=1) OR (`entry`=122694 AND `item`=2880 AND `ExtendedCost`=0 AND `type`=1) OR (`entry`=122694 AND `item`=30746 AND `ExtendedCost`=0 AND `type`=1) OR (`entry`=122694 AND `item`=2901 AND `ExtendedCost`=0 AND `type`=1);
INSERT INTO `npc_vendor` (`entry`, `slot`, `item`, `maxcount`, `ExtendedCost`, `type`, `PlayerConditionID`, `IgnoreFiltering`, `VerifiedBuild`) VALUES
(141936, 15, 163203, 0, 6426, 1, 0, 0, 29139), -- -0-
(141936, 14, 160298, 0, 0, 1, 0, 0, 29139), -- -0-
(141936, 13, 159959, 0, 0, 1, 0, 0, 29139), -- -0-
(141936, 12, 160059, 0, 0, 1, 0, 0, 29139), -- -0-
(141936, 11, 158205, 0, 0, 1, 0, 0, 29139), -- -0-
(141936, 10, 158186, 0, 0, 1, 0, 0, 29139), -- -0-
(141936, 9, 163569, 0, 0, 1, 0, 0, 29139), -- -0-
(141936, 8, 160502, 0, 0, 1, 0, 0, 29139), -- -0-
(141936, 7, 160712, 0, 0, 1, 0, 0, 29139), -- -0-
(141936, 6, 160710, 0, 0, 1, 0, 0, 29139), -- -0-
(141936, 5, 160709, 0, 0, 1, 0, 0, 29139), -- -0-
(141936, 4, 160400, 0, 0, 1, 0, 0, 29139), -- -0-
(141936, 3, 160399, 0, 0, 1, 0, 0, 29139), -- -0-
(141936, 2, 160398, 0, 0, 1, 0, 0, 29139), -- -0-
(141936, 1, 160705, 0, 0, 1, 0, 0, 29139), -- -0-
(141609, 21, 160059, 0, 0, 1, 0, 0, 29139), -- -0-
(141609, 20, 7005, 0, 0, 1, 0, 0, 29139), -- Skinning Knife
(141609, 19, 2324, 0, 0, 1, 0, 0, 29139), -- Bleach
(141609, 18, 6260, 0, 0, 1, 0, 0, 29139), -- Blue Dye
(141609, 17, 2604, 0, 0, 1, 0, 0, 29139), -- Red Dye
(141609, 16, 2605, 0, 0, 1, 0, 0, 29139), -- Green Dye
(141609, 15, 4340, 0, 0, 1, 0, 0, 29139), -- Gray Dye
(141609, 14, 4341, 0, 0, 1, 0, 0, 29139), -- Yellow Dye
(141609, 13, 6261, 0, 0, 1, 0, 0, 29139), -- Orange Dye
(141609, 12, 2325, 0, 0, 1, 0, 0, 29139), -- Black Dye
(141609, 11, 10290, 0, 0, 1, 0, 0, 29139), -- Pink Dye
(141609, 10, 4342, 0, 0, 1, 0, 0, 29139), -- Purple Dye
(141609, 9, 2320, 0, 0, 1, 0, 0, 29139), -- Coarse Thread
(141609, 8, 2321, 0, 0, 1, 0, 0, 29139), -- Fine Thread
(141609, 7, 4291, 0, 0, 1, 0, 0, 29139), -- Silken Thread
(141609, 6, 8343, 0, 0, 1, 0, 0, 29139), -- Heavy Silken Thread
(141609, 5, 14341, 0, 0, 1, 0, 0, 29139), -- Rune Thread
(141609, 4, 38426, 0, 0, 1, 0, 0, 29139), -- Eternium Thread
(141609, 1, 159959, 0, 0, 1, 0, 0, 29139), -- -0-
(122699, 3, 163839, 0, 6048, 1, 0, 0, 29139), -- -0-
(122699, 2, 4289, 0, 0, 1, 0, 0, 29139), -- Salt
(122699, 1, 7005, 0, 0, 1, 0, 0, 29139), -- Skinning Knife
(138065, 4, 163835, 0, 6048, 1, 0, 0, 29139), -- -0-
(138065, 3, 85663, 0, 0, 1, 0, 0, 29139), -- Herbalist's Spade
(138065, 2, 163135, 0, 0, 1, 0, 0, 29139), -- -0-
(138065, 1, 163134, 0, 0, 1, 0, 0, 29139), -- -0-
(132130, 7, 163835, 0, 6048, 1, 0, 0, 29139), -- -0-
(132130, 6, 163133, 0, 0, 1, 0, 0, 29139), -- -0-
(132130, 5, 162556, 0, 0, 1, 0, 0, 29139), -- -0-
(132130, 4, 162554, 0, 0, 1, 0, 0, 29139), -- -0-
(132130, 3, 3371, 0, 0, 1, 0, 0, 29139), -- Crystal Vial
(132130, 2, 22250, 0, 0, 1, 0, 0, 29139), -- Herb Pouch
(144187, 2, 52188, 0, 0, 1, 0, 0, 29139), -- Jeweler's Setting
(144187, 1, 20815, 0, 0, 1, 0, 0, 29139), -- Jeweler's Kit
(122702, 48, 11291, 0, 0, 1, 0, 0, 29139), -- Star Wood
(122702, 47, 4470, 0, 0, 1, 0, 0, 29139), -- Simple Wood
(122702, 46, 10938, 1, 0, 1, 0, 0, 29139), -- Lesser Magic Essence
(122702, 45, 10940, 2, 0, 1, 0, 0, 29139), -- Strange Dust
(122702, 44, 6217, 0, 0, 1, 0, 0, 29139), -- Copper Rod
(122702, 43, 38682, 0, 0, 1, 0, 0, 29139), -- Enchanting Vellum
(122703, 1, 3371, 0, 0, 1, 0, 0, 29139), -- Crystal Vial
(141914, 7, 3371, 0, 0, 1, 0, 0, 29139), -- Crystal Vial
(141914, 6, 158205, 0, 0, 1, 0, 0, 29139), -- -0-
(141914, 5, 158186, 0, 0, 1, 0, 0, 29139), -- -0-
(141914, 4, 64670, 0, 0, 1, 0, 0, 29139), -- Vanishing Powder
(141914, 3, 39354, 0, 0, 1, 0, 0, 29139), -- Light Parchment
(141914, 2, 39489, 0, 0, 1, 0, 0, 29139), -- Scribe's Satchel
(141914, 1, 39505, 0, 0, 1, 0, 0, 29139), -- Virtuoso Inking Set
(122693, 10, 163203, 0, 6426, 1, 0, 0, 29139), -- -0-
(122693, 9, 3857, 0, 0, 1, 0, 0, 29139), -- Coal
(122693, 8, 18567, 0, 0, 1, 0, 0, 29139), -- Elemental Flux
(122693, 7, 160298, 0, 0, 1, 0, 0, 29139), -- -0-
(122693, 6, 3466, 0, 0, 1, 0, 0, 29139), -- Strong Flux
(122693, 5, 2880, 0, 0, 1, 0, 0, 29139), -- Weak Flux
(122693, 4, 5956, 0, 0, 1, 0, 0, 29139), -- Blacksmith Hammer
(122693, 3, 2901, 0, 0, 1, 0, 0, 29139), -- Mining Pick
(122693, 2, 160502, 0, 0, 1, 0, 0, 29139), -- -0-
(122693, 1, 163569, 0, 0, 1, 0, 0, 29139), -- -0-
(122694, 7, 163837, 0, 6048, 1, 0, 0, 29139), -- -0-
(122694, 6, 20815, 0, 0, 1, 0, 0, 29139), -- Jeweler's Kit
(122694, 5, 3857, 0, 0, 1, 0, 0, 29139), -- Coal
(122694, 4, 3466, 0, 0, 1, 0, 0, 29139), -- Strong Flux
(122694, 3, 2880, 0, 0, 1, 0, 0, 29139), -- Weak Flux
(122694, 2, 30746, 0, 0, 1, 0, 0, 29139), -- Mining Sack
(122694, 1, 2901, 0, 0, 1, 0, 0, 29139); -- Mining Pick


DELETE FROM `points_of_interest` WHERE `ID` IN (5746, 5731, 5730);
INSERT INTO `points_of_interest` (`ID`, `PositionX`, `PositionY`, `Icon`, `Flags`, `Importance`, `Name`, `VerifiedBuild`) VALUES
(5746, -912.731, 970.017, 7, 99, 0, 'Dazar\'alor Leatherworking Trainer', 29139),
(5731, -1783.79, 877.757, 7, 99, 0, 'Dazar\'alor Barber', 29139),
(5730, -1124.34, 840.668, 7, 99, 0, 'Dazar\'alor Bank', 29139);


DELETE FROM `gossip_menu` WHERE (`MenuId`=23355 AND `TextId`=9599) OR (`MenuId`=22545 AND `TextId`=34669) OR (`MenuId`=23391 AND `TextId`=10651) OR (`MenuId`=22632 AND `TextId`=34834) OR (`MenuId`=23184 AND `TextId`=35867) OR (`MenuId`=22155 AND `TextId`=33942) OR (`MenuId`=23035 AND `TextId`=35621) OR (`MenuId`=23017 AND `TextId`=35600) OR (`MenuId`=21925 AND `TextId`=33525) OR (`MenuId`=22998 AND `TextId`=35582) OR (`MenuId`=22997 AND `TextId`=35579) OR (`MenuId`=22996 AND `TextId`=35578);
INSERT INTO `gossip_menu` (`MenuId`, `TextId`, `VerifiedBuild`) VALUES
(23355, 9599, 29139), -- 122699 (Rana the Cutta)
(22545, 34669, 29139), -- 122704 (Jahden Fla)
(23391, 10651, 29139), -- 122702 (Enchantress Quinni)
(22632, 34834, 29139), -- 122703 (Clever Kumali)
(23184, 35867, 29139), -- 122694 (Secott the Goldsmith)
(22155, 33942, 29139), -- 127112 (Forgemaster Zak'aal)
(23035, 35621, 29139), -- 131216 (Forsaken Battleguard)
(23017, 35600, 29139), -- 131216 (Forsaken Battleguard)
(21925, 33525, 29139), -- 131216 (Forsaken Battleguard)
(22998, 35582, 29139), -- 131216 (Forsaken Battleguard)
(22997, 35579, 29139), -- 131216 (Forsaken Battleguard)
(22996, 35578, 29139); -- 131216 (Forsaken Battleguard)

DELETE FROM `gossip_menu_option` WHERE (`MenuId`=23355 AND `OptionIndex`=1) OR (`MenuId`=23355 AND `OptionIndex`=0) OR (`MenuId`=22545 AND `OptionIndex`=0) OR (`MenuId`=23391 AND `OptionIndex`=1) OR (`MenuId`=23391 AND `OptionIndex`=0) OR (`MenuId`=22632 AND `OptionIndex`=1) OR (`MenuId`=22632 AND `OptionIndex`=0) OR (`MenuId`=23184 AND `OptionIndex`=1) OR (`MenuId`=23184 AND `OptionIndex`=0) OR (`MenuId`=22155 AND `OptionIndex`=2) OR (`MenuId`=22155 AND `OptionIndex`=0) OR (`MenuId`=23017 AND `OptionIndex`=13) OR (`MenuId`=23017 AND `OptionIndex`=12) OR (`MenuId`=23017 AND `OptionIndex`=11) OR (`MenuId`=23017 AND `OptionIndex`=10) OR (`MenuId`=23017 AND `OptionIndex`=9) OR (`MenuId`=23017 AND `OptionIndex`=8) OR (`MenuId`=23017 AND `OptionIndex`=7) OR (`MenuId`=23017 AND `OptionIndex`=6) OR (`MenuId`=23017 AND `OptionIndex`=5) OR (`MenuId`=23017 AND `OptionIndex`=4) OR (`MenuId`=23017 AND `OptionIndex`=3) OR (`MenuId`=23017 AND `OptionIndex`=2) OR (`MenuId`=23017 AND `OptionIndex`=1) OR (`MenuId`=23017 AND `OptionIndex`=0) OR (`MenuId`=21925 AND `OptionIndex`=11) OR (`MenuId`=21925 AND `OptionIndex`=10) OR (`MenuId`=21925 AND `OptionIndex`=9) OR (`MenuId`=21925 AND `OptionIndex`=8) OR (`MenuId`=21925 AND `OptionIndex`=7) OR (`MenuId`=21925 AND `OptionIndex`=6) OR (`MenuId`=21925 AND `OptionIndex`=5) OR (`MenuId`=21925 AND `OptionIndex`=4) OR (`MenuId`=21925 AND `OptionIndex`=3) OR (`MenuId`=21925 AND `OptionIndex`=2) OR (`MenuId`=21925 AND `OptionIndex`=1) OR (`MenuId`=21925 AND `OptionIndex`=0) OR (`MenuId`=22998 AND `OptionIndex`=3) OR (`MenuId`=22998 AND `OptionIndex`=2) OR (`MenuId`=22998 AND `OptionIndex`=1) OR (`MenuId`=22998 AND `OptionIndex`=0);
INSERT INTO `gossip_menu_option` (`MenuId`, `OptionIndex`, `OptionIcon`, `OptionText`, `OptionBroadcastTextId`, `VerifiedBuild`) VALUES
(23355, 1, 1, 'Let me browse your goods.', 8097, 29139), -- OptionBroadcastTextID: 2823 - 7509 - 8097
(23355, 0, 3, 'Train me.', 3266, 29139),
(22545, 0, 3, 'Train me in Herbalism.', 47112, 29139),
(23391, 1, 1, 'I would like to buy from you.', 14967, 29139), -- OptionBroadcastTextID: 2583 - 6399 - 7142 - 9992 - 14967
(23391, 0, 3, 'Train me in Enchanting.', 47111, 29139),
(22632, 1, 1, 'I would like to buy from you.', 14967, 29139), -- OptionBroadcastTextID: 2583 - 6399 - 7142 - 9992 - 14967
(22632, 0, 3, 'Train me in Alchemy.', 47109, 29139),
(23184, 1, 1, 'Let me browse your goods.', 8097, 29139), -- OptionBroadcastTextID: 2823 - 7509 - 8097
(23184, 0, 3, 'Train me in Mining.', 47116, 29139),
(22155, 2, 1, 'I would like to buy from you.', 14967, 29139), -- OptionBroadcastTextID: 2583 - 6399 - 7142 - 9992 - 14967
(22155, 0, 3, 'Train me in Blacksmithing.', 47110, 29139),
(23017, 13, 0, 'Tailoring', 7121, 29139), -- OptionBroadcastTextID: 2951 - 3469 - 4871 - 5144 - 5380 - 5900 - 6629 - 6717 - 6787 - 6956 - 7035 - 7121 - 15275 - 32148 - 45760 - 52077
(23017, 12, 0, 'Skinning', 106243, 29139), -- OptionBroadcastTextID: 2948 - 3471 - 4869 - 5140 - 5376 - 5899 - 6628 - 6716 - 6786 - 6955 - 7034 - 7118 - 15273 - 19237 - 45770 - 52076 - 106243
(23017, 11, 0, 'Mining', 0, 29139), -- OptionBroadcastTextID: 2944 - 3468 - 4868 - 5138 - 5898 - 6627 - 6714 - 6785 - 6954 - 7033 - 15271 - 32147 - 45769 - 51348 - 78976
(23017, 10, 0, 'Leatherworking', 7115, 29139), -- OptionBroadcastTextID: 2947 - 3467 - 4866 - 5133 - 5371 - 5897 - 6626 - 6713 - 6784 - 6953 - 7032 - 7115 - 15269 - 19236 - 45759 - 52071
(23017, 9, 0, 'Jewelcrafting', 0, 29139), -- OptionBroadcastTextID: 15267 - 18338 - 19235 - 44647 - 45758
(23017, 8, 0, 'Inscription', 0, 29139), -- OptionBroadcastTextID: 31542 - 32146 - 45757 - 48811
(23017, 7, 0, 'Herbalism', 0, 29139), -- OptionBroadcastTextID: 2950 - 3466 - 4865 - 5129 - 5130 - 5370 - 5896 - 6625 - 6712 - 6783 - 6952 - 7031 - 7112 - 15265 - 32145 - 45434 - 45768
(23017, 6, 0, 'Fishing', 0, 29139), -- OptionBroadcastTextID: 3005 - 3465 - 4864 - 5127 - 5368 - 5895 - 6624 - 6711 - 6782 - 6951 - 7030 - 7109 - 15263 - 32144 - 45436 - 45767 - 99684
(23017, 5, 0, 'Engineering', 0, 29139), -- OptionBroadcastTextID: 2943 - 4976 - 5123 - 5893 - 6622 - 6780 - 6949 - 7028 - 15259 - 32143 - 45756 - 51347
(23017, 4, 0, 'Enchanting', 0, 29139), -- OptionBroadcastTextID: 3006 - 3463 - 4862 - 5121 - 5363 - 5892 - 6621 - 6709 - 6779 - 6948 - 7027 - 7103 - 15257 - 19234 - 45755 - 52063
(23017, 3, 0, 'Cooking', 0, 29139), -- OptionBroadcastTextID: 2945 - 3462 - 4861 - 5119 - 5356 - 5891 - 6620 - 6708 - 6778 - 6947 - 7026 - 7100 - 16029 - 19233 - 45432 - 45763
(23017, 2, 0, 'Blacksmithing', 0, 29139), -- OptionBroadcastTextID: 2942 - 3461 - 4860 - 5117 - 5890 - 6619 - 6707 - 6777 - 6946 - 7025 - 15255 - 19249 - 45754 - 51346
(23017, 1, 0, 'Archaeology', 0, 29139), -- OptionBroadcastTextID: 44649 - 159429
(23017, 0, 0, 'Alchemy', 0, 29139), -- OptionBroadcastTextID: 2952 - 3460 - 4859 - 5114 - 5354 - 5362 - 5889 - 6618 - 6706 - 6776 - 6945 - 7024 - 7097 - 15252 - 19232 - 45753 - 52058
(21925, 11, 0, 'Vendors', 0, 29139), -- OptionBroadcastTextID: 32216 - 32724 - 159725
(21925, 10, 0, 'Transmogrifier', 160055, 29139),
(21925, 9, 0, 'Trainers', 159395, 29139), -- OptionBroadcastTextID: 32176 - 159395
(21925, 8, 0, 'Stable Master', 45383, 29139), -- OptionBroadcastTextID: 8508 - 8511 - 8518 - 8524 - 8525 - 8529 - 8534 - 8536 - 8539 - 8542 - 15228 - 19208 - 45383
(21925, 7, 0, 'Portals', 159721, 29139),
(21925, 6, 0, 'Points of Interest', 0, 29139), -- OptionBroadcastTextID: 32180 - 159628
(21925, 5, 0, 'Inn', 44629, 29139), -- OptionBroadcastTextID: 5513 - 5911 - 6396 - 6633 - 6910 - 15224 - 19202 - 32166 - 44629
(21925, 4, 0, 'Guild Master & Vendor', 45380, 29139), -- OptionBroadcastTextID: 2870 - 3428 - 4890 - 5086 - 5332 - 5910 - 6909 - 6993 - 15222 - 32189 - 45380
(21925, 3, 0, 'Flight Master', 45379, 29139), -- OptionBroadcastTextID: 2863 - 4889 - 6632 - 19203 - 45379
(21925, 2, 0, 'Emissaries', 159391, 29139),
(21925, 1, 0, 'Barber', 45376, 29139), -- OptionBroadcastTextID: 31340 - 45376
(21925, 0, 0, 'Bank', 78584, 29139), -- OptionBroadcastTextID: 3426 - 5908 - 6631 - 6907 - 6987 - 15214 - 19201 - 32167 - 44628 - 78584
(22998, 3, 0, 'Zandalari Empire Emissary', 159634, 29139),
(22998, 2, 0, 'Voldunai Emissary', 160771, 29139),
(22998, 1, 0, 'Tortollan Seekers Emissary', 159630, 29139),
(22998, 0, 0, 'Talanji\'s Expedition Emissary', 160866, 29139);


DELETE FROM `quest_template` WHERE `ID` IN (54042 /*-0-*/, 54172 /*-0-*/, 52799 /*-0-*/, 51466 /*-0-*/, 52430 /*-0-*/, 51626 /*-0-*/, 54804 /*-0-*/, 51638 /*-0-*/, 50861 /*-0-*/, 50964 /*-0-*/, 53367 /*-0-*/, 52760 /*-0-*/, 54805 /*-0-*/, 51198 /*-0-*/, 48690 /*-0-*/, 51670 /*-0-*/, 54496 /*-0-*/, 50461 /*-0-*/, 53258 /*-0-*/, 51827 /*-0-*/, 50549 /*-0-*/, 51763 /*-0-*/, 53874 /*-0-*/, 51900 /*-0-*/, 54789 /*-0-*/, 50492 /*-0-*/, 51623 /*-0-*/, 51495 /*-0-*/, 51612 /*-0-*/, 45654 /*Ahn'Qiraj: C'thun*/, 52009 /*-0-*/, 51636 /*-0-*/, 52958 /*-0-*/, 50650 /*-0-*/, 51727 /*-0-*/, 51121 /*-0-*/, 52832 /*-0-*/, 52446 /*-0-*/, 51662 /*-0-*/, 48620 /*-0-*/, 49809 /*-0-*/, 50511 /*-0-*/, 52968 /*-0-*/, 51491 /*-0-*/, 50869 /*-0-*/, 50689 /*-0-*/, 54531 /*-0-*/, 51044 /*-0-*/);
INSERT INTO `quest_template` (`ID`, `QuestType`, `QuestLevel`, `ScalingFactionGroup`, `MaxScalingLevel`, `QuestPackageID`, `MinLevel`, `QuestSortID`, `QuestInfoID`, `SuggestedGroupNum`, `RewardNextQuest`, `RewardXPDifficulty`, `RewardXPMultiplier`, `RewardMoney`, `RewardMoneyDifficulty`, `RewardMoneyMultiplier`, `RewardBonusMoney`, `RewardDisplaySpell1`, `RewardDisplaySpell2`, `RewardDisplaySpell3`, `RewardSpell`, `RewardHonor`, `RewardKillHonor`, `StartItem`, `RewardArtifactXPDifficulty`, `RewardArtifactXPMultiplier`, `RewardArtifactCategoryID`, `Flags`, `FlagsEx`, `FlagsEx2`, `RewardSkillLineID`, `RewardNumSkillUps`, `PortraitGiver`, `PortraitGiverMount`, `PortraitTurnIn`, `RewardItem1`, `RewardItem2`, `RewardItem3`, `RewardItem4`, `RewardAmount1`, `RewardAmount2`, `RewardAmount3`, `RewardAmount4`, `ItemDrop1`, `ItemDrop2`, `ItemDrop3`, `ItemDrop4`, `ItemDropQuantity1`, `ItemDropQuantity2`, `ItemDropQuantity3`, `ItemDropQuantity4`, `RewardChoiceItemID1`, `RewardChoiceItemID2`, `RewardChoiceItemID3`, `RewardChoiceItemID4`, `RewardChoiceItemID5`, `RewardChoiceItemID6`, `RewardChoiceItemQuantity1`, `RewardChoiceItemQuantity2`, `RewardChoiceItemQuantity3`, `RewardChoiceItemQuantity4`, `RewardChoiceItemQuantity5`, `RewardChoiceItemQuantity6`, `RewardChoiceItemDisplayID1`, `RewardChoiceItemDisplayID2`, `RewardChoiceItemDisplayID3`, `RewardChoiceItemDisplayID4`, `RewardChoiceItemDisplayID5`, `RewardChoiceItemDisplayID6`, `POIContinent`, `POIx`, `POIy`, `POIPriority`, `RewardTitle`, `RewardArenaPoints`, `RewardFactionID1`, `RewardFactionID2`, `RewardFactionID3`, `RewardFactionID4`, `RewardFactionID5`, `RewardFactionValue1`, `RewardFactionValue2`, `RewardFactionValue3`, `RewardFactionValue4`, `RewardFactionValue5`, `RewardFactionCapIn1`, `RewardFactionCapIn2`, `RewardFactionCapIn3`, `RewardFactionCapIn4`, `RewardFactionCapIn5`, `RewardFactionOverride1`, `RewardFactionOverride2`, `RewardFactionOverride3`, `RewardFactionOverride4`, `RewardFactionOverride5`, `RewardFactionFlags`, `AreaGroupID`, `TimeAllowed`, `AllowableRaces`, `TreasurePickerID`, `Expansion`, `LogTitle`, `LogDescription`, `QuestDescription`, `AreaDescription`, `QuestCompletionLog`, `RewardCurrencyID1`, `RewardCurrencyID2`, `RewardCurrencyID3`, `RewardCurrencyID4`, `RewardCurrencyQty1`, `RewardCurrencyQty2`, `RewardCurrencyQty3`, `RewardCurrencyQty4`, `PortraitGiverText`, `PortraitGiverName`, `PortraitTurnInText`, `PortraitTurnInName`, `AcceptedSoundKitID`, `CompleteSoundKitID`, `VerifiedBuild`) VALUES
(54042, 2, -1, 0, 120, 0, 120, 10226, 0, 0, 0, 1, 1, 23400, 1, 1, 22000, 0, 0, 0, 0, 0, 0, 0, 0, 1, 0, 33554440, 0, 0, 0, 0, 0, 0, 0, 0, 0, 0, 0, 0, 0, 0, 0, 0, 0, 0, 0, 0, 0, 0, 0, 0, 0, 0, 0, 0, 0, 0, 0, 0, 0, 0, 0, 0, 0, 0, 0, 0, 0, 0, 0, 0, 0, 0, 0, 0, 0, 0, 0, 0, 0, 0, 0, 0, 0, 7, 7, 7, 7, 7, 0, 0, 0, 0, 0, 0, 0, 0, 12261800583900083122, 0, 7, 'Trouble in Darkshore', 'Speak with Dread-Admiral Tattersail to travel to Darkshore and report to Nathanos.', 'We have received some disturbing reports from Darkshore.\n\nWhat was once a secure stronghold for the Horde is now beset by an unnatural darkness. The moon has turned completely black.\n\nThe outposts there have yet to be reinforced with our main force and we are suddenly outnumbered. Nathanos wants you to meet him in Darkshore and find out what happened.', '', '', 0, 0, 0, 0, 0, 0, 0, 0, '', '', '', '', 890, 878, 29139), -- -0-
(54172, 2, -1, 0, 120, 0, 120, -565, 0, 0, 54174, 1, 1, 23400, 1, 1, 22000, 0, 0, 0, 0, 0, 0, 0, 0, 1, 0, 33554440, 0, 0, 0, 0, 0, 0, 0, 0, 0, 0, 0, 0, 0, 0, 0, 165605, 0, 0, 0, 1, 0, 0, 0, 0, 0, 0, 0, 0, 0, 0, 0, 0, 0, 0, 0, 0, 0, 0, 0, 0, 0, 0, 0, 0, 0, 0, 0, 0, 0, 0, 0, 0, 0, 0, 0, 0, 0, 7, 7, 7, 7, 7, 0, 0, 0, 0, 0, 0, 0, 0, 12261800583900083122, 0, 7, 'The Azsharan Medallion', 'Take the Medallion to Collector Kojo.', '<On the Naga\'s body you find a circular metal disc. It\'s writing is in elvish script, but is unfamiliar to you.\n\nYou should find someone who can translate the text. It might be important.>', '', '', 0, 0, 0, 0, 0, 0, 0, 0, '', '', '', '', 890, 878, 29139), -- -0-
(52799, 3, -1, 0, 120, 0, 120, 8500, 115, 0, 0, 0, 0, 0, 0, 0, 0, 0, 0, 0, 0, 0, 0, 0, 0, 0, 0, 3735808, 0, 0, 0, 0, 0, 0, 0, 0, 0, 0, 0, 0, 0, 0, 0, 0, 0, 0, 0, 0, 0, 0, 0, 0, 0, 0, 0, 0, 0, 0, 0, 0, 0, 0, 0, 0, 0, 0, 0, 0, 0, 0, 0, 0, 0, 0, 0, 2159, 2156, 0, 0, 0, 0, 0, 0, 0, 0, 7, 7, 7, 7, 7, 7500, 7500, 0, 0, 0, 0, 0, 0, 18446744073709551615, 955, 7, 'Pack Leader', 'Defeat Grixis Tinypop in a pet battle.', '', '', '', 0, 0, 0, 0, 0, 0, 0, 0, '', '', '', '', 890, 878, 29139), -- -0-
(51466, 3, -1, 0, 120, 0, 120, 8721, 135, 0, 0, 0, 0, 0, 0, 0, 0, 0, 0, 0, 0, 0, 0, 0, 0, 0, 0, 34144320, 0, 0, 0, 0, 0, 0, 0, 0, 0, 0, 0, 0, 0, 0, 0, 0, 0, 0, 0, 0, 0, 0, 0, 0, 0, 0, 0, 0, 0, 0, 0, 0, 0, 0, 0, 0, 0, 0, 0, 0, 0, 0, 0, 0, 0, 0, 0, 2161, 2157, 0, 0, 0, 0, 0, 0, 0, 0, 7, 7, 7, 7, 7, 7500, 7500, 0, 0, 0, 0, 0, 0, 18446744073709551615, 1000, 7, 'Arvon the Betrayed', '', '', '', '', 0, 0, 0, 0, 0, 0, 0, 0, '', '', '', '', 890, 878, 29139), -- -0-
(52430, 3, -1, 0, 120, 0, 120, 8567, 115, 0, 0, 0, 0, 0, 0, 0, 0, 0, 0, 0, 0, 0, 0, 0, 0, 0, 0, 3735808, 0, 0, 0, 0, 0, 0, 0, 0, 0, 0, 0, 0, 0, 0, 0, 0, 0, 0, 0, 0, 0, 0, 0, 0, 0, 0, 0, 0, 0, 0, 0, 0, 0, 0, 0, 0, 0, 0, 0, 0, 0, 0, 0, 0, 0, 0, 0, 2160, 2157, 0, 0, 0, 0, 0, 0, 0, 0, 7, 7, 7, 7, 7, 7500, 7500, 0, 0, 0, 0, 0, 0, 18446744073709551615, 955, 7, 'Not So Bad Down Here', 'Defeat Grixis Tinypop in a pet battle.', '', '', '', 0, 0, 0, 0, 0, 0, 0, 0, '', '', '', '', 890, 878, 29139), -- -0-
(51626, 3, -1, 0, 120, 0, 120, 8567, 152, 0, 0, 0, 0, 0, 0, 0, 0, 0, 0, 0, 272161, 0, 0, 0, 0, 0, 0, 2184773888, 0, 0, 0, 0, 0, 0, 0, 0, 0, 0, 0, 0, 0, 0, 0, 0, 0, 0, 0, 0, 0, 0, 0, 0, 0, 0, 0, 0, 0, 0, 0, 0, 0, 0, 0, 0, 0, 0, 0, 0, 0, 0, 0, 0, 0, 0, 0, 2163, 2160, 2157, 0, 0, 0, 0, 0, 0, 0, 7, 7, 7, 7, 7, 17500, 7500, 7500, 0, 0, 0, 0, 0, 18446744073709551615, 572, 7, 'Shell Game', '', '', '', '', 0, 0, 0, 0, 0, 0, 0, 0, '', '', '', '', 890, 878, 29139), -- -0-
(54804, 3, -1, 0, 120, 0, 120, 10288, 135, 0, 0, 0, 0, 0, 0, 0, 0, 0, 0, 0, 289563, 0, 0, 0, 0, 0, 0, 37290304, 0, 0, 0, 0, 0, 0, 0, 0, 0, 0, 0, 0, 0, 0, 0, 0, 0, 0, 0, 0, 0, 0, 0, 0, 0, 0, 0, 0, 0, 0, 0, 0, 0, 0, 0, 0, 0, 0, 0, 0, 0, 0, 0, 0, 0, 0, 0, 2157, 0, 0, 0, 0, 0, 0, 0, 0, 0, 7, 7, 7, 7, 7, 7500, 0, 0, 0, 0, 0, 0, 0, 12261800583900083122, 1192, 7, 'Glrglrr', '', '', '', '', 1716, 0, 0, 0, 1, 0, 0, 0, '', '', '', '', 890, 878, 29139), -- -0-
(51638, 3, -1, 0, 120, 0, 120, 8567, 152, 0, 0, 0, 0, 0, 0, 0, 0, 0, 0, 0, 272163, 0, 0, 0, 0, 0, 0, 2184773888, 0, 0, 0, 0, 0, 0, 0, 0, 0, 0, 0, 0, 0, 0, 0, 0, 0, 0, 0, 0, 0, 0, 0, 0, 0, 0, 0, 0, 0, 0, 0, 0, 0, 0, 0, 0, 0, 0, 0, 0, 0, 0, 0, 0, 0, 0, 0, 2163, 2160, 2157, 0, 0, 0, 0, 0, 0, 0, 7, 7, 7, 7, 7, 17500, 7500, 7500, 0, 0, 0, 0, 0, 18446744073709551615, 572, 7, 'Beachhead', '', '', '', '', 0, 0, 0, 0, 0, 0, 0, 0, '', '', '', '', 890, 878, 29139), -- -0-
(50861, 3, -1, 0, 120, 0, 120, 8499, 135, 0, 0, 0, 0, 0, 0, 0, 0, 0, 0, 0, 266048, 0, 0, 0, 0, 0, 0, 37290048, 0, 0, 0, 0, 0, 0, 0, 0, 0, 0, 0, 0, 0, 0, 0, 0, 0, 0, 0, 0, 0, 0, 0, 0, 0, 0, 0, 0, 0, 0, 0, 0, 0, 0, 0, 0, 0, 0, 0, 0, 0, 0, 0, 0, 0, 0, 0, 2159, 2103, 0, 0, 0, 0, 0, 0, 0, 0, 7, 7, 7, 7, 7, 7500, 7500, 0, 0, 0, 0, 0, 0, 18446744073709551615, 862, 7, 'Torraske the Eternal', '', '', '', '', 0, 0, 0, 0, 0, 0, 0, 0, '', '', '', '', 890, 878, 29139), -- -0-
(50964, 3, -1, 0, 120, 0, 120, 8499, 109, 0, 0, 0, 0, 0, 0, 0, 0, 0, 0, 0, 0, 0, 0, 0, 0, 0, 0, 35323904, 0, 0, 0, 0, 0, 0, 0, 0, 0, 0, 0, 0, 0, 0, 0, 0, 0, 0, 0, 0, 0, 0, 0, 0, 0, 0, 0, 0, 0, 0, 0, 0, 0, 0, 0, 0, 0, 0, 0, 0, 0, 0, 0, 0, 0, 0, 0, 2159, 2103, 0, 0, 0, 0, 0, 0, 0, 0, 7, 7, 7, 7, 7, 7500, 7500, 0, 0, 0, 0, 5480, 0, 12261800583900083122, 546, 7, 'Ritual Combat', '', '', '', '', 0, 0, 0, 0, 0, 0, 0, 0, '', '', '', '', 890, 878, 29139), -- -0-
(53367, 0, -1, 0, 120, 0, 120, -432, 153, 0, 0, 0, 0, 0, 0, 0, 0, 0, 0, 0, 0, 0, 0, 0, 0, 0, 0, 8, 32768, 0, 0, 0, 0, 0, 0, 0, 0, 0, 0, 0, 0, 0, 0, 0, 0, 0, 0, 0, 0, 0, 0, 0, 0, 0, 0, 0, 0, 0, 0, 0, 0, 0, 0, 0, 0, 0, 0, 0, 0, 0, 0, 0, 0, 0, 0, 2157, 0, 0, 0, 0, 0, 0, 0, 0, 0, 7, 7, 7, 7, 7, 15000, 0, 0, 0, 0, 0, 0, 0, 12261800583900083122, 0, 7, 'Arathi Donations: Organic Discombobulation Grenade', '', '', '', '', 1553, 0, 0, 0, 500, 0, 0, 0, '', '', '', '', 0, 0, 29139), -- -0-
(52760, 3, -1, 0, 120, 0, 120, 8567, 109, 0, 0, 0, 0, 0, 0, 0, 0, 0, 0, 0, 278328, 0, 0, 0, 0, 0, 0, 40435712, 8192, 0, 0, 0, 0, 0, 0, 0, 0, 0, 0, 0, 0, 0, 0, 0, 0, 0, 0, 0, 0, 0, 0, 0, 0, 0, 0, 0, 0, 0, 0, 0, 0, 0, 0, 0, 0, 0, 0, 0, 0, 0, 0, 0, 0, 0, 0, 2160, 2157, 0, 0, 0, 0, 0, 0, 0, 0, 7, 7, 7, 7, 7, 7500, 7500, 0, 0, 0, 0, 0, 0, 12261800583900083122, 548, 7, 'Like Fish in a Barrel', '', '', '', '', 0, 0, 0, 0, 0, 0, 0, 0, '', '', '', '', 890, 878, 29139), -- -0-
(54805, 3, -1, 0, 120, 0, 120, 10288, 135, 0, 0, 0, 0, 0, 0, 0, 0, 0, 0, 0, 289563, 0, 0, 0, 0, 0, 0, 37290304, 0, 0, 0, 0, 0, 0, 0, 0, 0, 0, 0, 0, 0, 0, 0, 0, 0, 0, 0, 0, 0, 0, 0, 0, 0, 0, 0, 0, 0, 0, 0, 0, 0, 0, 0, 0, 0, 0, 0, 0, 0, 0, 0, 0, 0, 0, 0, 2157, 0, 0, 0, 0, 0, 0, 0, 0, 0, 7, 7, 7, 7, 7, 7500, 0, 0, 0, 0, 0, 0, 0, 12261800583900083122, 1192, 7, 'Scalefiend', '', '', '', '', 1716, 0, 0, 0, 1, 0, 0, 0, '', '', '', '', 890, 878, 29139), -- -0-
(51198, 3, -1, 0, 120, 0, 120, 8501, 109, 0, 0, 0, 0, 0, 0, 0, 0, 0, 0, 0, 268822, 0, 0, 0, 0, 0, 0, 41484288, 8192, 0, 0, 0, 0, 0, 0, 0, 0, 0, 0, 0, 0, 0, 0, 0, 0, 0, 0, 0, 0, 0, 0, 0, 0, 0, 0, 0, 0, 0, 0, 0, 0, 0, 0, 0, 0, 0, 0, 0, 0, 0, 0, 0, 0, 0, 0, 2159, 2158, 0, 0, 0, 0, 0, 0, 0, 0, 7, 7, 7, 7, 7, 7500, 7500, 0, 0, 0, 0, 5756, 0, 12261800583900083122, 547, 7, 'Fertilizer Duty', '', '', '', '', 0, 0, 0, 0, 0, 0, 0, 0, '', '', '', '', 890, 878, 29139), -- -0-
(48690, 2, 0, 0, 255, 0, 0, 0, 0, 0, 0, 0, 1, 0, 0, 1, 0, 0, 0, 0, 0, 0, 0, 0, 0, 1, 0, 33554440, 0, 0, 0, 0, 0, 0, 0, 0, 0, 0, 0, 0, 0, 0, 0, 0, 0, 0, 0, 0, 0, 0, 0, 0, 0, 0, 0, 0, 0, 0, 0, 0, 0, 0, 0, 0, 0, 0, 0, 0, 0, 0, 0, 0, 0, 0, 0, 0, 0, 0, 0, 0, 0, 0, 0, 0, 0, 7, 7, 7, 7, 7, 0, 0, 0, 0, 0, 0, 0, 0, 18446744073709551615, 0, 6, 'Lockout Tracking - Boss - Forest', '', '', '', '', 0, 0, 0, 0, 0, 0, 0, 0, '', '', '', '', 890, 878, 29139), -- -0-
(51670, 3, -1, 0, 120, 0, 120, 8567, 135, 0, 0, 0, 0, 0, 0, 0, 0, 0, 0, 0, 0, 0, 0, 0, 0, 0, 0, 38338624, 8192, 0, 0, 0, 0, 0, 0, 0, 0, 0, 0, 0, 0, 0, 0, 0, 0, 0, 0, 0, 0, 0, 0, 0, 0, 0, 0, 0, 0, 0, 0, 0, 0, 0, 0, 0, 0, 0, 0, 0, 0, 0, 0, 0, 0, 0, 0, 2160, 2157, 0, 0, 0, 0, 0, 0, 0, 0, 7, 7, 7, 7, 7, 7500, 7500, 0, 0, 0, 0, 0, 0, 18446744073709551615, 1045, 7, 'Lumbergrasp Sentinel', '', '', '', '', 0, 0, 0, 0, 0, 0, 0, 0, '', '', '', '', 890, 878, 29139), -- -0-
(54496, 3, -1, 0, 120, 0, 120, 10288, 109, 0, 0, 0, 0, 0, 0, 0, 0, 0, 0, 0, 0, 0, 0, 0, 0, 0, 0, 34144512, 0, 0, 0, 0, 0, 0, 0, 0, 0, 0, 0, 0, 0, 0, 0, 0, 0, 0, 0, 0, 0, 0, 0, 0, 0, 0, 0, 0, 0, 0, 0, 0, 0, 0, 0, 0, 0, 0, 0, 0, 0, 0, 0, 0, 0, 0, 0, 2157, 0, 0, 0, 0, 0, 0, 0, 0, 0, 7, 7, 7, 7, 7, 7500, 0, 0, 0, 0, 0, 6313, 0, 12261800583900083122, 1192, 7, 'Scurvy Dogs!', '', '', '', '', 1716, 0, 0, 0, 1, 0, 0, 0, '', '', '', '', 890, 878, 29139), -- -0-
(50461, 3, -1, 0, 120, 0, 120, 8500, 136, 0, 0, 0, 0, 0, 0, 0, 0, 0, 0, 0, 263062, 0, 0, 0, 0, 0, 0, 37289984, 0, 0, 0, 0, 0, 0, 0, 0, 0, 0, 0, 0, 0, 0, 0, 0, 0, 0, 0, 0, 0, 0, 0, 0, 0, 0, 0, 0, 0, 0, 0, 0, 0, 0, 0, 0, 0, 0, 0, 0, 0, 0, 0, 0, 0, 0, 0, 2159, 2156, 0, 0, 0, 0, 0, 0, 0, 0, 7, 7, 7, 7, 7, 7500, 7500, 0, 0, 0, 0, 0, 0, 18446744073709551615, 931, 7, 'Zujothgul', '', '', '', '', 0, 0, 0, 0, 0, 0, 0, 0, '', '', '', '', 890, 878, 29139), -- -0-
(53258, 0, -1, 0, 120, 0, 120, -432, 153, 0, 0, 0, 0, 0, 0, 0, 0, 0, 0, 0, 0, 0, 0, 0, 0, 0, 0, 8, 32768, 0, 0, 0, 0, 0, 0, 0, 0, 0, 0, 0, 0, 0, 0, 0, 0, 0, 0, 0, 0, 0, 0, 0, 0, 0, 0, 0, 0, 0, 0, 0, 0, 0, 0, 0, 0, 0, 0, 0, 0, 0, 0, 0, 0, 0, 0, 2157, 0, 0, 0, 0, 0, 0, 0, 0, 0, 7, 7, 7, 7, 7, 15000, 0, 0, 0, 0, 0, 0, 0, 12261800583900083122, 0, 7, 'Arathi Donations: Straddling Viridium', '', '', '', '', 1553, 0, 0, 0, 500, 0, 0, 0, '', '', '', '', 0, 0, 29139), -- -0-
(51827, 3, -1, 0, 120, 0, 120, 9042, 109, 0, 0, 0, 0, 0, 0, 0, 0, 0, 0, 0, 0, 0, 0, 160739, 0, 0, 0, 38338560, 8192, 0, 0, 0, 0, 0, 0, 0, 0, 0, 0, 0, 0, 0, 0, 160739, 0, 0, 0, 1, 0, 0, 0, 0, 0, 0, 0, 0, 0, 0, 0, 0, 0, 0, 0, 0, 0, 0, 0, 0, 0, 0, 0, 0, 0, 0, 0, 2162, 2157, 0, 0, 0, 0, 0, 0, 0, 0, 7, 7, 7, 7, 7, 7500, 7500, 0, 0, 0, 0, 5890, 0, 12261800583900083122, 550, 7, 'They Came From Behind!', '', '', '', '', 0, 0, 0, 0, 0, 0, 0, 0, '', '', '', '', 890, 878, 29139), -- -0-
(50549, 3, -1, 0, 120, 0, 120, 8500, 109, 0, 0, 0, 0, 0, 0, 0, 0, 0, 0, 0, 263651, 0, 0, 0, 0, 0, 0, 41484288, 8192, 0, 0, 0, 0, 0, 0, 0, 0, 0, 0, 0, 0, 0, 0, 0, 0, 0, 0, 0, 0, 0, 0, 0, 0, 0, 0, 0, 0, 0, 0, 0, 0, 0, 0, 0, 0, 0, 0, 0, 0, 0, 0, 0, 0, 0, 0, 2159, 2156, 0, 0, 0, 0, 0, 0, 0, 0, 7, 7, 7, 7, 7, 7500, 7500, 0, 0, 0, 0, 5688, 0, 12261800583900083122, 545, 7, 'Absolutely Barbaric', '', '', '', '', 0, 0, 0, 0, 0, 0, 0, 0, '', '', '', '', 890, 878, 29139), -- -0-
(51763, 3, -1, 0, 120, 0, 120, 8501, 109, 0, 0, 0, 0, 0, 0, 0, 0, 0, 0, 0, 0, 0, 0, 0, 0, 0, 0, 34144512, 0, 0, 0, 0, 0, 0, 0, 0, 0, 0, 0, 0, 0, 0, 0, 0, 0, 0, 0, 0, 0, 0, 0, 0, 0, 0, 0, 0, 0, 0, 0, 0, 0, 0, 0, 0, 0, 0, 0, 0, 0, 0, 0, 0, 0, 0, 0, 2159, 2158, 0, 0, 0, 0, 0, 0, 0, 0, 7, 7, 7, 7, 7, 7500, 7500, 0, 0, 0, 0, 5381, 0, 12261800583900083122, 547, 7, 'Zem\'lan Rescue', '', '', '', '', 0, 0, 0, 0, 0, 0, 0, 0, '', '', '', '', 890, 878, 29139), -- -0-
(53874, 3, -1, 0, 120, 0, 120, 8567, 109, 0, 0, 0, 1, 0, 0, 1, 0, 0, 0, 0, 0, 0, 0, 0, 0, 1, 0, 34144256, 0, 0, 0, 0, 0, 0, 0, 0, 0, 0, 0, 0, 0, 0, 0, 0, 0, 0, 0, 0, 0, 0, 0, 0, 0, 0, 0, 0, 0, 0, 0, 0, 0, 0, 0, 0, 0, 0, 0, 0, 0, 0, 0, 0, 0, 0, 0, 0, 0, 0, 0, 0, 0, 0, 0, 0, 0, 7, 7, 7, 7, 7, 0, 0, 0, 0, 0, 0, 6069, 0, 12261800583900083122, 1121, 7, 'End Their Vigil', '', '', '', '', 0, 0, 0, 0, 0, 0, 0, 0, '', '', '', '', 890, 878, 29139), -- -0-
(51900, 3, -1, 0, 120, 0, 120, 8501, 109, 0, 0, 0, 0, 0, 0, 0, 0, 0, 0, 0, 0, 0, 0, 0, 0, 0, 0, 34144512, 8192, 0, 0, 0, 0, 0, 0, 0, 0, 0, 0, 0, 0, 0, 0, 0, 0, 0, 0, 0, 0, 0, 0, 0, 0, 0, 0, 0, 0, 0, 0, 0, 0, 0, 0, 0, 0, 0, 0, 0, 0, 0, 0, 0, 0, 0, 0, 2159, 2158, 0, 0, 0, 0, 0, 0, 0, 0, 7, 7, 7, 7, 7, 7500, 7500, 0, 0, 0, 0, 5753, 0, 12261800583900083122, 547, 7, 'Faithless Follow-Through', '', '', '', '', 0, 0, 0, 0, 0, 0, 0, 0, '', '', '', '', 890, 878, 29139), -- -0-
(54789, 3, -1, 0, 120, 0, 120, 10288, 136, 0, 0, 0, 0, 0, 0, 0, 0, 0, 0, 0, 289563, 0, 0, 0, 0, 0, 0, 37290240, 0, 0, 0, 0, 0, 0, 0, 0, 0, 0, 0, 0, 0, 0, 0, 0, 0, 0, 0, 0, 0, 0, 0, 0, 0, 0, 0, 0, 0, 0, 0, 0, 0, 0, 0, 0, 0, 0, 0, 0, 0, 0, 0, 0, 0, 0, 0, 2157, 0, 0, 0, 0, 0, 0, 0, 0, 0, 7, 7, 7, 7, 7, 7500, 0, 0, 0, 0, 0, 0, 0, 12261800583900083122, 1194, 7, 'Cyclarus', '', '', '', '', 1716, 0, 0, 0, 1, 0, 0, 0, '', '', '', '', 890, 878, 29139), -- -0-
(50492, 3, -1, 0, 120, 0, 120, 8500, 135, 0, 0, 0, 0, 0, 0, 0, 0, 0, 0, 0, 0, 0, 0, 0, 0, 0, 0, 34144320, 0, 0, 0, 0, 0, 0, 0, 0, 0, 0, 0, 0, 0, 0, 0, 0, 0, 0, 0, 0, 0, 0, 0, 0, 0, 0, 0, 0, 0, 0, 0, 0, 0, 0, 0, 0, 0, 0, 0, 0, 0, 0, 0, 0, 0, 0, 0, 2159, 2156, 0, 0, 0, 0, 0, 0, 0, 0, 7, 7, 7, 7, 7, 7500, 7500, 0, 0, 0, 0, 0, 0, 18446744073709551615, 903, 7, 'Cursed Chest', '', '', '', '', 0, 0, 0, 0, 0, 0, 0, 0, '', '', '', '', 890, 878, 29139), -- -0-
(51623, 3, -1, 0, 120, 0, 120, 9042, 151, 0, 0, 0, 0, 0, 0, 0, 0, 0, 0, 0, 271185, 0, 0, 0, 0, 0, 0, 7929856, 8192, 0, 0, 0, 0, 0, 0, 0, 0, 0, 0, 0, 0, 0, 0, 0, 0, 0, 0, 0, 0, 0, 0, 0, 0, 0, 0, 0, 0, 0, 0, 0, 0, 0, 0, 0, 0, 0, 0, 0, 0, 0, 0, 0, 0, 0, 0, 2164, 2162, 2157, 0, 0, 0, 0, 0, 0, 0, 7, 7, 7, 7, 7, 12500, 7500, 7500, 0, 0, 0, 6259, 0, 18446744073709551615, 563, 7, 'Azerite Wounds', '', '', '', '', 0, 0, 0, 0, 0, 0, 0, 0, '', '', '', '', 890, 878, 29139), -- -0-
(51495, 3, -1, 0, 120, 0, 120, 8499, 109, 0, 0, 0, 0, 0, 0, 0, 0, 0, 0, 0, 0, 0, 0, 0, 0, 0, 0, 38338560, 8192, 0, 0, 0, 0, 0, 0, 0, 0, 0, 0, 0, 0, 0, 0, 0, 0, 0, 0, 0, 0, 0, 0, 0, 0, 0, 0, 0, 0, 0, 0, 0, 0, 0, 0, 0, 0, 0, 0, 0, 0, 0, 0, 0, 0, 0, 0, 2159, 2103, 0, 0, 0, 0, 0, 0, 0, 0, 7, 7, 7, 7, 7, 7500, 7500, 0, 0, 0, 0, 5243, 0, 12261800583900083122, 546, 7, 'Old Rotana', '', '', '', '', 0, 0, 0, 0, 0, 0, 0, 0, '', '', '', '', 890, 878, 29139), -- -0-
(51612, 3, -1, 0, 120, 0, 120, 8721, 151, 0, 0, 0, 0, 0, 0, 0, 0, 0, 0, 0, 270328, 0, 0, 0, 0, 0, 0, 3735552, 0, 0, 0, 0, 0, 0, 0, 0, 0, 0, 0, 0, 0, 0, 0, 0, 0, 0, 0, 0, 0, 0, 0, 0, 0, 0, 0, 0, 0, 0, 0, 0, 0, 0, 0, 0, 0, 0, 0, 0, 0, 0, 0, 0, 0, 0, 0, 2164, 2161, 2157, 0, 0, 0, 0, 0, 0, 0, 7, 7, 7, 7, 7, 12500, 7500, 7500, 0, 0, 0, 0, 0, 18446744073709551615, 563, 7, 'Azerite Empowerment', '', '', '', '', 0, 0, 0, 0, 0, 0, 0, 0, '', '', '', '', 890, 878, 29139), -- -0-
(45654, 3, -1, 0, 120, 0, 40, 3428, 137, 0, 0, 8, 5, 0, 0, 1, 0, 0, 0, 0, 0, 0, 0, 0, 0, 0, 0, 34144576, 0, 2, 0, 0, 0, 0, 0, 0, 0, 0, 0, 0, 0, 0, 0, 0, 0, 0, 0, 0, 0, 0, 0, 0, 0, 0, 0, 0, 0, 0, 0, 0, 0, 0, 0, 0, 0, 0, 0, 0, 0, 0, 0, 0, 0, 0, 0, 910, 0, 0, 0, 0, 8, 0, 0, 0, 0, 7, 7, 7, 7, 7, 0, 0, 0, 0, 0, 0, 3589, 0, 12261800583900083122, 317, 0, 'Ahn\'Qiraj: C\'thun', '', '', '', '', 0, 0, 0, 0, 0, 0, 0, 0, '', '', '', '', 890, 878, 29139), -- Ahn'Qiraj: C'thun
(52009, 3, -1, 0, 120, 0, 120, 8721, 115, 0, 0, 0, 0, 0, 0, 0, 0, 0, 0, 0, 0, 0, 0, 0, 0, 0, 0, 3735808, 0, 0, 0, 0, 0, 0, 0, 0, 0, 0, 0, 0, 0, 0, 0, 0, 0, 0, 0, 0, 0, 0, 0, 0, 0, 0, 0, 0, 0, 0, 0, 0, 0, 0, 0, 0, 0, 0, 0, 0, 0, 0, 0, 0, 0, 0, 0, 2161, 2157, 0, 0, 0, 0, 0, 0, 0, 0, 7, 7, 7, 7, 7, 7500, 7500, 0, 0, 0, 0, 0, 0, 18446744073709551615, 955, 7, 'Crab People', 'Defeat Grixis Tinypop in a pet battle.', '', '', '', 0, 0, 0, 0, 0, 0, 0, 0, '', '', '', '', 890, 878, 29139), -- -0-
(51636, 3, -1, 0, 120, 0, 120, 8499, 152, 0, 0, 0, 0, 0, 0, 0, 0, 0, 0, 0, 271586, 0, 0, 0, 0, 0, 0, 2184773888, 0, 0, 0, 0, 0, 0, 0, 0, 0, 0, 0, 0, 0, 0, 0, 0, 0, 0, 0, 0, 0, 0, 0, 0, 0, 0, 0, 0, 0, 0, 0, 0, 0, 0, 0, 0, 0, 0, 0, 0, 0, 0, 0, 0, 0, 0, 0, 2163, 2159, 2103, 0, 0, 0, 0, 0, 0, 0, 7, 7, 7, 7, 7, 17500, 7500, 7500, 0, 0, 0, 0, 0, 18446744073709551615, 572, 7, 'Make Loh Go', '', '', '', '', 0, 0, 0, 0, 0, 0, 0, 0, '', '', '', '', 890, 878, 29139), -- -0-
(52958, 2, -1, 0, 120, 0, 120, 8721, 255, 0, 0, 0, 0, 0, 0, 0, 0, 0, 0, 0, 0, 250, 0, 0, 0, 0, 0, 2097160, 0, 0, 0, 0, 0, 0, 0, 164262, 0, 0, 0, 1, 0, 0, 0, 0, 0, 0, 0, 0, 0, 0, 0, 0, 0, 0, 0, 0, 0, 0, 0, 0, 0, 0, 0, 0, 0, 0, 0, 0, 0, 0, 0, 0, 0, 0, 0, 2157, 0, 0, 0, 0, 0, 0, 0, 0, 0, 7, 7, 7, 7, 7, 7500, 7500, 0, 0, 0, 0, 0, 0, 12261800583900083122, 0, 7, 'Call to Arms: Drustvar', 'Slay Alliance within Drustvar.', 'Its time to hit the Alliance at the source. Travel to Drustvar and slay every Alliance you find. It shouldn\'t be hard to find them in their own territory.', '', '', 1602, 0, 0, 0, 5000, 0, 0, 0, '', '', '', '', 890, 878, 29139), -- -0-
(50650, 3, -1, 0, 120, 0, 120, 8500, 109, 0, 0, 0, 0, 0, 0, 0, 0, 0, 0, 0, 264425, 0, 0, 0, 0, 0, 0, 272171008, 0, 0, 0, 0, 0, 0, 0, 0, 0, 0, 0, 0, 0, 0, 0, 0, 0, 0, 0, 0, 0, 0, 0, 0, 0, 0, 0, 0, 0, 0, 0, 0, 0, 0, 0, 0, 0, 0, 0, 0, 0, 0, 0, 0, 0, 0, 0, 2159, 2156, 0, 0, 0, 0, 0, 0, 0, 0, 7, 7, 7, 7, 7, 7500, 7500, 0, 0, 0, 0, 5545, 0, 12261800583900083122, 545, 7, 'Smashing Zalamar', '', '', '', '', 0, 0, 0, 0, 0, 0, 0, 0, '', '', '', '', 890, 878, 29139), -- -0-
(51727, 3, -1, 0, 120, 0, 120, 8721, 109, 0, 0, 0, 0, 0, 0, 0, 0, 0, 0, 0, 0, 0, 0, 0, 0, 0, 0, 38338560, 8192, 0, 0, 0, 0, 0, 0, 0, 0, 0, 0, 0, 0, 0, 0, 0, 0, 0, 0, 0, 0, 0, 0, 0, 0, 0, 0, 0, 0, 0, 0, 0, 0, 0, 0, 0, 0, 0, 0, 0, 0, 0, 0, 0, 0, 0, 0, 2161, 2157, 0, 0, 0, 0, 0, 0, 0, 0, 7, 7, 7, 7, 7, 7500, 7500, 0, 0, 0, 0, 0, 0, 12261800583900083122, 549, 7, 'A Shot at the Dark Iron', '', '', '', '', 0, 0, 0, 0, 0, 0, 0, 0, '', '', '', '', 890, 878, 29139), -- -0-
(51121, 3, -1, 0, 120, 0, 120, 8501, 135, 0, 0, 0, 0, 0, 0, 0, 0, 0, 0, 0, 271112, 0, 0, 0, 0, 0, 0, 37290048, 0, 0, 0, 0, 0, 0, 0, 0, 0, 0, 0, 0, 0, 0, 0, 0, 0, 0, 0, 0, 0, 0, 0, 0, 0, 0, 0, 0, 0, 0, 0, 0, 0, 0, 0, 0, 0, 0, 0, 0, 0, 0, 0, 0, 0, 0, 0, 2159, 2158, 0, 0, 0, 0, 0, 0, 0, 0, 7, 7, 7, 7, 7, 7500, 7500, 0, 0, 0, 0, 0, 0, 18446744073709551615, 869, 7, 'Enraged Krolusk', '', '', '', '', 0, 0, 0, 0, 0, 0, 0, 0, '', '', '', '', 890, 878, 29139), -- -0-
(52832, 3, -1, 0, 120, 0, 120, 8500, 151, 0, 0, 0, 0, 0, 0, 0, 0, 0, 0, 0, 270328, 0, 0, 0, 0, 0, 0, 3735552, 0, 0, 0, 0, 0, 0, 0, 0, 0, 0, 0, 0, 0, 0, 0, 0, 0, 0, 0, 0, 0, 0, 0, 0, 0, 0, 0, 0, 0, 0, 0, 0, 0, 0, 0, 0, 0, 0, 0, 0, 0, 0, 0, 0, 0, 0, 0, 2164, 2159, 2156, 0, 0, 0, 0, 0, 0, 0, 7, 7, 7, 7, 7, 12500, 7500, 7500, 0, 0, 0, 0, 0, 18446744073709551615, 563, 7, 'Azerite Empowerment', '', '', '', '', 0, 0, 0, 0, 0, 0, 0, 0, '', '', '', '', 890, 878, 29139), -- -0-
(52446, 3, -1, 0, 120, 0, 120, 9042, 135, 0, 0, 0, 0, 0, 0, 0, 0, 0, 0, 0, 0, 0, 0, 0, 0, 0, 0, 41484352, 8192, 0, 0, 0, 0, 0, 0, 0, 0, 0, 0, 0, 0, 0, 0, 0, 0, 0, 0, 0, 0, 0, 0, 0, 0, 0, 0, 0, 0, 0, 0, 0, 0, 0, 0, 0, 0, 0, 0, 0, 0, 0, 0, 0, 0, 0, 0, 2162, 2157, 0, 0, 0, 0, 0, 0, 0, 0, 7, 7, 7, 7, 7, 7500, 7500, 0, 0, 0, 0, 0, 0, 18446744073709551615, 1074, 7, 'Sister Absinthe', '', '', '', '', 0, 0, 0, 0, 0, 0, 0, 0, '', '', '', '', 890, 878, 29139), -- -0-
(51662, 3, -1, 0, 120, 0, 120, 8567, 135, 0, 0, 0, 0, 0, 0, 0, 0, 0, 0, 0, 0, 0, 0, 0, 0, 0, 0, 38338624, 8192, 0, 0, 0, 0, 0, 0, 0, 0, 0, 0, 0, 0, 0, 0, 0, 0, 0, 0, 0, 0, 0, 0, 0, 0, 0, 0, 0, 0, 0, 0, 0, 0, 0, 0, 0, 0, 0, 0, 0, 0, 0, 0, 0, 0, 0, 0, 2160, 2157, 0, 0, 0, 0, 0, 0, 0, 0, 7, 7, 7, 7, 7, 7500, 7500, 0, 0, 0, 0, 0, 0, 18446744073709551615, 1030, 7, 'Foxhollow Skyterror', '', '', '', '', 0, 0, 0, 0, 0, 0, 0, 0, '', '', '', '', 890, 878, 29139), -- -0-
(48620, 2, -1, 0, 110, 0, 110, 9300, 0, 0, 0, 0, 1, 0, 5, 1, 0, 0, 0, 0, 0, 0, 0, 0, 0, 1, 0, 33555200, 0, 0, 0, 0, 0, 0, 0, 0, 0, 0, 0, 0, 0, 0, 0, 0, 0, 0, 0, 0, 0, 0, 0, 0, 0, 0, 0, 0, 0, 0, 0, 0, 0, 0, 0, 0, 0, 0, 0, 0, 0, 0, 0, 0, 0, 0, 0, 0, 0, 0, 0, 0, 0, 0, 0, 0, 0, 7, 7, 7, 7, 7, 0, 0, 0, 0, 0, 0, 0, 0, 18446744073709551615, 0, 6, 'Greater Invasion Point: Mistress Alluradel', '', '', '', '', 0, 0, 0, 0, 0, 0, 0, 0, '', '', '', '', 890, 878, 29139), -- -0-
(49809, 3, -1, 0, 120, 0, 120, 9028, 137, 0, 0, 0, 0, 0, 0, 0, 0, 0, 0, 0, 0, 0, 0, 0, 0, 0, 0, 35192832, 0, 2, 0, 0, 0, 0, 0, 0, 0, 0, 0, 0, 0, 0, 0, 0, 0, 0, 0, 0, 0, 0, 0, 0, 0, 0, 0, 0, 0, 0, 0, 0, 0, 0, 0, 0, 0, 0, 0, 0, 0, 0, 0, 0, 0, 0, 0, 2159, 2103, 0, 0, 0, 0, 0, 0, 0, 0, 7, 7, 7, 7, 7, 7500, 7500, 0, 0, 0, 0, 6091, 0, 18446744073709551615, 589, 7, 'Atal\'Dazar: From the Shadows', '', '', '', '', 0, 0, 0, 0, 0, 0, 0, 0, '', '', '', '', 890, 878, 29139), -- -0-
(50511, 3, -1, 0, 120, 0, 120, 8500, 135, 0, 0, 0, 0, 0, 0, 0, 0, 0, 0, 0, 0, 0, 0, 0, 0, 0, 0, 34144320, 0, 0, 0, 0, 0, 0, 0, 0, 0, 0, 0, 0, 0, 0, 0, 0, 0, 0, 0, 0, 0, 0, 0, 0, 0, 0, 0, 0, 0, 0, 0, 0, 0, 0, 0, 0, 0, 0, 0, 0, 0, 0, 0, 0, 0, 0, 0, 2159, 2156, 0, 0, 0, 0, 0, 0, 0, 0, 7, 7, 7, 7, 7, 7500, 7500, 0, 0, 0, 0, 0, 0, 18446744073709551615, 885, 7, 'Bajiatha', '', '', '', '', 0, 0, 0, 0, 0, 0, 0, 0, '', '', '', '', 890, 878, 29139), -- -0-
(52968, 3, -1, 0, 120, 0, 120, 9042, 109, 0, 0, 0, 0, 0, 0, 0, 0, 0, 0, 0, 0, 0, 0, 0, 0, 0, 0, 34144256, 0, 0, 0, 0, 0, 0, 0, 0, 0, 0, 0, 0, 0, 0, 0, 0, 0, 0, 0, 0, 0, 0, 0, 0, 0, 0, 0, 0, 0, 0, 0, 0, 0, 0, 0, 0, 0, 0, 0, 0, 0, 0, 0, 0, 0, 0, 0, 2162, 2157, 0, 0, 0, 0, 0, 0, 0, 0, 7, 7, 7, 7, 7, 7500, 7500, 0, 0, 0, 0, 6109, 0, 12261800583900083122, 550, 7, 'Time for a Little Blood', '', '', '', '', 0, 0, 0, 0, 0, 0, 0, 0, '', '', '', '', 890, 878, 29139), -- -0-
(51491, 3, -1, 0, 120, 0, 120, 8721, 135, 0, 0, 0, 0, 0, 0, 0, 0, 0, 0, 0, 0, 0, 0, 0, 0, 0, 0, 34144320, 0, 0, 0, 0, 0, 0, 0, 0, 0, 0, 0, 0, 0, 0, 0, 0, 0, 0, 0, 0, 0, 0, 0, 0, 0, 0, 0, 0, 0, 0, 0, 0, 0, 0, 0, 0, 0, 0, 0, 0, 0, 0, 0, 0, 0, 0, 0, 2161, 2157, 0, 0, 0, 0, 0, 0, 0, 0, 7, 7, 7, 7, 7, 7500, 7500, 0, 0, 0, 0, 0, 0, 18446744073709551615, 1002, 7, 'Balethorn', '', '', '', '', 0, 0, 0, 0, 0, 0, 0, 0, '', '', '', '', 890, 878, 29139), -- -0-
(50869, 3, -1, 0, 120, 0, 120, 8499, 135, 0, 0, 0, 0, 0, 0, 0, 0, 0, 0, 0, 270263, 0, 0, 0, 0, 0, 0, 37290048, 0, 0, 0, 0, 0, 0, 0, 0, 0, 0, 0, 0, 0, 0, 0, 0, 0, 0, 0, 0, 0, 0, 0, 0, 0, 0, 0, 0, 0, 0, 0, 0, 0, 0, 0, 0, 0, 0, 0, 0, 0, 0, 0, 0, 0, 0, 0, 2159, 2103, 0, 0, 0, 0, 0, 0, 0, 0, 7, 7, 7, 7, 7, 7500, 7500, 0, 0, 0, 0, 0, 0, 18446744073709551615, 901, 7, 'Kiboku', '', '', '', '', 0, 0, 0, 0, 0, 0, 0, 0, '', '', '', '', 890, 878, 29139), -- -0-
(50689, 3, -1, 0, 120, 0, 120, 8500, 109, 0, 0, 0, 0, 0, 0, 0, 0, 0, 0, 0, 264824, 0, 0, 0, 0, 0, 0, 272171264, 0, 0, 0, 0, 0, 0, 0, 0, 0, 0, 0, 0, 0, 0, 0, 0, 0, 0, 0, 0, 0, 0, 0, 0, 0, 0, 0, 0, 0, 0, 0, 0, 0, 0, 0, 0, 0, 0, 0, 0, 0, 0, 0, 0, 0, 0, 0, 2159, 2156, 0, 0, 0, 0, 0, 0, 0, 0, 7, 7, 7, 7, 7, 7500, 7500, 0, 0, 0, 0, 5603, 0, 12261800583900083122, 545, 7, 'It\'s the Pits', '', '', '', '', 0, 0, 0, 0, 0, 0, 0, 0, '', '', '', '', 890, 878, 29139), -- -0-
(54531, 3, -1, 0, 120, 0, 120, 10288, 109, 0, 0, 0, 0, 0, 0, 0, 0, 0, 0, 0, 0, 0, 0, 0, 0, 0, 0, 34144512, 0, 0, 0, 0, 0, 0, 0, 0, 0, 0, 0, 0, 0, 0, 0, 0, 0, 0, 0, 0, 0, 0, 0, 0, 0, 0, 0, 0, 0, 0, 0, 0, 0, 0, 0, 0, 0, 0, 0, 0, 0, 0, 0, 0, 0, 0, 0, 2157, 0, 0, 0, 0, 0, 0, 0, 0, 0, 7, 7, 7, 7, 7, 7500, 0, 0, 0, 0, 0, 6325, 0, 12261800583900083122, 1192, 7, 'Anything We Can Salvage', '', '', '', '', 1716, 0, 0, 0, 1, 0, 0, 0, '', '', '', '', 890, 878, 29139), -- -0-
(51044, 3, -1, 0, 120, 0, 120, 8499, 109, 0, 0, 0, 0, 0, 0, 0, 0, 0, 0, 0, 0, 0, 0, 0, 0, 0, 0, 524608, 0, 2, 0, 0, 0, 0, 0, 0, 0, 0, 0, 0, 0, 0, 0, 0, 0, 0, 0, 0, 0, 0, 0, 0, 0, 0, 0, 0, 0, 0, 0, 0, 0, 0, 0, 0, 0, 0, 0, 0, 0, 0, 0, 0, 0, 0, 0, 2157, 0, 0, 0, 0, 0, 0, 0, 0, 0, 7, 7, 7, 7, 7, 7500, 7500, 0, 0, 0, 0, 5420, 0, 12261800583900083122, 587, 7, 'Supplies Needed: Blood-Stained Bone', '', '', '', '', 0, 0, 0, 0, 0, 0, 0, 0, '', '', '', '', 890, 878, 29139); -- -0-

UPDATE `quest_template` SET `VerifiedBuild`=29139 WHERE `ID`=51465; -- -0-
UPDATE `quest_template` SET `VerifiedBuild`=29139 WHERE `ID`=53209; -- -0-
UPDATE `quest_template` SET `RewardFactionValue1`=7, `RewardFactionValue2`=7, `VerifiedBuild`=29139 WHERE `ID`=44287; -- DEADLY: Withered J'im
UPDATE `quest_template` SET `RewardFactionValue1`=4, `VerifiedBuild`=29139 WHERE `ID`=41926; -- Returning Champion
UPDATE `quest_template` SET `VerifiedBuild`=29139 WHERE `ID`=52163; -- -0-
UPDATE `quest_template` SET `VerifiedBuild`=29139 WHERE `ID`=51316; -- -0-
UPDATE `quest_template` SET `VerifiedBuild`=29139 WHERE `ID`=43244; -- Invasion: Tanaris
UPDATE `quest_template` SET `FlagsEx2`=2, `RewardFactionValue1`=7, `VerifiedBuild`=29139 WHERE `ID`=42742; -- Darkheart Thicket: Rage Rot
UPDATE `quest_template` SET `VerifiedBuild`=29139 WHERE `ID`=43293; -- Defend
UPDATE `quest_template` SET `RewardFactionValue1`=4, `VerifiedBuild`=29139 WHERE `ID`=41127; -- Gunksnout Infestation
UPDATE `quest_template` SET `VerifiedBuild`=29139 WHERE `ID`=40279; -- Training with Durian
UPDATE `quest_template` SET `VerifiedBuild`=29139 WHERE `ID`=43300; -- Repel
UPDATE `quest_template` SET `VerifiedBuild`=29139 WHERE `ID`=43477; -- Experimental Potion: Test Subjects Needed
UPDATE `quest_template` SET `RewardFactionValue1`=6, `RewardFactionValue2`=6, `VerifiedBuild`=29139 WHERE `ID`=48827; -- -0-
UPDATE `quest_template` SET `RewardXPDifficulty`=0, `RewardFactionValue1`=5, `RewardFactionValue2`=5, `Expansion`=6, `VerifiedBuild`=29139 WHERE `ID`=43628; -- WANTED: Urgev the Flayer
UPDATE `quest_template` SET `VerifiedBuild`=29139 WHERE `ID`=46502; -- Tomb of Sargeras: Hand of the Legion
UPDATE `quest_template` SET `RewardFactionValue1`=4, `VerifiedBuild`=29139 WHERE `ID`=41956; -- Petrified Acolytes
UPDATE `quest_template` SET `RewardFactionValue1`=4, `VerifiedBuild`=29139 WHERE `ID`=43786; -- Pesty Nests
UPDATE `quest_template` SET `VerifiedBuild`=29139 WHERE `ID`=52864; -- -0-
UPDATE `quest_template` SET `RewardFactionValue1`=6, `RewardFactionValue2`=6, `VerifiedBuild`=29139 WHERE `ID`=44118; -- DANGER: Auditor Esiel
UPDATE `quest_template` SET `RewardFactionValue1`=4, `VerifiedBuild`=29139 WHERE `ID`=41936; -- You Have Been Challenged
UPDATE `quest_template` SET `RewardFactionValue1`=6, `VerifiedBuild`=29139 WHERE `ID`=44769; -- Arming the Populace
UPDATE `quest_template` SET `Flags`=37289984, `VerifiedBuild`=29139 WHERE `ID`=50850; -- -0-
UPDATE `quest_template` SET `RewardFactionValue1`=4, `VerifiedBuild`=29139 WHERE `ID`=41227; -- Warden Tower Assault: Cordana's Apex
UPDATE `quest_template` SET `VerifiedBuild`=29139 WHERE `ID`=40787; -- The Smoldering Ember
UPDATE `quest_template` SET `RewardFactionValue1`=4, `VerifiedBuild`=29139 WHERE `ID`=41316; -- Supplies Needed: Leystone
UPDATE `quest_template` SET `VerifiedBuild`=29139 WHERE `ID`=49091; -- -0-
UPDATE `quest_template` SET `RewardFactionValue1`=6, `VerifiedBuild`=29139 WHERE `ID`=44816; -- Continued Exposure
UPDATE `quest_template` SET `VerifiedBuild`=29139 WHERE `ID`=50529; -- -0-
UPDATE `quest_template` SET `RewardFactionValue1`=4, `VerifiedBuild`=29139 WHERE `ID`=48952; -- -0-
UPDATE `quest_template` SET `MaxScalingLevel`=120, `AllowableRaces`=12261800583900083122, `VerifiedBuild`=29139 WHERE `ID`=45656; -- Lesser Wind Stones
UPDATE `quest_template` SET `VerifiedBuild`=29139 WHERE `ID`=43299; -- Demon Commander
UPDATE `quest_template` SET `MaxScalingLevel`=120, `MinLevel`=40, `FlagsEx2`=2, `AllowableRaces`=12261800583900083122, `VerifiedBuild`=29139 WHERE `ID`=45651; -- The Ruins of Ahn'Qiraj: Ossirian
UPDATE `quest_template` SET `RewardFactionValue1`=4, `VerifiedBuild`=29139 WHERE `ID`=44002; -- Undersea Survey
UPDATE `quest_template` SET `RewardHonor`=50, `RewardFactionValue1`=4, `VerifiedBuild`=29139 WHERE `ID`=41896; -- Operation Murloc Freedom
UPDATE `quest_template` SET `VerifiedBuild`=29139 WHERE `ID`=51768; -- -0-
UPDATE `quest_template` SET `QuestLevel`=71, `MaxScalingLevel`=255, `MinLevel`=71, `RewardMoney`=47000, `RewardBonusMoney`=720, `VerifiedBuild`=29139 WHERE `ID`=40168; -- The Swirling Vial
UPDATE `quest_template` SET `VerifiedBuild`=29139 WHERE `ID`=41687; -- Snail Fight!
UPDATE `quest_template` SET `RewardFactionValue1`=4, `VerifiedBuild`=29139 WHERE `ID`=43598; -- Warden Tower Assault: Blackhawk's Bulwark
UPDATE `quest_template` SET `Flags`=38338560, `VerifiedBuild`=29139 WHERE `ID`=51613; -- -0-
UPDATE `quest_template` SET `RewardFactionValue1`=6, `RewardFactionValue2`=6, `VerifiedBuild`=29139 WHERE `ID`=44049; -- Evil Has Many Legs
UPDATE `quest_template` SET `VerifiedBuild`=29139 WHERE `ID`=45563; -- The Shrouded Coin
UPDATE `quest_template` SET `RewardFactionValue1`=4, `VerifiedBuild`=29139 WHERE `ID`=48931; -- -0-
UPDATE `quest_template` SET `RewardFactionValue1`=4, `VerifiedBuild`=29139 WHERE `ID`=42101; -- Language of the Lost
UPDATE `quest_template` SET `VerifiedBuild`=29139 WHERE `ID`=51122; -- -0-
UPDATE `quest_template` SET `RewardFactionValue1`=5, `RewardFactionValue2`=5, `VerifiedBuild`=29139 WHERE `ID`=44894; -- Bloodgazer Swarm!
UPDATE `quest_template` SET `VerifiedBuild`=29139 WHERE `ID`=42063; -- Size Doesn't Matter
UPDATE `quest_template` SET `RewardFactionValue1`=5, `RewardFactionValue2`=5, `VerifiedBuild`=29139 WHERE `ID`=44893; -- Direbeak Swarm!
UPDATE `quest_template` SET `VerifiedBuild`=29139 WHERE `ID`=43292; -- Repel
UPDATE `quest_template` SET `VerifiedBuild`=29139 WHERE `ID`=52889; -- -0-
UPDATE `quest_template` SET `QuestLevel`=81, `MaxScalingLevel`=255, `RewardMoney`=78000, `RewardBonusMoney`=1700, `VerifiedBuild`=29139 WHERE `ID`=50316; -- -0-
UPDATE `quest_template` SET `VerifiedBuild`=29139 WHERE `ID`=43284; -- Invasion: Dun Morogh
UPDATE `quest_template` SET `VerifiedBuild`=29139 WHERE `ID`=43294; -- Repel
UPDATE `quest_template` SET `VerifiedBuild`=29139 WHERE `ID`=49098; -- -0-
UPDATE `quest_template` SET `VerifiedBuild`=29139 WHERE `ID`=43301; -- Invasion: Azshara
UPDATE `quest_template` SET `RewardFactionValue1`=3, `RewardFactionValue2`=4, `RewardFactionOverride1`=0, `RewardFactionOverride2`=0, `VerifiedBuild`=29139 WHERE `ID`=43766; -- The Magic of Flight
UPDATE `quest_template` SET `MaxScalingLevel`=120, `RewardFactionOverride1`=0, `AllowableRaces`=12261800583900083122, `VerifiedBuild`=29139 WHERE `ID`=45657; -- Silithyst
UPDATE `quest_template` SET `RewardXPDifficulty`=0, `RewardXPMultiplier`=0, `RewardFactionValue1`=4, `RewardFactionValue2`=4, `Expansion`=6, `VerifiedBuild`=29139 WHERE `ID`=41818; -- WANTED: Majestic Elderhorn
UPDATE `quest_template` SET `QuestLevel`=71, `MaxScalingLevel`=255, `MinLevel`=71, `RewardMoney`=47000, `RewardBonusMoney`=720, `VerifiedBuild`=29139 WHERE `ID`=47523; -- Disturbance Detected: Black Temple
UPDATE `quest_template` SET `RewardFactionValue1`=4, `VerifiedBuild`=29139 WHERE `ID`=44847; -- Straight From the Source
UPDATE `quest_template` SET `RewardFactionValue1`=4, `VerifiedBuild`=29139 WHERE `ID`=42022; -- The Broken Academy
UPDATE `quest_template` SET `VerifiedBuild`=29139 WHERE `ID`=48982; -- -0-
UPDATE `quest_template` SET `VerifiedBuild`=29139 WHERE `ID`=43283; -- Demon Commander
UPDATE `quest_template` SET `VerifiedBuild`=29139 WHERE `ID`=51501; -- -0-
UPDATE `quest_template` SET `RewardXPDifficulty`=0, `RewardXPMultiplier`=0, `RewardFactionValue1`=4, `RewardFactionValue2`=4, `Expansion`=6, `VerifiedBuild`=29139 WHERE `ID`=43437; -- WANTED: Thane Irglov
UPDATE `quest_template` SET `RewardFactionValue1`=4, `VerifiedBuild`=29139 WHERE `ID`=41949; -- The Drekirjar Return
UPDATE `quest_template` SET `VerifiedBuild`=29139 WHERE `ID`=40786; -- The Smoldering Ember
UPDATE `quest_template` SET `RewardFactionValue1`=5, `RewardFactionValue2`=5, `VerifiedBuild`=29139 WHERE `ID`=44024; -- WANTED: Shal'an
UPDATE `quest_template` SET `VerifiedBuild`=29139 WHERE `ID`=43291; -- Defend
UPDATE `quest_template` SET `RewardFactionValue1`=4, `VerifiedBuild`=29139 WHERE `ID`=43738; -- Coastal Gloom
UPDATE `quest_template` SET `RewardFactionValue1`=4, `VerifiedBuild`=29139 WHERE `ID`=42077; -- Waking Nightmares
UPDATE `quest_template` SET `RewardFactionValue1`=4, `VerifiedBuild`=29139 WHERE `ID`=42150; -- Kal'delar Naga Incursion
UPDATE `quest_template` SET `VerifiedBuild`=29139 WHERE `ID`=43298; -- Defend
UPDATE `quest_template` SET `Flags`=37289984, `VerifiedBuild`=29139 WHERE `ID`=51905; -- -0-
UPDATE `quest_template` SET `RewardFactionValue1`=4, `VerifiedBuild`=29139 WHERE `ID`=43752; -- Oh, Ship!
UPDATE `quest_template` SET `RewardFactionValue1`=4, `VerifiedBuild`=29139 WHERE `ID`=43247; -- Warden Tower Assault: Darkfollow's Spire
UPDATE `quest_template` SET `RewardFactionValue1`=6, `RewardFactionValue2`=6, `VerifiedBuild`=29139 WHERE `ID`=48866; -- -0-
UPDATE `quest_template` SET `RewardFactionValue1`=4, `VerifiedBuild`=29139 WHERE `ID`=42211; -- Leodrath's Kin
UPDATE `quest_template` SET `VerifiedBuild`=29139 WHERE `ID`=50574; -- -0-
UPDATE `quest_template` SET `RewardFactionValue1`=4, `VerifiedBuild`=29139 WHERE `ID`=41145; -- Water of Life
UPDATE `quest_template` SET `VerifiedBuild`=29139 WHERE `ID`=52875; -- -0-
UPDATE `quest_template` SET `RewardFactionValue1`=6, `RewardFactionValue2`=6, `VerifiedBuild`=29139 WHERE `ID`=48828; -- -0-
UPDATE `quest_template` SET `RewardFactionValue1`=4, `VerifiedBuild`=29139 WHERE `ID`=41622; -- Crawliac's Legacy
UPDATE `quest_template` SET `RewardBonusMoney`=230, `RewardSpell`=207606, `VerifiedBuild`=29139 WHERE `ID`=41183; -- Academic Exploration
UPDATE `quest_template` SET `RewardFactionValue1`=6, `RewardFactionValue2`=6, `VerifiedBuild`=29139 WHERE `ID`=48837; -- -0-
UPDATE `quest_template` SET `VerifiedBuild`=29139 WHERE `ID`=51586; -- -0-
UPDATE `quest_template` SET `RewardFactionValue1`=4, `RewardFactionValue2`=4, `VerifiedBuild`=29139 WHERE `ID`=42620; -- WANTED: Arcavellus
UPDATE `quest_template` SET `RewardXPDifficulty`=0, `RewardFactionValue1`=6, `RewardFactionValue2`=6, `Expansion`=6, `VerifiedBuild`=29139 WHERE `ID`=43091; -- DANGER: Arcanor Prime
UPDATE `quest_template` SET `RewardFactionValue1`=6, `VerifiedBuild`=29139 WHERE `ID`=43722; -- Sacred Bones
UPDATE `quest_template` SET `VerifiedBuild`=29139 WHERE `ID`=43243; -- Demon Commander
UPDATE `quest_template` SET `VerifiedBuild`=29139 WHERE `ID`=51630; -- -0-
UPDATE `quest_template` SET `VerifiedBuild`=29139 WHERE `ID`=52858; -- -0-
UPDATE `quest_template` SET `RewardFactionValue1`=4, `VerifiedBuild`=29139 WHERE `ID`=48783; -- -0-
UPDATE `quest_template` SET `RewardXPDifficulty`=0, `RewardXPMultiplier`=0, `RewardFactionValue1`=4, `Expansion`=6, `VerifiedBuild`=29139 WHERE `ID`=40896; -- Threnody of Chieftains
UPDATE `quest_template` SET `LogTitle`='Arathi Donations: War Resources', `VerifiedBuild`=29139 WHERE `ID`=53335; -- -0-
UPDATE `quest_template` SET `RewardFactionValue2`=4, `VerifiedBuild`=29139 WHERE `ID`=43755; -- The Magic of Flight

DELETE FROM `quest_objectives` WHERE `ID` IN (386940 /*386940*/, 339943 /*339943*/, 335943 /*335943*/, 338950 /*338950*/, 341824 /*341824*/, 336546 /*336546*/, 388281 /*388281*/, 341810 /*341810*/, 336570 /*336570*/, 334124 /*334124*/, 334376 /*334376*/, 341299 /*341299*/, 339867 /*339867*/, 339860 /*339860*/, 339859 /*339859*/, 339858 /*339858*/, 339734 /*339734*/, 388282 /*388282*/, 335104 /*335104*/, 336665 /*336665*/, 387280 /*387280*/, 387279 /*387279*/, 387278 /*387278*/, 312629 /*312629*/, 341009 /*341009*/, 337300 /*337300*/, 337299 /*337299*/, 337298 /*337298*/, 333066 /*333066*/, 333064 /*333064*/, 333063 /*333063*/, 337147 /*337147*/, 337078 /*337078*/, 352912 /*352912*/, 352904 /*352904*/, 337532 /*337532*/, 337531 /*337531*/, 337491 /*337491*/, 337490 /*337490*/, 337489 /*337489*/, 337488 /*337488*/, 337487 /*337487*/, 337486 /*337486*/, 388228 /*388228*/, 332868 /*332868*/, 336541 /*336541*/, 336001 /*336001*/, 336000 /*336000*/, 335999 /*335999*/, 335998 /*335998*/, 335997 /*335997*/, 336462 /*336462*/, 288300 /*288300*/, 337769 /*337769*/, 341840 /*341840*/, 336566 /*336566*/, 340395 /*340395*/, 334420 /*334420*/, 333463 /*333463*/, 333451 /*333451*/, 333450 /*333450*/, 333449 /*333449*/, 341724 /*341724*/, 336948 /*336948*/, 334793 /*334793*/, 340045 /*340045*/, 338988 /*338988*/, 336650 /*336650*/, 295359 /*295359*/, 295358 /*295358*/, 332913 /*332913*/, 340423 /*340423*/, 340422 /*340422*/, 335978 /*335978*/, 334131 /*334131*/, 333544 /*333544*/, 333543 /*333543*/, 387507 /*387507*/, 334582 /*334582*/);
INSERT INTO `quest_objectives` (`ID`, `QuestID`, `Type`, `Order`, `StorageIndex`, `ObjectID`, `Amount`, `Flags`, `Flags2`, `ProgressBarWeight`, `Description`, `VerifiedBuild`) VALUES
(386940, 54042, 0, 0, 0, 147922, 1, 0, 0, 0, 'Speak with Dread-Admiral Tattersail to Travel to Darkshore', 29139), -- 386940
(339943, 52799, 11, 0, 0, 141799, 1, 0, 0, 0, 'Defeat Grady Prett', 29139), -- 339943
(335943, 51466, 0, 0, 0, 137529, 1, 0, 0, 0, '', 29139), -- 335943
(338950, 52430, 11, 0, 0, 141077, 1, 0, 0, 0, 'Defeat Kwint', 29139), -- 338950
(341824, 51626, 0, 1, 2, 137973, 1, 2, 0, 0, 'Complete Collector Kojo\'s Shell Game', 29139), -- 341824
(336546, 51626, 0, 0, 0, 144350, 1, 0, 0, 0, 'Speak to Collector Kojo', 29139), -- 336546
(388281, 54804, 0, 0, 0, 147744, 1, 1, 0, 0, '', 29139), -- 388281
(341810, 51638, 0, 1, 2, 138330, 12, 2, 0, 0, 'Help the Juvenile Turtles Reach the Ocean', 29139), -- 341810
(336570, 51638, 0, 0, 0, 144356, 1, 0, 0, 0, 'Speak to Scrollsage Nola', 29139), -- 336570
(334124, 50861, 0, 0, 0, 127939, 1, 0, 0, 0, '', 29139), -- 334124
(334376, 50964, 0, 0, 2, 136017, 4, 0, 0, 0, 'Loa champions defeated', 29139), -- 334376
(341299, 53367, 1, 0, 0, 153487, 3, 0, 0, 0, '', 29139), -- 341299
(339867, 52760, 0, 4, 0, 141646, 10, 0, 0, 0, 'Ship crew slain', 29139), -- 339867
(339860, 52760, 0, 3, 3, 141748, 1, 1, 0, 0, '', 29139), -- 339860
(339859, 52760, 0, 2, 2, 141731, 1, 1, 0, 0, '', 29139), -- 339859
(339858, 52760, 0, 1, 1, 141747, 1, 3, 0, 0, '', 29139), -- 339858
(339734, 52760, 3, 0, 4, 141578, 1, 1, 0, 0, 'Speak with Eaglemaster Dawnhorn', 29139), -- 339734
(388282, 54805, 0, 0, 0, 149665, 1, 1, 0, 0, '', 29139), -- 388282
(335104, 51198, 0, 0, 0, 136770, 10, 0, 0, 0, 'Fertilizer', 29139), -- 335104
(336665, 51670, 0, 0, 0, 134106, 1, 0, 0, 0, '', 29139), -- 336665
(387280, 54496, 2, 2, 2, 312291, 4, 0, 0, 0, 'Gilnean boats scuttled', 29139), -- 387280
(387279, 54496, 2, 1, 1, 312218, 10, 0, 0, 0, 'Worgen Explosives defused', 29139), -- 387279
(387278, 54496, 0, 0, 0, 148084, 10, 0, 0, 0, 'Gilnean invaders slain', 29139), -- 387278
(312629, 50461, 0, 0, 0, 128578, 1, 1, 0, 0, '', 29139), -- 312629
(341009, 53258, 1, 0, 0, 153715, 15, 0, 0, 0, '', 29139), -- 341009
(337300, 51827, 0, 2, 3, 139149, 1, 1, 0, 0, '', 29139), -- 337300
(337299, 51827, 0, 1, 2, 139085, 5, 0, 0, 0, '7th Legion Bomber shot down', 29139), -- 337299
(337298, 51827, 0, 0, 1, 139087, 10, 0, 0, 0, '7th Legion Forces slain', 29139), -- 337298
(333066, 50549, 0, 2, 2, 134259, 17, 92, 0, 6, '', 29139), -- 333066
(333064, 50549, 0, 1, 0, 134244, 25, 92, 0, 4, 'Zal\'amak Trolls slain', 29139), -- 333064
(333063, 50549, 15, 0, -1, 0, 1, 0, 0, 0, 'Zal\'amak razed', 29139), -- 333063
(337147, 51763, 0, 1, 0, 139050, 10, 0, 0, 0, 'Zem\'lan pirate slain', 29139), -- 337147
(337078, 51763, 0, 0, 2, 138974, 4, 0, 0, 0, 'Prisoner freed', 29139), -- 337078
(352912, 53874, 2, 1, 0, 307674, 5, 0, 0, 0, '', 29139), -- 352912
(352904, 53874, 0, 0, 5, 130695, 15, 0, 0, 0, '', 29139), -- 352904
(337532, 51900, 2, 7, 0, 281667, 20, 92, 0, 5, 'Supplies Destroyed (Tall)', 29139), -- 337532
(337531, 51900, 2, 6, 5, 281664, 20, 92, 0, 5, 'Supplies Destroy (Round)', 29139), -- 337531
(337491, 51900, 2, 5, 4, 281656, 20, 92, 0, 5, 'Banner Destroy', 29139), -- 337491
(337490, 51900, 2, 4, 3, 281643, 20, 92, 0, 5, 'Cannon Destroy', 29139), -- 337490
(337489, 51900, 0, 3, 6, 139324, 7, 92, 0, 15, 'Sethrak Boss Kill', 29139), -- 337489
(337488, 51900, 0, 2, 2, 139323, 10, 92, 0, 10, 'Sethrak Lieutenant', 29139), -- 337488
(337487, 51900, 0, 1, 1, 139318, 20, 92, 0, 5, 'Sethrak Normal Kill', 29139), -- 337487
(337486, 51900, 15, 0, -1, 0, 1, 0, 0, 0, 'Faithless army disrupted', 29139), -- 337486
(388228, 54789, 0, 0, 0, 147241, 1, 1, 0, 0, '', 29139), -- 388228
(332868, 50492, 0, 0, 0, 125232, 1, 0, 0, 0, '', 29139), -- 332868
(336541, 51623, 0, 0, 0, 136306, 5, 0, 0, 0, 'Azeroth wounds healed', 29139), -- 336541
(336001, 51495, 0, 4, 3, 121810, 200, 92, 0, 0.5, '', 29139), -- 336001
(336000, 51495, 0, 3, 2, 121744, 100, 92, 0, 1, '', 29139), -- 336000
(335999, 51495, 0, 2, 1, 128587, 10, 92, 0, 10, '', 29139), -- 335999
(335998, 51495, 15, 1, -1, 0, 1, 2, 0, 0, 'Blood troll forces destroyed', 29139), -- 335998
(335997, 51495, 0, 0, 0, 137852, 1, 0, 0, 0, 'Ride Old Rotana', 29139), -- 335997
(336462, 51612, 0, 0, 0, 138295, 1, 0, 0, 0, '', 29139), -- 336462
(288300, 45654, 0, 0, 2, 15727, 1, 0, 0, 0, '', 29139), -- 288300
(337769, 52009, 11, 0, 0, 139489, 1, 0, 0, 0, 'Defeat Captain Hermes', 29139), -- 337769
(341840, 51636, 0, 1, 2, 138037, 1, 2, 0, 0, 'Guide Loh to the Goal', 29139), -- 341840
(336566, 51636, 0, 0, 0, 144362, 1, 0, 0, 0, 'Speak to Toki', 29139), -- 336566
(340395, 52958, 14, 0, 0, 78685, 1, 0, 0, 0, 'Slay Alliance Players', 29139), -- 340395
(334420, 50650, 0, 4, 3, 128071, 34, 92, 0, 3, '', 29139), -- 334420
(333463, 50650, 2, 3, 2, 281835, 10, 92, 0, 10, '', 29139), -- 333463
(333451, 50650, 0, 2, 1, 127176, 100, 92, 0, 1, '', 29139), -- 333451
(333450, 50650, 0, 1, 0, 127142, 34, 92, 0, 3, '', 29139), -- 333450
(333449, 50650, 15, 0, -1, 0, 1, 0, 0, 0, 'Zalamar Disrupted', 29139), -- 333449
(341724, 51727, 0, 1, 1, 138765, 1, 1, 0, 0, '', 29139), -- 341724
(336948, 51727, 0, 0, 0, 138768, 2, 1, 0, 0, '', 29139), -- 336948
(334793, 51121, 0, 0, 0, 136335, 1, 1, 0, 0, '', 29139), -- 334793
(340045, 52832, 0, 0, 8, 141905, 1, 0, 0, 0, '', 29139), -- 340045
(338988, 52446, 0, 0, 1, 141143, 1, 1, 0, 0, '', 29139), -- 338988
(336650, 51662, 0, 0, 1, 132127, 1, 1, 0, 0, '', 29139), -- 336650
(295359, 49809, 0, 1, 1, 122968, 1, 1, 0, 0, '', 29139), -- 295359
(295358, 49809, 0, 0, 0, 130912, 1, 1, 0, 0, '', 29139), -- 295358
(332913, 50511, 0, 0, 0, 126142, 1, 1, 0, 0, '', 29139), -- 332913
(340423, 52968, 0, 1, 1, 142255, 12, 0, 0, 0, 'Assembly forces slain', 29139), -- 340423
(340422, 52968, 1, 0, 0, 162649, 20, 0, 1, 0, '', 29139), -- 340422
(335978, 51491, 0, 0, 0, 130143, 1, 0, 0, 0, '', 29139), -- 335978
(334131, 50869, 0, 0, 0, 132244, 1, 0, 0, 0, '', 29139), -- 334131
(333544, 50689, 0, 1, 0, 134759, 4, 0, 0, 0, 'Goblin Prospector rescued', 29139), -- 333544
(333543, 50689, 0, 0, 3, 130735, 8, 0, 0, 0, '', 29139), -- 333543
(387507, 54531, 1, 0, 0, 166287, 15, 0, 1, 0, '', 29139), -- 387507
(334582, 51044, 1, 0, 0, 154164, 20, 0, 0, 0, '', 29139); -- 334582

DELETE FROM `quest_visual_effect` WHERE (`ID`=386940 AND `Index`=0) OR (`ID`=339943 AND `Index`=0) OR (`ID`=338950 AND `Index`=0) OR (`ID`=336546 AND `Index`=0) OR (`ID`=341810 AND `Index`=1) OR (`ID`=341810 AND `Index`=0) OR (`ID`=336570 AND `Index`=0) OR (`ID`=334376 AND `Index`=7) OR (`ID`=334376 AND `Index`=6) OR (`ID`=334376 AND `Index`=5) OR (`ID`=334376 AND `Index`=4) OR (`ID`=334376 AND `Index`=3) OR (`ID`=334376 AND `Index`=2) OR (`ID`=334376 AND `Index`=1) OR (`ID`=334376 AND `Index`=0) OR (`ID`=339734 AND `Index`=0) OR (`ID`=335104 AND `Index`=0) OR (`ID`=337300 AND `Index`=0) OR (`ID`=333063 AND `Index`=0) OR (`ID`=337078 AND `Index`=0) OR (`ID`=352912 AND `Index`=0) OR (`ID`=337532 AND `Index`=0) OR (`ID`=337531 AND `Index`=0) OR (`ID`=337491 AND `Index`=0) OR (`ID`=337490 AND `Index`=0) OR (`ID`=335998 AND `Index`=0) OR (`ID`=335997 AND `Index`=0) OR (`ID`=336462 AND `Index`=0) OR (`ID`=288300 AND `Index`=0) OR (`ID`=337769 AND `Index`=0) OR (`ID`=341840 AND `Index`=0) OR (`ID`=336566 AND `Index`=0) OR (`ID`=340045 AND `Index`=0) OR (`ID`=295359 AND `Index`=0) OR (`ID`=295358 AND `Index`=0);
INSERT INTO `quest_visual_effect` (`ID`, `Index`, `VisualEffect`, `VerifiedBuild`) VALUES
(386940, 0, 10939, 29139),
(339943, 0, 9980, 29139),
(338950, 0, 9845, 29139),
(336546, 0, 2099, 29139),
(341810, 1, 10448, 29139),
(341810, 0, 10447, 29139),
(336570, 0, 2099, 29139),
(334376, 7, 9187, 29139),
(334376, 6, 9186, 29139),
(334376, 5, 9185, 29139),
(334376, 4, 9184, 29139),
(334376, 3, 9183, 29139),
(334376, 2, 9182, 29139),
(334376, 1, 9181, 29139),
(334376, 0, 9180, 29139),
(339734, 0, 10312, 29139),
(335104, 0, 10350, 29139),
(337300, 0, 2101, 29139),
(333063, 0, 9964, 29139),
(337078, 0, 9610, 29139),
(352912, 0, 10549, 29139),
(337532, 0, 9652, 29139),
(337531, 0, 9653, 29139),
(337491, 0, 9654, 29139),
(337490, 0, 9655, 29139),
(335998, 0, 9406, 29139),
(335997, 0, 9406, 29139),
(336462, 0, 2101, 29139),
(288300, 0, 2101, 29139),
(337769, 0, 9697, 29139),
(341840, 0, 9825, 29139),
(336566, 0, 2099, 29139),
(340045, 0, 2101, 29139),
(295359, 0, 2101, 29139),
(295358, 0, 2101, 29139);

UPDATE `creature_template` SET `family`=11, `type_flags`=1, `VerifiedBuild`=29139 WHERE `entry`=126331; -- Thieving Snapper
UPDATE `creature_template` SET `HealthScalingExpansion`=7, `VerifiedBuild`=29139 WHERE `entry`=137234; -- Ancient Stone Golem
UPDATE `creature_template` SET `HealthScalingExpansion`=7, `VerifiedBuild`=29139 WHERE `entry`=137237; -- Ancient Stone Golem
UPDATE `creature_template` SET `HealthScalingExpansion`=3, `VerifiedBuild`=29139 WHERE `entry`=62167; -- General Purpose Bunny ZTO


DELETE FROM `gameobject_template` WHERE `entry` IN (316983 /*Rope*/, 316982 /*Rope*/, 316984 /*Rope*/, 316905 /*Shred-Master Mk1*/, 310516 /*Griddle*/, 289326 /*Portal to Silithus*/, 292522 /*Grand Challenger's Bounty*/);
INSERT INTO `gameobject_template` (`entry`, `type`, `displayId`, `name`, `IconName`, `castBarCaption`, `unk1`, `size`, `Data0`, `Data1`, `Data2`, `Data3`, `Data4`, `Data5`, `Data6`, `Data7`, `Data8`, `Data9`, `Data10`, `Data11`, `Data12`, `Data13`, `Data14`, `Data15`, `Data16`, `Data17`, `Data18`, `Data19`, `Data20`, `Data21`, `Data22`, `Data23`, `Data24`, `Data25`, `Data26`, `Data27`, `Data28`, `Data29`, `Data30`, `Data31`, `Data32`, `Data33`, `RequiredLevel`, `VerifiedBuild`) VALUES
(316983, 10, 49942, 'Rope', 'openhand', '', '', 2.2, 0, 0, 0, 0, 0, 0, 0, 0, 0, 0, 289729, 0, 0, 0, 0, 0, 0, 0, 1, 0, 1, 0, 0, 1, 0, 0, 0, 0, 0, 0, 0, 0, 0, 0, 0, 29139), -- Rope
(316982, 10, 49942, 'Rope', 'openhand', '', '', 2.2, 0, 0, 0, 0, 0, 0, 0, 0, 0, 0, 289726, 0, 0, 0, 0, 0, 0, 0, 1, 0, 1, 0, 0, 1, 0, 0, 0, 0, 0, 0, 0, 0, 0, 0, 0, 29139), -- Rope
(316984, 10, 49942, 'Rope', 'openhand', '', '', 2.2, 0, 0, 0, 0, 0, 0, 0, 0, 0, 0, 289732, 0, 0, 0, 0, 0, 0, 0, 1, 0, 1, 0, 0, 1, 0, 0, 0, 0, 0, 0, 0, 0, 0, 0, 0, 29139), -- Rope
(316905, 5, 10328, 'Shred-Master Mk1', '', '', '', 1, 0, 0, 0, 1, 0, 0, 0, 0, 0, 0, 0, 0, 0, 0, 0, 0, 0, 0, 0, 0, 0, 0, 0, 0, 0, 0, 0, 0, 0, 0, 0, 0, 0, 0, 0, 29139), -- Shred-Master Mk1
(310516, 8, 46988, 'Griddle', '', '', '', 1.1, 4, 10, 243896, 0, 0, 0, 0, 0, 0, 0, 0, 0, 0, 0, 0, 0, 0, 0, 0, 0, 0, 0, 0, 0, 0, 0, 0, 0, 0, 0, 0, 0, 0, 0, 0, 29139), -- Griddle
(289326, 22, 52186, 'Portal to Silithus', '', '', '', 1, 270192, 0, 0, 1, 0, 0, 0, 0, 0, 0, 0, 0, 0, 0, 0, 0, 0, 0, 0, 0, 0, 0, 0, 0, 0, 0, 0, 0, 0, 0, 0, 0, 0, 0, 0, 29139), -- Portal to Silithus
(292522, 51, 35757, 'Grand Challenger\'s Bounty', '', '', '', 1.2, 88499, 33135, 2194, 0, 0, 0, 0, 0, 0, 0, 0, 0, 0, 0, 0, 0, 0, 0, 0, 0, 0, 0, 0, 0, 0, 0, 0, 0, 0, 0, 0, 0, 0, 0, 120, 29139); -- Grand Challenger's Bounty

UPDATE `gameobject_template` SET `RequiredLevel`=110, `VerifiedBuild`=29139 WHERE `entry`=288596; -- Cache of Secrets
UPDATE `gameobject_template` SET `name`='0 Device', `VerifiedBuild`=29139 WHERE `entry`=293344; -- 0 Device

DELETE FROM `npc_text` WHERE `ID` IN (34669 /*34669*/, 34834 /*34834*/, 35867 /*35867*/, 33942 /*33942*/, 35621 /*35621*/, 35600 /*35600*/, 34568 /*34568*/, 35582 /*35582*/, 35579 /*35579*/, 35578 /*35578*/, 33525 /*33525*/);
INSERT INTO `npc_text` (`ID`, `Probability0`, `Probability1`, `Probability2`, `Probability3`, `Probability4`, `Probability5`, `Probability6`, `Probability7`, `BroadcastTextId0`, `BroadcastTextId1`, `BroadcastTextId2`, `BroadcastTextId3`, `BroadcastTextId4`, `BroadcastTextId5`, `BroadcastTextId6`, `BroadcastTextId7`, `VerifiedBuild`) VALUES
(34669, 1, 0, 0, 0, 0, 0, 0, 0, 152796, 0, 0, 0, 0, 0, 0, 0, 29139), -- 34669
(34834, 1, 0, 0, 0, 0, 0, 0, 0, 153995, 0, 0, 0, 0, 0, 0, 0, 29139), -- 34834
(35867, 1, 0, 0, 0, 0, 0, 0, 0, 160823, 0, 0, 0, 0, 0, 0, 0, 29139), -- 35867
(33942, 1, 0, 0, 0, 0, 0, 0, 0, 146915, 0, 0, 0, 0, 0, 0, 0, 29139), -- 33942
(35621, 1, 0, 0, 0, 0, 0, 0, 0, 159976, 0, 0, 0, 0, 0, 0, 0, 29139), -- 35621
(35600, 1, 0, 0, 0, 0, 0, 0, 0, 159885, 0, 0, 0, 0, 0, 0, 0, 29139), -- 35600
(34568, 1, 0, 0, 0, 0, 0, 0, 0, 152217, 0, 0, 0, 0, 0, 0, 0, 29139), -- 34568
(35582, 1, 0, 0, 0, 0, 0, 0, 0, 159743, 0, 0, 0, 0, 0, 0, 0, 29139), -- 35582
(35579, 1, 0, 0, 0, 0, 0, 0, 0, 159740, 0, 0, 0, 0, 0, 0, 0, 29139), -- 35579
(35578, 1, 0, 0, 0, 0, 0, 0, 0, 159734, 0, 0, 0, 0, 0, 0, 0, 29139), -- 35578
(33525, 1, 1, 1, 1, 1, 1, 1, 1, 143023, 143024, 143025, 143026, 143027, 143028, 143029, 143030, 29139); -- 33525

